branch_predictor.average_ROB_occupancy_at_mispredict,branch_predictor.branch_MPKI,branch_predictor.branch_prediction_accuracy,branch_predictor.mpki_BRANCH_CONDITIONAL,branch_predictor.mpki_BRANCH_DIRECT_CALL,branch_predictor.mpki_BRANCH_DIRECT_JUMP,branch_predictor.mpki_BRANCH_INDIRECT,branch_predictor.mpki_BRANCH_INDIRECT_CALL,branch_predictor.mpki_BRANCH_RETURN,caches.DTLB.cache_name,caches.DTLB.cache_type,caches.DTLB.from_me.LOAD.access,caches.DTLB.from_me.LOAD.access_proportion,caches.DTLB.from_me.LOAD.hit,caches.DTLB.from_me.LOAD.hit_rate,caches.DTLB.from_me.LOAD.miss,caches.DTLB.from_me.LOAD.miss_rate,caches.DTLB.from_me.LOAD.mpki,caches.DTLB.from_me.LOAD.mshr_merge,caches.DTLB.from_me.LOAD.mshr_rate,caches.DTLB.from_me.TOTAL.access,caches.DTLB.from_me.TOTAL.hit,caches.DTLB.from_me.TOTAL.hit_rate,caches.DTLB.from_me.TOTAL.miss,caches.DTLB.from_me.TOTAL.miss_rate,caches.DTLB.from_me.TOTAL.mpki,caches.DTLB.from_me.TOTAL.mshr_merge,caches.DTLB.from_me.TOTAL.mshr_rate,caches.DTLB.from_me.average_miss_latency,caches.DTLB.prefetches.accuracy,caches.DTLB.prefetches.coverage,caches.DTLB.prefetches.issued,caches.DTLB.prefetches.requested,caches.DTLB.prefetches.useful,caches.DTLB.prefetches.useless,caches.DTLB.read_hitrate,caches.DTLB.total_hit_reads,caches.DTLB.total_missed_reads,caches.ITLB.cache_name,caches.ITLB.cache_type,caches.ITLB.from_me.LOAD.access,caches.ITLB.from_me.LOAD.access_proportion,caches.ITLB.from_me.LOAD.hit,caches.ITLB.from_me.LOAD.hit_rate,caches.ITLB.from_me.LOAD.miss,caches.ITLB.from_me.LOAD.miss_rate,caches.ITLB.from_me.LOAD.mpki,caches.ITLB.from_me.LOAD.mshr_merge,caches.ITLB.from_me.LOAD.mshr_rate,caches.ITLB.from_me.TOTAL.access,caches.ITLB.from_me.TOTAL.hit,caches.ITLB.from_me.TOTAL.hit_rate,caches.ITLB.from_me.TOTAL.miss,caches.ITLB.from_me.TOTAL.miss_rate,caches.ITLB.from_me.TOTAL.mpki,caches.ITLB.from_me.TOTAL.mshr_merge,caches.ITLB.from_me.TOTAL.mshr_rate,caches.ITLB.from_me.average_miss_latency,caches.ITLB.prefetches.accuracy,caches.ITLB.prefetches.coverage,caches.ITLB.prefetches.issued,caches.ITLB.prefetches.requested,caches.ITLB.prefetches.useful,caches.ITLB.prefetches.useless,caches.ITLB.read_hitrate,caches.ITLB.total_hit_reads,caches.ITLB.total_missed_reads,caches.L1D.cache_name,caches.L1D.cache_type,caches.L1D.from_me.LOAD.access,caches.L1D.from_me.LOAD.access_proportion,caches.L1D.from_me.LOAD.hit,caches.L1D.from_me.LOAD.hit_rate,caches.L1D.from_me.LOAD.miss,caches.L1D.from_me.LOAD.miss_rate,caches.L1D.from_me.LOAD.mpki,caches.L1D.from_me.LOAD.mshr_merge,caches.L1D.from_me.LOAD.mshr_rate,caches.L1D.from_me.TOTAL.access,caches.L1D.from_me.TOTAL.hit,caches.L1D.from_me.TOTAL.hit_rate,caches.L1D.from_me.TOTAL.miss,caches.L1D.from_me.TOTAL.miss_rate,caches.L1D.from_me.TOTAL.mpki,caches.L1D.from_me.TOTAL.mshr_merge,caches.L1D.from_me.TOTAL.mshr_rate,caches.L1D.from_me.TRANSLATION.access,caches.L1D.from_me.TRANSLATION.access_proportion,caches.L1D.from_me.TRANSLATION.hit,caches.L1D.from_me.TRANSLATION.hit_rate,caches.L1D.from_me.TRANSLATION.miss,caches.L1D.from_me.TRANSLATION.miss_rate,caches.L1D.from_me.TRANSLATION.mpki,caches.L1D.from_me.TRANSLATION.mshr_merge,caches.L1D.from_me.TRANSLATION.mshr_rate,caches.L1D.from_me.WRITE.access,caches.L1D.from_me.WRITE.access_proportion,caches.L1D.from_me.WRITE.hit,caches.L1D.from_me.WRITE.hit_rate,caches.L1D.from_me.WRITE.miss,caches.L1D.from_me.WRITE.miss_rate,caches.L1D.from_me.WRITE.mpki,caches.L1D.from_me.WRITE.mshr_merge,caches.L1D.from_me.WRITE.mshr_rate,caches.L1D.from_me.average_miss_latency,caches.L1D.prefetches.accuracy,caches.L1D.prefetches.coverage,caches.L1D.prefetches.issued,caches.L1D.prefetches.requested,caches.L1D.prefetches.useful,caches.L1D.prefetches.useless,caches.L1D.read_hitrate,caches.L1D.total_hit_reads,caches.L1D.total_missed_reads,caches.L1I.cache_name,caches.L1I.cache_type,caches.L1I.from_me.LOAD.access,caches.L1I.from_me.LOAD.access_proportion,caches.L1I.from_me.LOAD.hit,caches.L1I.from_me.LOAD.hit_rate,caches.L1I.from_me.LOAD.miss,caches.L1I.from_me.LOAD.miss_rate,caches.L1I.from_me.LOAD.mpki,caches.L1I.from_me.LOAD.mshr_merge,caches.L1I.from_me.LOAD.mshr_rate,caches.L1I.from_me.TOTAL.access,caches.L1I.from_me.TOTAL.hit,caches.L1I.from_me.TOTAL.hit_rate,caches.L1I.from_me.TOTAL.miss,caches.L1I.from_me.TOTAL.miss_rate,caches.L1I.from_me.TOTAL.mpki,caches.L1I.from_me.TOTAL.mshr_merge,caches.L1I.from_me.TOTAL.mshr_rate,caches.L1I.from_me.average_miss_latency,caches.L1I.prefetches.accuracy,caches.L1I.prefetches.coverage,caches.L1I.prefetches.issued,caches.L1I.prefetches.requested,caches.L1I.prefetches.useful,caches.L1I.prefetches.useless,caches.L1I.read_hitrate,caches.L1I.total_hit_reads,caches.L1I.total_missed_reads,caches.L2C.cache_name,caches.L2C.cache_type,caches.L2C.from_me.LOAD.access,caches.L2C.from_me.LOAD.access_proportion,caches.L2C.from_me.LOAD.hit,caches.L2C.from_me.LOAD.hit_rate,caches.L2C.from_me.LOAD.miss,caches.L2C.from_me.LOAD.miss_rate,caches.L2C.from_me.LOAD.mpki,caches.L2C.from_me.LOAD.mshr_merge,caches.L2C.from_me.LOAD.mshr_rate,caches.L2C.from_me.RFO.access,caches.L2C.from_me.RFO.access_proportion,caches.L2C.from_me.RFO.hit,caches.L2C.from_me.RFO.hit_rate,caches.L2C.from_me.RFO.miss,caches.L2C.from_me.RFO.miss_rate,caches.L2C.from_me.RFO.mpki,caches.L2C.from_me.RFO.mshr_merge,caches.L2C.from_me.RFO.mshr_rate,caches.L2C.from_me.TOTAL.access,caches.L2C.from_me.TOTAL.hit,caches.L2C.from_me.TOTAL.hit_rate,caches.L2C.from_me.TOTAL.miss,caches.L2C.from_me.TOTAL.miss_rate,caches.L2C.from_me.TOTAL.mpki,caches.L2C.from_me.TOTAL.mshr_merge,caches.L2C.from_me.TOTAL.mshr_rate,caches.L2C.from_me.TRANSLATION.access,caches.L2C.from_me.TRANSLATION.access_proportion,caches.L2C.from_me.TRANSLATION.hit,caches.L2C.from_me.TRANSLATION.hit_rate,caches.L2C.from_me.TRANSLATION.miss,caches.L2C.from_me.TRANSLATION.miss_rate,caches.L2C.from_me.TRANSLATION.mpki,caches.L2C.from_me.TRANSLATION.mshr_merge,caches.L2C.from_me.TRANSLATION.mshr_rate,caches.L2C.from_me.WRITE.access,caches.L2C.from_me.WRITE.access_proportion,caches.L2C.from_me.WRITE.hit,caches.L2C.from_me.WRITE.hit_rate,caches.L2C.from_me.WRITE.miss,caches.L2C.from_me.WRITE.miss_rate,caches.L2C.from_me.WRITE.mpki,caches.L2C.from_me.WRITE.mshr_merge,caches.L2C.from_me.WRITE.mshr_rate,caches.L2C.from_me.average_miss_latency,caches.L2C.prefetches.accuracy,caches.L2C.prefetches.coverage,caches.L2C.prefetches.issued,caches.L2C.prefetches.requested,caches.L2C.prefetches.useful,caches.L2C.prefetches.useless,caches.L2C.read_hitrate,caches.L2C.total_hit_reads,caches.L2C.total_missed_reads,caches.LLC.cache_name,caches.LLC.cache_type,caches.LLC.from_me.LOAD.access,caches.LLC.from_me.LOAD.access_proportion,caches.LLC.from_me.LOAD.hit,caches.LLC.from_me.LOAD.hit_rate,caches.LLC.from_me.LOAD.miss,caches.LLC.from_me.LOAD.miss_rate,caches.LLC.from_me.LOAD.mpki,caches.LLC.from_me.LOAD.mshr_merge,caches.LLC.from_me.LOAD.mshr_rate,caches.LLC.from_me.RFO.access,caches.LLC.from_me.RFO.access_proportion,caches.LLC.from_me.RFO.hit,caches.LLC.from_me.RFO.hit_rate,caches.LLC.from_me.RFO.miss,caches.LLC.from_me.RFO.miss_rate,caches.LLC.from_me.RFO.mpki,caches.LLC.from_me.RFO.mshr_merge,caches.LLC.from_me.RFO.mshr_rate,caches.LLC.from_me.TOTAL.access,caches.LLC.from_me.TOTAL.hit,caches.LLC.from_me.TOTAL.hit_rate,caches.LLC.from_me.TOTAL.miss,caches.LLC.from_me.TOTAL.miss_rate,caches.LLC.from_me.TOTAL.mpki,caches.LLC.from_me.TOTAL.mshr_merge,caches.LLC.from_me.TOTAL.mshr_rate,caches.LLC.from_me.TRANSLATION.access,caches.LLC.from_me.TRANSLATION.access_proportion,caches.LLC.from_me.TRANSLATION.hit,caches.LLC.from_me.TRANSLATION.hit_rate,caches.LLC.from_me.TRANSLATION.miss,caches.LLC.from_me.TRANSLATION.miss_rate,caches.LLC.from_me.TRANSLATION.mpki,caches.LLC.from_me.TRANSLATION.mshr_merge,caches.LLC.from_me.TRANSLATION.mshr_rate,caches.LLC.from_me.WRITE.access,caches.LLC.from_me.WRITE.access_proportion,caches.LLC.from_me.WRITE.hit,caches.LLC.from_me.WRITE.hit_rate,caches.LLC.from_me.WRITE.miss,caches.LLC.from_me.WRITE.miss_rate,caches.LLC.from_me.WRITE.mpki,caches.LLC.from_me.WRITE.mshr_merge,caches.LLC.from_me.WRITE.mshr_rate,caches.LLC.from_me.average_miss_latency,caches.LLC.prefetches.accuracy,caches.LLC.prefetches.coverage,caches.LLC.prefetches.issued,caches.LLC.prefetches.requested,caches.LLC.prefetches.useful,caches.LLC.prefetches.useless,caches.LLC.read_hitrate,caches.LLC.total_hit_reads,caches.LLC.total_missed_reads,caches.STLB.cache_name,caches.STLB.cache_type,caches.STLB.from_me.LOAD.access,caches.STLB.from_me.LOAD.access_proportion,caches.STLB.from_me.LOAD.hit,caches.STLB.from_me.LOAD.hit_rate,caches.STLB.from_me.LOAD.miss,caches.STLB.from_me.LOAD.miss_rate,caches.STLB.from_me.LOAD.mpki,caches.STLB.from_me.LOAD.mshr_merge,caches.STLB.from_me.LOAD.mshr_rate,caches.STLB.from_me.TOTAL.access,caches.STLB.from_me.TOTAL.hit,caches.STLB.from_me.TOTAL.hit_rate,caches.STLB.from_me.TOTAL.miss,caches.STLB.from_me.TOTAL.miss_rate,caches.STLB.from_me.TOTAL.mpki,caches.STLB.from_me.TOTAL.mshr_merge,caches.STLB.from_me.TOTAL.mshr_rate,caches.STLB.from_me.average_miss_latency,caches.STLB.prefetches.accuracy,caches.STLB.prefetches.coverage,caches.STLB.prefetches.issued,caches.STLB.prefetches.requested,caches.STLB.prefetches.useful,caches.STLB.prefetches.useless,caches.STLB.read_hitrate,caches.STLB.total_hit_reads,caches.STLB.total_missed_reads,core_global,core_local,cumulative_IPC,cycles,instructions,metadata.champsim_config.core_config.base_diff,metadata.champsim_config.core_config.component,metadata.champsim_config.core_config.ncores,metadata.champsim_config.core_config.raw,metadata.champsim_config.core_config.version,metadata.champsim_config.l1d_config.base_diff,metadata.champsim_config.l1d_config.component,metadata.champsim_config.l1d_config.ncores,metadata.champsim_config.l1d_config.raw,metadata.champsim_config.l1d_config.version,metadata.champsim_config.l1i_config.base_diff,metadata.champsim_config.l1i_config.component,metadata.champsim_config.l1i_config.ncores,metadata.champsim_config.l1i_config.raw,metadata.champsim_config.l1i_config.version,metadata.champsim_config.l2c_config.base_diff,metadata.champsim_config.l2c_config.component,metadata.champsim_config.l2c_config.ncores,metadata.champsim_config.l2c_config.raw,metadata.champsim_config.l2c_config.version,metadata.champsim_config.llc_config.base_diff,metadata.champsim_config.llc_config.component,metadata.champsim_config.llc_config.ncores,metadata.champsim_config.llc_config.raw,metadata.champsim_config.llc_config.version,metadata.champsim_config.mem_config.base_diff,metadata.champsim_config.mem_config.component,metadata.champsim_config.mem_config.ncores,metadata.champsim_config.mem_config.raw,metadata.champsim_config.mem_config.version,metadata.champsim_config.tlb_config.base_diff,metadata.champsim_config.tlb_config.component,metadata.champsim_config.tlb_config.ncores,metadata.champsim_config.tlb_config.raw,metadata.champsim_config.tlb_config.version,metadata.core_offset,metadata.cores_per_run,metadata.filename_raw_no_commas,metadata.run_num,metadata.suite,metadata.workload,trace_info.avg_thread_len,trace_info.avg_thread_len_ideal,trace_info.conversion_log,trace_info.converted_instructions,trace_info.converted_instructions_ideal,trace_info.ctx_switches,trace_info.ctx_switches_ideal,trace_info.file,trace_info.med_thread_len,trace_info.med_thread_len_ideal,trace_info.was_converted,
108.9,4.033,0.9783,2.424,0.1565,0.2269,0.5961,0.4472,0.182,cpu0_DTLB,DTLB,24798075,1.0,24681490,0.9953,116585,0.0047,1.1658,48973,0.002,24798075,24681490,0.9953,116585,0.0047,1.1658,48973,0.002,46.1,None,0.0,0,0,0,0,0.9953,24681490,116585,cpu0_ITLB,ITLB,9541501,1.0,9541497,1.0,4,0.0,0.0,0,0.0,9541501,9541497,1.0,4,0.0,0.0,0,0.0,802.0,None,0.0,0,0,0,0,1.0,9541497,4,cpu0_L1D,L1D,15483888,0.5838,14562758,0.9405,921130,0.0595,9.2113,396153,0.0256,26524780,23690080,0.8931,2834700,0.1069,28.347,1901604,0.0717,7131,0.0003,53,0.0074,7078,0.9926,0.0708,1,0.0001,11033761,0.416,9127269,0.8272,1906492,0.1728,19.0649,1505450,0.1364,305.0,None,0.0,0,0,0,0,0.9405,14562758,921130,cpu0_L1I,L1I,11361299,1.0,10294044,0.9061,1067255,0.0939,10.6725,457678,0.0403,11361299,10294044,0.9061,1067255,0.0939,10.6725,457678,0.0403,59.11,None,0.0,0,0,0,0,0.9061,10294044,1067255,cpu0_L2C,L2C,1134553,0.5605,845113,0.7449,289440,0.2551,2.8944,0,0.0,401037,0.1981,22231,0.0554,378806,0.9446,3.7881,0,0.0,2024249,1291990,0.6383,732259,0.3617,7.3226,0,0.0,7077,0.0035,1203,0.17,5874,0.83,0.0587,0,0.0,481582,0.2379,423443,0.8793,58139,0.1207,0.5814,0,0.0,421.0,None,0.0,0,0,0,0,0.5648,867344,668246,LLC,LLC,289440,0.2639,10553,0.0365,278887,0.9635,2.7889,0,0.0,378806,0.3454,2298,0.0061,376508,0.9939,3.7651,0,0.0,1096733,24603,0.0224,1072130,0.9776,10.7213,0,0.0,5874,0.0054,43,0.0073,5831,0.9927,0.0583,0,0.0,422613,0.3853,11709,0.0277,410904,0.9723,4.109,0,0.0,280.7,None,0.0,0,0,0,0,0.0192,12851,655395,cpu0_STLB,STLB,67616,1.0,64053,0.9473,3563,0.0527,0.0356,0,0.0,67616,64053,0.9473,3563,0.0527,0.0356,0,0.0,779.9,None,0.0,0,0,0,0,0.9473,64053,3563,19,0,0.7715,129615544,100000001,,core,1,core.1.v1.,v1,,l1d,n,l1d.n.v1.,v1,,l1i,n,l1i.n.v1.,v1,,l2c,n,l2c.n.v1.,v1,,llc,1,llc.1.v1.,v1,,memory,1,memory.1.v2.,v2,,tlbs,n,tlbs.n.v1.,v1,19,1,charlie_019_1_019.raw,19,myscript_google,charlie,0.0,0.0,/mnt/storage/traces/gtrace_v2_champsim_myscript/charlie/charlie.log,100000000,100000000,1,1,/mnt/storage/traces/gtrace_v2_champsim_myscript/charlie/charlie_0019.champsim.gz,0,0,True,
64.88,7.252,0.9619,3.862,1.07,0.6869,0.3972,0.3368,0.8988,cpu0_DTLB,DTLB,26369155,1.0,25651412,0.9728,717743,0.0272,7.1774,327706,0.0124,26369155,25651412,0.9728,717743,0.0272,7.1774,327706,0.0124,14.6,None,0.0,0,0,0,0,0.9728,25651412,717743,cpu0_ITLB,ITLB,11482551,1.0,11480680,0.9998,1871,0.0002,0.0187,1287,0.0001,11482551,11480680,0.9998,1871,0.0002,0.0187,1287,0.0001,27.5,None,0.0,0,0,0,0,0.9998,11480680,1871,cpu0_L1D,L1D,14941542,0.5316,13378436,0.8954,1563106,0.1046,15.6311,465171,0.0311,28108360,24933435,0.887,3174925,0.113,31.7492,1692163,0.0602,11573,0.0004,98,0.0085,11475,0.9915,0.1147,81,0.007,13155245,0.468,11554901,0.8783,1600344,0.1217,16.0034,1226911,0.0933,168.1,None,0.0,0,0,0,0,0.8954,13378436,1563106,cpu0_L1I,L1I,13498014,1.0,9984491,0.7397,3513523,0.2603,35.1352,1368930,0.1014,13498014,9984491,0.7397,3513523,0.2603,35.1352,1368930,0.1014,29.68,None,0.0,0,0,0,0,0.7397,9984491,3513523,cpu0_L2C,L2C,3242512,0.7684,2712920,0.8367,529592,0.1633,5.2959,0,0.0,373407,0.0885,96607,0.2587,276800,0.7413,2.768,0,0.0,4219566,3309863,0.7844,909703,0.2156,9.097,0,0.0,11394,0.0027,1903,0.167,9491,0.833,0.0949,0,0.0,592253,0.1404,498433,0.8416,93820,0.1584,0.9382,0,0.0,313.5,None,0.0,0,0,0,0,0.777,2809527,806392,LLC,LLC,529592,0.4383,49372,0.0932,480220,0.9068,4.8022,0,0.0,276799,0.2291,12582,0.0455,264217,0.9545,2.6422,0,0.0,1208246,123349,0.1021,1084897,0.8979,10.849,0,0.0,9491,0.0079,373,0.0393,9118,0.9607,0.0912,0,0.0,392364,0.3247,61022,0.1555,331342,0.8445,3.3134,0,0.0,253.3,None,0.0,0,0,0,0,0.0768,61954,744437,cpu0_STLB,STLB,390621,1.0,385299,0.9864,5322,0.0136,0.0532,0,0.0,390621,385299,0.9864,5322,0.0136,0.0532,0,0.0,705.1,None,0.0,0,0,0,0,0.9864,385299,5322,15,0,0.6087,164291676,100000002,,core,1,core.1.v1.,v1,,l1d,n,l1d.n.v1.,v1,,l1i,n,l1i.n.v1.,v1,,l2c,n,l2c.n.v1.,v1,,llc,1,llc.1.v1.,v1,,memory,1,memory.1.v2.,v2,,tlbs,n,tlbs.n.v1.,v1,15,1,tango_015_1_015.raw,15,myscript_google,tango,0.0,0.0,/mnt/storage/traces/gtrace_v2_champsim_myscript/tango/tango.log,100000000,100000000,1,1,/mnt/storage/traces/gtrace_v2_champsim_myscript/tango/tango_0015.champsim.gz,0,0,True,
45.32,9.008,0.9496,6.282,0.7049,0.8793,0.3074,0.3113,0.5228,cpu0_DTLB,DTLB,23016287,1.0,22546356,0.9796,469931,0.0204,4.6993,197478,0.0086,23016287,22546356,0.9796,469931,0.0204,4.6993,197478,0.0086,24.85,None,0.0,0,0,0,0,0.9796,22546356,469931,cpu0_ITLB,ITLB,9443678,1.0,9443660,1.0,18,0.0,0.0002,12,0.0,9443678,9443660,1.0,18,0.0,0.0002,12,0.0,866.2,None,0.0,0,0,0,0,1.0,9443660,18,cpu0_L1D,L1D,15457243,0.6383,13841588,0.8955,1615655,0.1045,16.1565,487438,0.0315,24217269,21344798,0.8814,2872471,0.1186,28.7247,1405111,0.058,16571,0.0007,107,0.0065,16464,0.9935,0.1646,27,0.0016,8743455,0.361,7503103,0.8581,1240352,0.1419,12.4035,917646,0.105,197.5,None,0.0,0,0,0,0,0.8955,13841588,1615655,cpu0_L1I,L1I,11571262,1.0,9528488,0.8235,2042774,0.1765,20.4277,813854,0.0703,11571262,9528488,0.8235,2042774,0.1765,20.4277,813854,0.0703,109.4,None,0.0,0,0,0,0,0.8235,9528488,2042774,cpu0_L2C,L2C,2357131,0.7439,1431729,0.6074,925402,0.3926,9.254,0,0.0,322690,0.1018,92573,0.2869,230117,0.7131,2.3012,0,0.0,3168449,1913432,0.6039,1255017,0.3961,12.5502,0,0.0,16437,0.0052,2619,0.1593,13818,0.8407,0.1382,0,0.0,472191,0.149,386511,0.8185,85680,0.1815,0.8568,0,0.0,321.1,None,0.0,0,0,0,0,0.5688,1524302,1155519,LLC,LLC,925402,0.6321,88520,0.0957,836882,0.9043,8.3688,0,0.0,230117,0.1572,6871,0.0299,223246,0.9701,2.2325,0,0.0,1464016,134730,0.092,1329286,0.908,13.2929,0,0.0,13818,0.0094,375,0.0271,13443,0.9729,0.1344,0,0.0,294679,0.2013,38964,0.1322,255715,0.8678,2.5572,0,0.0,290.6,None,0.0,0,0,0,0,0.0826,95391,1060128,cpu0_STLB,STLB,272459,1.0,265000,0.9726,7459,0.0274,0.0746,0,0.0,272459,265000,0.9726,7459,0.0274,0.0746,0,0.0,724.7,None,0.0,0,0,0,0,0.9726,265000,7459,85,0,0.4653,214936525,100000000,,core,1,core.1.v1.,v1,,l1d,n,l1d.n.v1.,v1,,l1i,n,l1i.n.v1.,v1,,l2c,n,l2c.n.v1.,v1,,llc,1,llc.1.v1.,v1,,memory,1,memory.1.v2.,v2,,tlbs,n,tlbs.n.v1.,v1,85,1,merced_085_1_085.raw,85,myscript_google,merced,0.0,0.0,/mnt/storage/traces/gtrace_v2_champsim_myscript/merced/merced.log,None,None,1,1,/mnt/storage/traces/gtrace_v2_champsim_myscript/merced/merced_0085.champsim.gz,0,0,True,
48.16,8.918,0.9531,4.946,1.114,0.8715,0.4151,0.5321,1.039,cpu0_DTLB,DTLB,27284369,1.0,26722156,0.9794,562213,0.0206,5.6221,237796,0.0087,27284369,26722156,0.9794,562213,0.0206,5.6221,237796,0.0087,15.65,None,0.0,0,0,0,0,0.9794,26722156,562213,cpu0_ITLB,ITLB,9883618,1.0,9883374,1.0,244,0.0,0.0024,44,0.0,9883618,9883374,1.0,244,0.0,0.0024,44,0.0,235.2,None,0.0,0,0,0,0,1.0,9883374,244,cpu0_L1D,L1D,17158681,0.5866,15551298,0.9063,1607383,0.0937,16.0738,478112,0.0279,29250620,26403512,0.9027,2847108,0.0973,28.4711,1380198,0.0472,9611,0.0003,78,0.0081,9533,0.9919,0.0953,11,0.0011,12082328,0.4131,10852136,0.8982,1230192,0.1018,12.3019,902075,0.0747,193.7,None,0.0,0,0,0,0,0.9063,15551298,1607383,cpu0_L1I,L1I,11835052,1.0,9228849,0.7798,2606203,0.2202,26.062,930728,0.0786,11835052,9228849,0.7798,2606203,0.2202,26.062,930728,0.0786,80.56,None,0.0,0,0,0,0,0.7798,9228849,2606203,cpu0_L2C,L2C,2804730,0.7705,1845885,0.6581,958845,0.3419,9.5884,0,0.0,328101,0.0901,79521,0.2424,248580,0.7576,2.4858,0,0.0,3640254,2329678,0.64,1310576,0.36,13.1058,0,0.0,9522,0.0026,1678,0.1762,7844,0.8238,0.0784,0,0.0,497901,0.1368,402594,0.8086,95307,0.1914,0.9531,0,0.0,301.1,None,0.0,0,0,0,0,0.6146,1925406,1207425,LLC,LLC,958845,0.6206,82076,0.0856,876769,0.9144,8.7677,0,0.0,248580,0.1609,9892,0.0398,238688,0.9602,2.3869,0,0.0,1544924,140220,0.0908,1404704,0.9092,14.047,0,0.0,7844,0.0051,103,0.0131,7741,0.9869,0.0774,0,0.0,329655,0.2134,48149,0.1461,281506,0.8539,2.8151,0,0.0,268.7,None,0.0,0,0,0,0,0.0762,91968,1115457,cpu0_STLB,STLB,324617,1.0,320329,0.9868,4288,0.0132,0.0429,0,0.0,324617,320329,0.9868,4288,0.0132,0.0429,0,0.0,815.3,None,0.0,0,0,0,0,0.9868,320329,4288,28,0,0.4522,221143994,100000003,,core,1,core.1.v1.,v1,,l1d,n,l1d.n.v1.,v1,,l1i,n,l1i.n.v1.,v1,,l2c,n,l2c.n.v1.,v1,,llc,1,llc.1.v1.,v1,,memory,1,memory.1.v2.,v2,,tlbs,n,tlbs.n.v1.,v1,28,1,tahoe_028_1_028.raw,28,myscript_google,tahoe,0.0,0.0,/mnt/storage/traces/gtrace_v2_champsim_myscript/tahoe/tahoe.log,100000000,100000000,1,1,/mnt/storage/traces/gtrace_v2_champsim_myscript/tahoe/tahoe_0028.champsim.gz,0,0,True,
97.03,4.517,0.976,2.65,0.1343,0.2913,0.7551,0.5278,0.1586,cpu0_DTLB,DTLB,24362614,1.0,24247984,0.9953,114630,0.0047,1.1463,54785,0.0022,24362614,24247984,0.9953,114630,0.0047,1.1463,54785,0.0022,55.7,None,0.0,0,0,0,0,0.9953,24247984,114630,cpu0_ITLB,ITLB,9586770,1.0,9586756,1.0,14,0.0,0.0001,5,0.0,9586770,9586756,1.0,14,0.0,0.0001,5,0.0,891.8,None,0.0,0,0,0,0,1.0,9586756,14,cpu0_L1D,L1D,15490154,0.5962,14427165,0.9314,1062989,0.0686,10.6299,433331,0.028,25980956,23156950,0.8913,2824006,0.1087,28.2401,1765089,0.0679,7737,0.0003,40,0.0052,7697,0.9948,0.077,2,0.0003,10483065,0.4035,8729745,0.8327,1753320,0.1673,17.5332,1331756,0.127,382.3,None,0.0,0,0,0,0,0.9314,14427165,1062989,cpu0_L1I,L1I,11313476,1.0,10493345,0.9275,820131,0.0725,8.2013,341000,0.0301,11313476,10493345,0.9275,820131,0.0725,8.2013,341000,0.0301,88.76,None,0.0,0,0,0,0,0.9275,10493345,820131,cpu0_L2C,L2C,1108785,0.543,717342,0.647,391443,0.353,3.9144,0,0.0,421558,0.2064,19600,0.0465,401958,0.9535,4.0196,0,0.0,2042101,1171668,0.5738,870433,0.4262,8.7043,0,0.0,7695,0.0038,1355,0.1761,6340,0.8239,0.0634,0,0.0,504063,0.2468,433371,0.8598,70692,0.1402,0.7069,0,0.0,499.6,None,0.0,0,0,0,0,0.4816,736942,793401,LLC,LLC,391443,0.3137,33031,0.0844,358412,0.9156,3.5841,0,0.0,401958,0.3221,1758,0.0044,400200,0.9956,4.002,0,0.0,1247946,51964,0.0416,1195982,0.9584,11.9598,0,0.0,6340,0.0051,72,0.0114,6268,0.9886,0.0627,0,0.0,448205,0.3592,17103,0.0382,431102,0.9618,4.311,0,0.0,356.0,None,0.0,0,0,0,0,0.0438,34789,758612,cpu0_STLB,STLB,59854,1.0,55993,0.9355,3861,0.0645,0.0386,0,0.0,59854,55993,0.9355,3861,0.0645,0.0386,0,0.0,786.9,None,0.0,0,0,0,0,0.9355,55993,3861,9,0,0.7188,139124642,100000004,,core,1,core.1.v1.,v1,,l1d,n,l1d.n.v1.,v1,,l1i,n,l1i.n.v1.,v1,,l2c,n,l2c.n.v1.,v1,,llc,1,llc.1.v1.,v1,,memory,1,memory.1.v2.,v2,,tlbs,n,tlbs.n.v1.,v1,9,1,charlie_009_1_009.raw,9,myscript_google,charlie,0.0,0.0,/mnt/storage/traces/gtrace_v2_champsim_myscript/charlie/charlie.log,100000000,100000000,1,1,/mnt/storage/traces/gtrace_v2_champsim_myscript/charlie/charlie_0009.champsim.gz,0,0,True,
93.16,4.649,0.975,3.21,0.1354,0.3424,0.3578,0.0641,0.5393,cpu0_DTLB,DTLB,23300965,1.0,23076813,0.9904,224152,0.0096,2.2415,109952,0.0047,23300965,23076813,0.9904,224152,0.0096,2.2415,109952,0.0047,15.71,None,0.0,0,0,0,0,0.9904,23076813,224152,cpu0_ITLB,ITLB,7981570,1.0,7981563,1.0,7,0.0,0.0001,1,0.0,7981570,7981563,1.0,7,0.0,0.0001,1,0.0,954.3,None,0.0,0,0,0,0,1.0,7981563,7,cpu0_L1D,L1D,13890003,0.5645,11307407,0.8141,2582596,0.1859,25.826,1265837,0.0911,24606109,19648620,0.7985,4957489,0.2015,49.5749,3350216,0.1362,4065,0.0002,30,0.0074,4035,0.9926,0.0403,2,0.0005,10712041,0.4353,8341183,0.7787,2370858,0.2213,23.7086,2084377,0.1946,245.9,None,0.0,0,0,0,0,0.8141,11307407,2582596,cpu0_L1I,L1I,9198029,1.0,8374736,0.9105,823293,0.0895,8.2329,341927,0.0372,9198029,8374736,0.9105,823293,0.0895,8.2329,341927,0.0372,82.51,None,0.0,0,0,0,0,0.9105,8374736,823293,cpu0_L2C,L2C,1798125,0.6621,691698,0.3847,1106427,0.6153,11.0643,0,0.0,286475,0.1055,47561,0.166,238914,0.834,2.3891,0,0.0,2715822,1270585,0.4678,1445237,0.5322,14.4524,0,0.0,4033,0.0015,563,0.1396,3470,0.8604,0.0347,0,0.0,627189,0.2309,530763,0.8463,96426,0.1537,0.9643,0,0.0,289.0,None,0.0,0,0,0,0,0.3546,739259,1345341,LLC,LLC,1106427,0.589,153968,0.1392,952459,0.8608,9.5246,0,0.0,238914,0.1272,5548,0.0232,233366,0.9768,2.3337,0,0.0,1878419,180730,0.0962,1697689,0.9038,16.9769,0,0.0,3470,0.0018,20,0.0058,3450,0.9942,0.0345,0,0.0,529608,0.2819,21194,0.04,508414,0.96,5.0841,0,0.0,235.8,None,0.0,0,0,0,0,0.1186,159516,1185825,cpu0_STLB,STLB,114206,1.0,112300,0.9833,1906,0.0167,0.0191,0,0.0,114206,112300,0.9833,1906,0.0167,0.0191,0,0.0,643.6,None,0.0,0,0,0,0,0.9833,112300,1906,81,0,0.3852,259609559,100000000,,core,1,core.1.v1.,v1,,l1d,n,l1d.n.v1.,v1,,l1i,n,l1i.n.v1.,v1,,l2c,n,l2c.n.v1.,v1,,llc,1,llc.1.v1.,v1,,memory,1,memory.1.v2.,v2,,tlbs,n,tlbs.n.v1.,v1,81,1,merced_081_1_081.raw,81,myscript_google,merced,0.0,0.0,/mnt/storage/traces/gtrace_v2_champsim_myscript/merced/merced.log,None,None,1,1,/mnt/storage/traces/gtrace_v2_champsim_myscript/merced/merced_0081.champsim.gz,0,0,True,
86.51,4.436,0.9739,2.635,0.3331,0.2775,0.4922,0.111,0.5874,cpu0_DTLB,DTLB,27470703,1.0,27031732,0.984,438971,0.016,4.3897,211661,0.0077,27470703,27031732,0.984,438971,0.016,4.3897,211661,0.0077,9.902,None,0.0,0,0,0,0,0.984,27031732,438971,cpu0_ITLB,ITLB,10724275,1.0,10723837,1.0,438,0.0,0.0044,298,0.0,10724275,10723837,1.0,438,0.0,0.0044,298,0.0,42.69,None,0.0,0,0,0,0,1.0,10723837,438,cpu0_L1D,L1D,13940178,0.4677,12500323,0.8967,1439855,0.1033,14.3985,575766,0.0413,29808917,25636408,0.86,4172509,0.14,41.7251,2821867,0.0947,3846,0.0001,63,0.0164,3783,0.9836,0.0378,41,0.0107,15864893,0.5322,13136022,0.828,2728871,0.172,27.2887,2246060,0.1416,280.0,None,0.0,0,0,0,0,0.8967,12500323,1439855,cpu0_L1I,L1I,12779633,1.0,11651131,0.9117,1128502,0.0883,11.285,433304,0.0339,12779633,11651131,0.9117,1128502,0.0883,11.285,433304,0.0339,103.7,None,0.0,0,0,0,0,0.9117,11651131,1128502,cpu0_L2C,L2C,1559279,0.5724,890515,0.5711,668764,0.4289,6.6876,0,0.0,482796,0.1772,64578,0.1338,418218,0.8662,4.1822,0,0.0,2723930,1484907,0.5451,1239023,0.4549,12.3902,0,0.0,3742,0.0014,717,0.1916,3025,0.8084,0.0302,0,0.0,678113,0.2489,529097,0.7802,149016,0.2198,1.4902,0,0.0,350.3,None,0.0,0,0,0,0,0.4677,955093,1086982,LLC,LLC,668763,0.408,65003,0.0972,603760,0.9028,6.0376,0,0.0,418218,0.2552,10970,0.0262,407248,0.9738,4.0725,0,0.0,1639055,117157,0.0715,1521898,0.9285,15.219,0,0.0,3025,0.0018,13,0.0043,3012,0.9957,0.0301,0,0.0,549049,0.335,41171,0.075,507878,0.925,5.0788,0,0.0,276.4,None,0.0,0,0,0,0,0.0699,75973,1011008,cpu0_STLB,STLB,227450,1.0,225657,0.9921,1793,0.0079,0.0179,0,0.0,227450,225657,0.9921,1793,0.0079,0.0179,0,0.0,623.4,None,0.0,0,0,0,0,0.9921,225657,1793,27,0,0.5406,184969216,100000004,,core,1,core.1.v1.,v1,,l1d,n,l1d.n.v1.,v1,,l1i,n,l1i.n.v1.,v1,,l2c,n,l2c.n.v1.,v1,,llc,1,llc.1.v1.,v1,,memory,1,memory.1.v2.,v2,,tlbs,n,tlbs.n.v1.,v1,27,1,tango_027_1_027.raw,27,myscript_google,tango,0.0,0.0,/mnt/storage/traces/gtrace_v2_champsim_myscript/tango/tango.log,100000000,100000000,1,1,/mnt/storage/traces/gtrace_v2_champsim_myscript/tango/tango_0027.champsim.gz,0,0,True,
45.86,9.703,0.9473,6.876,0.7538,0.9646,0.2883,0.3022,0.5188,cpu0_DTLB,DTLB,25586052,1.0,25088498,0.9806,497554,0.0194,4.9755,207003,0.0081,25586052,25088498,0.9806,497554,0.0194,4.9755,207003,0.0081,21.69,None,0.0,0,0,0,0,0.9806,25088498,497554,cpu0_ITLB,ITLB,8663246,1.0,8663220,1.0,26,0.0,0.0003,9,0.0,8663246,8663220,1.0,26,0.0,0.0003,9,0.0,929.2,None,0.0,0,0,0,0,1.0,8663220,26,cpu0_L1D,L1D,17259702,0.6417,15026213,0.8706,2233489,0.1294,22.3349,741251,0.0429,26896806,23409682,0.8704,3487124,0.1296,34.8712,1654555,0.0615,13724,0.0005,64,0.0047,13660,0.9953,0.1366,5,0.0004,9623380,0.3578,8383405,0.8711,1239975,0.1289,12.3997,913299,0.0949,138.5,None,0.0,0,0,0,0,0.8706,15026213,2233489,cpu0_L1I,L1I,10500852,1.0,8440359,0.8038,2060493,0.1962,20.6049,824287,0.0785,10500852,8440359,0.8038,2060493,0.1962,20.6049,824287,0.0785,109.5,None,0.0,0,0,0,0,0.8038,8440359,2060493,cpu0_L2C,L2C,2728427,0.7682,1867239,0.6844,861188,0.3156,8.6119,0,0.0,326622,0.092,104552,0.3201,222070,0.6799,2.2207,0,0.0,3551565,2378161,0.6696,1173404,0.3304,11.734,0,0.0,13654,0.0038,2748,0.2013,10906,0.7987,0.1091,0,0.0,482862,0.136,403622,0.8359,79240,0.1641,0.7924,0,0.0,311.1,None,0.0,0,0,0,0,0.6454,1971791,1083258,LLC,LLC,861191,0.6256,52855,0.0614,808336,0.9386,8.0834,0,0.0,222070,0.1613,8073,0.0364,213997,0.9636,2.14,0,0.0,1376566,100761,0.0732,1275805,0.9268,12.758,0,0.0,10906,0.0079,189,0.0173,10717,0.9827,0.1072,0,0.0,282399,0.2051,39644,0.1404,242755,0.8596,2.4275,0,0.0,273.9,None,0.0,0,0,0,0,0.0562,60928,1022333,cpu0_STLB,STLB,290568,1.0,284459,0.979,6109,0.021,0.0611,0,0.0,290568,284459,0.979,6109,0.021,0.0611,0,0.0,795.2,None,0.0,0,0,0,0,0.979,284459,6109,63,0,0.4743,210824640,100000001,,core,1,core.1.v1.,v1,,l1d,n,l1d.n.v1.,v1,,l1i,n,l1i.n.v1.,v1,,l2c,n,l2c.n.v1.,v1,,llc,1,llc.1.v1.,v1,,memory,1,memory.1.v2.,v2,,tlbs,n,tlbs.n.v1.,v1,63,1,merced_063_1_063.raw,63,myscript_google,merced,0.0,0.0,/mnt/storage/traces/gtrace_v2_champsim_myscript/merced/merced.log,None,None,1,1,/mnt/storage/traces/gtrace_v2_champsim_myscript/merced/merced_0063.champsim.gz,0,0,True,
48.17,7.551,0.9586,4.216,0.941,0.7411,0.3575,0.4232,0.8716,cpu0_DTLB,DTLB,26641257,1.0,26144835,0.9814,496422,0.0186,4.9642,220811,0.0083,26641257,26144835,0.9814,496422,0.0186,4.9642,220811,0.0083,14.38,None,0.0,0,0,0,0,0.9814,26144835,496422,cpu0_ITLB,ITLB,11182601,1.0,11182353,1.0,248,0.0,0.0025,60,0.0,11182601,11182353,1.0,248,0.0,0.0025,60,0.0,192.2,None,0.0,0,0,0,0,1.0,11182353,248,cpu0_L1D,L1D,16505048,0.5778,14873207,0.9011,1631841,0.0989,16.3184,579230,0.0351,28564356,25667075,0.8986,2897281,0.1014,28.9728,1478212,0.0518,7131,0.0002,118,0.0165,7013,0.9835,0.0701,18,0.0025,12052177,0.4219,10793750,0.8956,1258427,0.1044,12.5843,898964,0.0746,208.4,None,0.0,0,0,0,0,0.9011,14873207,1631841,cpu0_L1I,L1I,13331317,1.0,11119575,0.8341,2211742,0.1659,22.1174,790928,0.0593,13331317,11119575,0.8341,2211742,0.1659,22.1174,790928,0.0593,86.94,None,0.0,0,0,0,0,0.8341,11119575,2211742,cpu0_L2C,L2C,2473417,0.7378,1518445,0.6139,954972,0.3861,9.5497,0,0.0,359449,0.1072,68095,0.1894,291354,0.8106,2.9135,0,0.0,3352440,1989406,0.5934,1363034,0.4066,13.6303,0,0.0,6995,0.0021,1264,0.1807,5731,0.8193,0.0573,0,0.0,512579,0.1529,401602,0.7835,110977,0.2165,1.1098,0,0.0,291.2,None,0.0,0,0,0,0,0.56,1586540,1246326,LLC,LLC,954972,0.5874,75924,0.0795,879048,0.9205,8.7905,0,0.0,291354,0.1792,17509,0.0601,273845,0.9399,2.7384,0,0.0,1625771,159861,0.0983,1465910,0.9017,14.6591,0,0.0,5731,0.0035,47,0.0082,5684,0.9918,0.0568,0,0.0,373714,0.2299,66381,0.1776,307333,0.8224,3.0733,0,0.0,258.8,None,0.0,0,0,0,0,0.075,93433,1152893,cpu0_STLB,STLB,275799,1.0,272539,0.9882,3260,0.0118,0.0326,0,0.0,275799,272539,0.9882,3260,0.0118,0.0326,0,0.0,802.6,None,0.0,0,0,0,0,0.9882,272539,3260,20,0,0.4702,212656289,100000004,,core,1,core.1.v1.,v1,,l1d,n,l1d.n.v1.,v1,,l1i,n,l1i.n.v1.,v1,,l2c,n,l2c.n.v1.,v1,,llc,1,llc.1.v1.,v1,,memory,1,memory.1.v2.,v2,,tlbs,n,tlbs.n.v1.,v1,20,1,tahoe_020_1_020.raw,20,myscript_google,tahoe,0.0,0.0,/mnt/storage/traces/gtrace_v2_champsim_myscript/tahoe/tahoe.log,100000000,100000000,1,1,/mnt/storage/traces/gtrace_v2_champsim_myscript/tahoe/tahoe_0020.champsim.gz,0,0,True,
112.3,4.137,0.9797,2.209,0.0499,0.1757,0.9653,0.6298,0.1071,cpu0_DTLB,DTLB,25619568,1.0,25513679,0.9959,105889,0.0041,1.0589,48302,0.0019,25619568,25513679,0.9959,105889,0.0041,1.0589,48302,0.0019,48.53,None,0.0,0,0,0,0,0.9959,25513679,105889,cpu0_ITLB,ITLB,9479658,1.0,9479647,1.0,11,0.0,0.0001,1,0.0,9479658,9479647,1.0,11,0.0,0.0001,1,0.0,1027.0,None,0.0,0,0,0,0,1.0,9479647,11,cpu0_L1D,L1D,16374032,0.5985,15574520,0.9512,799512,0.0488,7.9951,284868,0.0174,27359053,25126994,0.9184,2232059,0.0816,22.3206,1355257,0.0495,6056,0.0002,28,0.0046,6028,0.9954,0.0603,4,0.0007,10978965,0.4013,9552446,0.8701,1426519,0.1299,14.2652,1070385,0.0975,447.9,None,0.0,0,0,0,0,0.9512,15574520,799512,cpu0_L1I,L1I,11271737,1.0,10695768,0.9489,575969,0.0511,5.7597,238192,0.0211,11271737,10695768,0.9489,575969,0.0511,5.7597,238192,0.0211,66.24,None,0.0,0,0,0,0,0.9489,10695768,575969,cpu0_L2C,L2C,852414,0.5261,562153,0.6595,290261,0.3405,2.9026,0,0.0,356131,0.2198,15572,0.0437,340559,0.9563,3.4056,0,0.0,1620199,929093,0.5734,691106,0.4266,6.9111,0,0.0,6024,0.0037,987,0.1638,5037,0.8362,0.0504,0,0.0,405630,0.2504,350381,0.8638,55249,0.1362,0.5525,0,0.0,586.3,None,0.0,0,0,0,0,0.478,577725,630820,LLC,LLC,290261,0.2899,8222,0.0283,282039,0.9717,2.8204,0,0.0,340559,0.3401,1833,0.0054,338726,0.9946,3.3873,0,0.0,1001306,20376,0.0203,980930,0.9797,9.8093,0,0.0,5037,0.005,73,0.0145,4964,0.9855,0.0496,0,0.0,365449,0.365,10248,0.028,355201,0.972,3.552,0,0.0,405.7,None,0.0,0,0,0,0,0.0159,10055,620765,cpu0_STLB,STLB,57597,1.0,54576,0.9475,3021,0.0525,0.0302,0,0.0,57597,54576,0.9475,3021,0.0525,0.0302,0,0.0,832.2,None,0.0,0,0,0,0,0.9475,54576,3021,11,0,0.8633,115830344,100000002,,core,1,core.1.v1.,v1,,l1d,n,l1d.n.v1.,v1,,l1i,n,l1i.n.v1.,v1,,l2c,n,l2c.n.v1.,v1,,llc,1,llc.1.v1.,v1,,memory,1,memory.1.v2.,v2,,tlbs,n,tlbs.n.v1.,v1,11,1,charlie_011_1_011.raw,11,myscript_google,charlie,0.0,0.0,/mnt/storage/traces/gtrace_v2_champsim_myscript/charlie/charlie.log,100000000,100000000,1,1,/mnt/storage/traces/gtrace_v2_champsim_myscript/charlie/charlie_0011.champsim.gz,0,0,True,
45.92,9.536,0.9435,6.706,0.5922,1.346,0.2712,0.2154,0.406,cpu0_DTLB,DTLB,21801693,1.0,21173910,0.9712,627783,0.0288,6.2778,259780,0.0119,21801693,21173910,0.9712,627783,0.0288,6.2778,259780,0.0119,21.58,None,0.0,0,0,0,0,0.9712,21173910,627783,cpu0_ITLB,ITLB,9305737,1.0,9305713,1.0,24,0.0,0.0002,11,0.0,9305737,9305713,1.0,24,0.0,0.0002,11,0.0,885.6,None,0.0,0,0,0,0,1.0,9305713,24,cpu0_L1D,L1D,14875659,0.6467,13016077,0.875,1859582,0.125,18.5958,585743,0.0394,23003694,20111298,0.8743,2892396,0.1257,28.924,1337397,0.0581,19885,0.0009,133,0.0067,19752,0.9933,0.1975,32,0.0016,8108150,0.3525,7095088,0.8751,1013062,0.1249,10.1306,751622,0.0927,155.1,None,0.0,0,0,0,0,0.875,13016077,1859582,cpu0_L1I,L1I,11312055,1.0,9355678,0.8271,1956377,0.1729,19.5638,805900,0.0712,11312055,9355678,0.8271,1956377,0.1729,19.5638,805900,0.0712,86.9,None,0.0,0,0,0,0,0.8271,9355678,1956377,cpu0_L2C,L2C,2424306,0.7779,1634161,0.6741,790145,0.3259,7.9014,0,0.0,261421,0.0839,83280,0.3186,178141,0.6814,1.7814,0,0.0,3116340,2065827,0.6629,1050513,0.3371,10.5051,0,0.0,19720,0.0063,4054,0.2056,15666,0.7944,0.1567,0,0.0,410893,0.1319,344332,0.838,66561,0.162,0.6656,0,0.0,304.3,None,0.0,0,0,0,0,0.6395,1717441,968286,LLC,LLC,790145,0.6498,48939,0.0619,741206,0.9381,7.4121,0,0.0,178141,0.1465,5270,0.0296,172871,0.9704,1.7287,0,0.0,1215924,85015,0.0699,1130909,0.9301,11.3091,0,0.0,15666,0.0129,711,0.0454,14955,0.9546,0.1495,0,0.0,231972,0.1908,30095,0.1297,201877,0.8703,2.0188,0,0.0,270.2,None,0.0,0,0,0,0,0.056,54209,914077,cpu0_STLB,STLB,368016,1.0,359338,0.9764,8678,0.0236,0.0868,0,0.0,368016,359338,0.9764,8678,0.0236,0.0868,0,0.0,703.6,None,0.0,0,0,0,0,0.9764,359338,8678,82,0,0.4928,202924847,100000002,,core,1,core.1.v1.,v1,,l1d,n,l1d.n.v1.,v1,,l1i,n,l1i.n.v1.,v1,,l2c,n,l2c.n.v1.,v1,,llc,1,llc.1.v1.,v1,,memory,1,memory.1.v2.,v2,,tlbs,n,tlbs.n.v1.,v1,82,1,merced_082_1_082.raw,82,myscript_google,merced,0.0,0.0,/mnt/storage/traces/gtrace_v2_champsim_myscript/merced/merced.log,None,None,1,1,/mnt/storage/traces/gtrace_v2_champsim_myscript/merced/merced_0082.champsim.gz,0,0,True,
61.15,7.036,0.9635,4.064,0.9477,0.6419,0.3264,0.3029,0.7535,cpu0_DTLB,DTLB,26155352,1.0,25492057,0.9746,663295,0.0254,6.633,298219,0.0114,26155352,25492057,0.9746,663295,0.0254,6.633,298219,0.0114,17.91,None,0.0,0,0,0,0,0.9746,25492057,663295,cpu0_ITLB,ITLB,11487680,1.0,11486366,0.9999,1314,0.0001,0.0131,904,0.0001,11487680,11486366,0.9999,1314,0.0001,0.0131,904,0.0001,31.79,None,0.0,0,0,0,0,0.9999,11486366,1314,cpu0_L1D,L1D,14972713,0.537,13012726,0.8691,1959987,0.1309,19.5999,647763,0.0433,27879988,24325433,0.8725,3554555,0.1275,35.5455,1856361,0.0666,14263,0.0005,143,0.01,14120,0.99,0.1412,105,0.0074,12893012,0.4624,11312564,0.8774,1580448,0.1226,15.8045,1208493,0.0937,201.2,None,0.0,0,0,0,0,0.8691,13012726,1959987,cpu0_L1I,L1I,13483241,1.0,10502073,0.7789,2981168,0.2211,29.8117,1155520,0.0857,13483241,10502073,0.7789,2981168,0.2211,29.8117,1155520,0.0857,40.08,None,0.0,0,0,0,0,0.7789,10502073,2981168,cpu0_L2C,L2C,3137853,0.7629,2297018,0.732,840835,0.268,8.4084,0,0.0,371926,0.0904,100397,0.2699,271529,0.7301,2.7153,0,0.0,4112859,2896820,0.7043,1216039,0.2957,12.1604,0,0.0,14015,0.0034,2807,0.2003,11208,0.7997,0.1121,0,0.0,589065,0.1432,496598,0.843,92467,0.157,0.9247,0,0.0,318.6,None,0.0,0,0,0,0,0.6831,2397415,1112364,LLC,LLC,840835,0.556,47581,0.0566,793254,0.9434,7.9325,0,0.0,271529,0.1796,10197,0.0376,261332,0.9624,2.6133,0,0.0,1512254,111445,0.0737,1400809,0.9263,14.0081,0,0.0,11208,0.0074,187,0.0167,11021,0.9833,0.1102,0,0.0,388682,0.257,53480,0.1376,335202,0.8624,3.352,0,0.0,265.7,None,0.0,0,0,0,0,0.0519,57778,1054586,cpu0_STLB,STLB,365486,1.0,358790,0.9817,6696,0.0183,0.067,0,0.0,365486,358790,0.9817,6696,0.0183,0.067,0,0.0,704.7,None,0.0,0,0,0,0,0.9817,358790,6696,35,0,0.4804,208172096,100000000,,core,1,core.1.v1.,v1,,l1d,n,l1d.n.v1.,v1,,l1i,n,l1i.n.v1.,v1,,l2c,n,l2c.n.v1.,v1,,llc,1,llc.1.v1.,v1,,memory,1,memory.1.v2.,v2,,tlbs,n,tlbs.n.v1.,v1,35,1,tango_035_1_035.raw,35,myscript_google,tango,0.0,0.0,/mnt/storage/traces/gtrace_v2_champsim_myscript/tango/tango.log,100000000,100000000,1,1,/mnt/storage/traces/gtrace_v2_champsim_myscript/tango/tango_0035.champsim.gz,0,0,True,
54.3,3.355,0.9831,1.81,0.3596,0.3093,0.2093,0.2312,0.4349,cpu0_DTLB,DTLB,28067939,1.0,27896686,0.9939,171253,0.0061,1.7125,72359,0.0026,28067939,27896686,0.9939,171253,0.0061,1.7125,72359,0.0026,16.66,None,0.0,0,0,0,0,0.9939,27896686,171253,cpu0_ITLB,ITLB,18164800,1.0,18164719,1.0,81,0.0,0.0008,15,0.0,18164800,18164719,1.0,81,0.0,0.0008,15,0.0,152.4,None,0.0,0,0,0,0,1.0,18164719,81,cpu0_L1D,L1D,12680392,0.4352,12193422,0.9616,486970,0.0384,4.8697,138148,0.0109,29138063,28076722,0.9636,1061341,0.0364,10.6134,569710,0.0196,3014,0.0001,62,0.0206,2952,0.9794,0.0295,6,0.002,16454657,0.5647,15883238,0.9653,571419,0.0347,5.7142,431556,0.0262,243.1,None,0.0,0,0,0,0,0.9616,12193422,486970,cpu0_L1I,L1I,20391825,1.0,19403318,0.9515,988507,0.0485,9.8851,353396,0.0173,20391825,19403318,0.9515,988507,0.0485,9.8851,353396,0.0173,87.64,None,0.0,0,0,0,0,0.9515,19403318,988507,cpu0_L2C,L2C,983928,0.7434,646400,0.657,337528,0.343,3.3753,0,0.0,139852,0.1057,27320,0.1953,112532,0.8047,1.1253,0,0.0,1323540,832920,0.6293,490620,0.3707,4.9062,0,0.0,2946,0.0022,584,0.1982,2362,0.8018,0.0236,0,0.0,196814,0.1487,158616,0.8059,38198,0.1941,0.382,0,0.0,339.2,None,0.0,0,0,0,0,0.5995,673720,450060,LLC,LLC,337528,0.5676,35393,0.1049,302135,0.8951,3.0213,0,0.0,112532,0.1892,2840,0.0252,109692,0.9748,1.0969,0,0.0,594709,55224,0.0929,539485,0.9071,5.3948,0,0.0,2362,0.004,22,0.0093,2340,0.9907,0.0234,0,0.0,142287,0.2393,16969,0.1193,125318,0.8807,1.2532,0,0.0,296.9,None,0.0,0,0,0,0,0.085,38233,411827,cpu0_STLB,STLB,98960,1.0,97611,0.9864,1349,0.0136,0.0135,0,0.0,98960,97611,0.9864,1349,0.0136,0.0135,0,0.0,860.9,None,0.0,0,0,0,0,0.9864,97611,1349,11,0,0.9188,108838058,100000002,,core,1,core.1.v1.,v1,,l1d,n,l1d.n.v1.,v1,,l1i,n,l1i.n.v1.,v1,,l2c,n,l2c.n.v1.,v1,,llc,1,llc.1.v1.,v1,,memory,1,memory.1.v2.,v2,,tlbs,n,tlbs.n.v1.,v1,11,1,tahoe_011_1_011.raw,11,myscript_google,tahoe,0.0,0.0,/mnt/storage/traces/gtrace_v2_champsim_myscript/tahoe/tahoe.log,100000000,100000000,1,1,/mnt/storage/traces/gtrace_v2_champsim_myscript/tahoe/tahoe_0011.champsim.gz,0,0,True,
44.11,10.31,0.9443,5.913,1.658,0.8889,0.4661,0.4828,0.9016,cpu0_DTLB,DTLB,26959357,1.0,26492404,0.9827,466953,0.0173,4.6695,197396,0.0073,26959357,26492404,0.9827,466953,0.0173,4.6695,197396,0.0073,8.487,None,0.0,0,0,0,0,0.9827,26492404,466953,cpu0_ITLB,ITLB,9274472,1.0,9274395,1.0,77,0.0,0.0008,19,0.0,9274472,9274395,1.0,77,0.0,0.0008,19,0.0,150.3,None,0.0,0,0,0,0,1.0,9274395,77,cpu0_L1D,L1D,16869689,0.5921,15232920,0.903,1636769,0.097,16.3677,487844,0.0289,28491090,25167349,0.8833,3323741,0.1167,33.2374,1742811,0.0612,2305,0.0001,5,0.0022,2300,0.9978,0.023,4,0.0017,11619096,0.4078,9934424,0.855,1684672,0.145,16.8467,1254963,0.108,210.1,None,0.0,0,0,0,0,0.903,15232920,1636769,cpu0_L1I,L1I,11176330,1.0,8903591,0.7966,2272739,0.2034,22.7274,854394,0.0764,11176330,8903591,0.7966,2272739,0.2034,22.7274,854394,0.0764,127.3,None,0.0,0,0,0,0,0.7966,8903591,2272739,cpu0_L2C,L2C,2567253,0.7126,1524945,0.594,1042308,0.406,10.4231,0,0.0,429664,0.1193,96889,0.2255,332775,0.7745,3.3277,0,0.0,3602415,2105900,0.5846,1496515,0.4154,14.9651,0,0.0,2296,0.0006,156,0.0679,2140,0.9321,0.0214,0,0.0,603202,0.1674,483910,0.8022,119292,0.1978,1.1929,0,0.0,326.8,None,0.0,0,0,0,0,0.5412,1621834,1375083,LLC,LLC,1042308,0.5774,132650,0.1273,909658,0.8727,9.0966,0,0.0,332775,0.1843,9741,0.0293,323034,0.9707,3.2303,0,0.0,1805288,191083,0.1058,1614205,0.8942,16.1421,0,0.0,2140,0.0012,33,0.0154,2107,0.9846,0.0211,0,0.0,428065,0.2371,48659,0.1137,379406,0.8863,3.7941,0,0.0,291.2,None,0.0,0,0,0,0,0.1036,142391,1232692,cpu0_STLB,STLB,269615,1.0,268496,0.9958,1119,0.0042,0.0112,0,0.0,269615,268496,0.9958,1119,0.0042,0.0112,0,0.0,846.4,None,0.0,0,0,0,0,0.9958,268496,1119,48,0,0.433,230943053,100000000,,core,1,core.1.v1.,v1,,l1d,n,l1d.n.v1.,v1,,l1i,n,l1i.n.v1.,v1,,l2c,n,l2c.n.v1.,v1,,llc,1,llc.1.v1.,v1,,memory,1,memory.1.v2.,v2,,tlbs,n,tlbs.n.v1.,v1,48,1,yankee_048_1_048.raw,48,myscript_google,yankee,0.0,0.0,/mnt/storage/traces/gtrace_v2_champsim_myscript/yankee/yankee.log,None,None,1,1,/mnt/storage/traces/gtrace_v2_champsim_myscript/yankee/yankee_0048.champsim.gz,0,0,True,
49.22,9.397,0.9506,6.687,0.7688,1.045,0.1306,0.2073,0.5584,cpu0_DTLB,DTLB,22922906,1.0,22334566,0.9743,588340,0.0257,5.8834,247805,0.0108,22922906,22334566,0.9743,588340,0.0257,5.8834,247805,0.0108,7.73,None,0.0,0,0,0,0,0.9743,22334566,588340,cpu0_ITLB,ITLB,9702816,1.0,9702677,1.0,139,0.0,0.0014,58,0.0,9702816,9702677,1.0,139,0.0,0.0014,58,0.0,315.5,None,0.0,0,0,0,0,1.0,9702677,139,cpu0_L1D,L1D,14032541,0.5741,10149060,0.7233,3883481,0.2767,38.8348,1156696,0.0824,24443717,19014624,0.7779,5429093,0.2221,54.2909,2325118,0.0951,2002,0.0001,3,0.0015,1999,0.9985,0.02,0,0.0,10409174,0.4258,8865561,0.8517,1543613,0.1483,15.4361,1168422,0.1122,279.1,None,0.0,0,0,0,0,0.7233,10149060,3883481,cpu0_L1I,L1I,11760954,1.0,8212583,0.6983,3548371,0.3017,35.4837,1392022,0.1184,11760954,8212583,0.6983,3548371,0.3017,35.4837,1392022,0.1184,67.97,None,0.0,0,0,0,0,0.6983,8212583,3548371,cpu0_L2C,L2C,4883119,0.8231,2302927,0.4716,2580192,0.5284,25.8019,0,0.0,375169,0.0632,130893,0.3489,244276,0.6511,2.4428,0,0.0,5932720,2974532,0.5014,2958188,0.4986,29.5819,0,0.0,1999,0.0003,143,0.0715,1856,0.9285,0.0186,0,0.0,672433,0.1133,540569,0.8039,131864,0.1961,1.3186,0,0.0,328.0,None,0.0,0,0,0,0,0.4629,2433820,2824468,LLC,LLC,2580192,0.7923,80726,0.0313,2499466,0.9687,24.9947,0,0.0,244276,0.075,8560,0.035,235716,0.965,2.3572,0,0.0,3256770,138065,0.0424,3118705,0.9576,31.187,0,0.0,1856,0.0006,15,0.0081,1841,0.9919,0.0184,0,0.0,430446,0.1322,48764,0.1133,381682,0.8867,3.8168,0,0.0,297.5,None,0.0,0,0,0,0,0.0316,89286,2735182,cpu0_STLB,STLB,340616,1.0,339616,0.9971,1000,0.0029,0.01,0,0.0,340616,339616,0.9971,1000,0.0029,0.01,0,0.0,953.8,None,0.0,0,0,0,0,0.9971,339616,1000,4,0,0.2806,356399152,100000003,,core,1,core.1.v1.,v1,,l1d,n,l1d.n.v1.,v1,,l1i,n,l1i.n.v1.,v1,,l2c,n,l2c.n.v1.,v1,,llc,1,llc.1.v1.,v1,,memory,1,memory.1.v2.,v2,,tlbs,n,tlbs.n.v1.,v1,4,1,sierra.a.3_004_1_004.raw,4,myscript_google,sierra.a.3,0.0,0.0,/mnt/storage/traces/gtrace_v2_champsim_myscript/sierra.a.3/sierra.a.3.log,100000000,100000000,1,1,/mnt/storage/traces/gtrace_v2_champsim_myscript/sierra.a.3/sierra.a.3_0004.champsim.gz,0,0,True,
93.45,3.666,0.9806,2.317,0.1714,0.2596,0.4327,0.3157,0.1702,cpu0_DTLB,DTLB,22832344,1.0,22702294,0.9943,130050,0.0057,1.3005,50730,0.0022,22832344,22702294,0.9943,130050,0.0057,1.3005,50730,0.0022,42.38,None,0.0,0,0,0,0,0.9943,22702294,130050,cpu0_ITLB,ITLB,10916455,1.0,10916449,1.0,6,0.0,0.0001,2,0.0,10916455,10916449,1.0,6,0.0,0.0001,2,0.0,733.8,None,0.0,0,0,0,0,1.0,10916449,6,cpu0_L1D,L1D,14500277,0.5986,12575925,0.8673,1924352,0.1327,19.2435,992611,0.0685,24223698,20881521,0.862,3342177,0.138,33.4218,2040366,0.0842,7512,0.0003,58,0.0077,7454,0.9923,0.0745,8,0.0011,9715909,0.4011,8305538,0.8548,1410371,0.1452,14.1037,1047747,0.1078,287.6,None,0.0,0,0,0,0,0.8673,12575925,1924352,cpu0_L1I,L1I,13377331,1.0,12384598,0.9258,992733,0.0742,9.9273,421346,0.0315,13377331,12384598,0.9258,992733,0.0742,9.9273,421346,0.0315,77.44,None,0.0,0,0,0,0,0.9258,12384598,992733,cpu0_L2C,L2C,1503122,0.648,749644,0.4987,753478,0.5013,7.5348,0,0.0,362620,0.1563,21905,0.0604,340715,0.9396,3.4071,0,0.0,2319716,1144793,0.4935,1174923,0.5065,11.7492,0,0.0,7446,0.0032,1552,0.2084,5894,0.7916,0.0589,0,0.0,446528,0.1925,371692,0.8324,74836,0.1676,0.7484,0,0.0,343.3,None,0.0,0,0,0,0,0.4135,771549,1094193,LLC,LLC,753478,0.5064,13488,0.0179,739990,0.9821,7.3999,0,0.0,340715,0.229,1629,0.0048,339086,0.9952,3.3909,0,0.0,1487947,32318,0.0217,1455629,0.9783,14.5563,0,0.0,5894,0.004,56,0.0095,5838,0.9905,0.0584,0,0.0,387860,0.2607,17145,0.0442,370715,0.9558,3.7071,0,0.0,267.1,None,0.0,0,0,0,0,0.0138,15117,1079076,cpu0_STLB,STLB,79324,1.0,75571,0.9527,3753,0.0473,0.0375,0,0.0,79324,75571,0.9527,3753,0.0473,0.0375,0,0.0,789.9,None,0.0,0,0,0,0,0.9527,75571,3753,13,0,0.4327,231103921,100000004,,core,1,core.1.v1.,v1,,l1d,n,l1d.n.v1.,v1,,l1i,n,l1i.n.v1.,v1,,l2c,n,l2c.n.v1.,v1,,llc,1,llc.1.v1.,v1,,memory,1,memory.1.v2.,v2,,tlbs,n,tlbs.n.v1.,v1,13,1,charlie_013_1_013.raw,13,myscript_google,charlie,0.0,0.0,/mnt/storage/traces/gtrace_v2_champsim_myscript/charlie/charlie.log,100000000,100000000,1,1,/mnt/storage/traces/gtrace_v2_champsim_myscript/charlie/charlie_0013.champsim.gz,0,0,True,
35.79,12.1,0.9294,5.187,2.16,2.656,0.259,0.4392,1.401,cpu0_DTLB,DTLB,27379261,1.0,26514641,0.9684,864620,0.0316,8.6462,354260,0.0129,27379261,26514641,0.9684,864620,0.0316,8.6462,354260,0.0129,11.01,None,0.0,0,0,0,0,0.9684,26514641,864620,cpu0_ITLB,ITLB,12243004,1.0,12242861,1.0,143,0.0,0.0014,75,0.0,12243004,12242861,1.0,143,0.0,0.0014,75,0.0,458.9,None,0.0,0,0,0,0,1.0,12242861,143,cpu0_L1D,L1D,16901735,0.5831,14695380,0.8695,2206355,0.1305,22.0635,578835,0.0342,28987630,24749396,0.8538,4238234,0.1462,42.3823,1878774,0.0648,8830,0.0003,15,0.0017,8815,0.9983,0.0881,1,0.0001,12077065,0.4166,10054001,0.8325,2023064,0.1675,20.2306,1299938,0.1076,251.5,None,0.0,0,0,0,0,0.8695,14695380,2206355,cpu0_L1I,L1I,14741068,1.0,9815446,0.6659,4925622,0.3341,49.2562,1823443,0.1237,14741068,9815446,0.6659,4925622,0.3341,49.2562,1823443,0.1237,106.1,None,0.0,0,0,0,0,0.6659,9815446,4925622,cpu0_L2C,L2C,4729683,0.7192,3103488,0.6562,1626195,0.3438,16.2619,0,0.0,723041,0.1099,251235,0.3475,471806,0.6525,4.7181,0,0.0,6576496,4300007,0.6538,2276489,0.3462,22.7649,0,0.0,8814,0.0013,491,0.0557,8323,0.9443,0.0832,0,0.0,1114958,0.1695,944793,0.8474,170165,0.1526,1.7016,0,0.0,385.7,None,0.0,0,0,0,0,0.6152,3354723,2098001,LLC,LLC,1626195,0.5884,172919,0.1063,1453276,0.8937,14.5328,0,0.0,471806,0.1707,31896,0.0676,439910,0.9324,4.3991,0,0.0,2763716,304633,0.1102,2459083,0.8898,24.5908,0,0.0,8323,0.003,152,0.0183,8171,0.9817,0.0817,0,0.0,657392,0.2379,99666,0.1516,557726,0.8484,5.5773,0,0.0,345.2,None,0.0,0,0,0,0,0.0976,204815,1893186,cpu0_STLB,STLB,510428,1.0,506013,0.9914,4415,0.0086,0.0441,0,0.0,510428,506013,0.9914,4415,0.0086,0.0441,0,0.0,700.4,None,0.0,0,0,0,0,0.9914,506013,4415,11,0,0.3099,322686922,100000001,,core,1,core.1.v1.,v1,,l1d,n,l1d.n.v1.,v1,,l1i,n,l1i.n.v1.,v1,,l2c,n,l2c.n.v1.,v1,,llc,1,llc.1.v1.,v1,,memory,1,memory.1.v2.,v2,,tlbs,n,tlbs.n.v1.,v1,11,1,sierra.a.4_011_1_011.raw,11,myscript_google,sierra.a.4,0.0,0.0,/mnt/storage/traces/gtrace_v2_champsim_myscript/sierra.a.4/sierra.a.4.log,100000000,100000000,1,1,/mnt/storage/traces/gtrace_v2_champsim_myscript/sierra.a.4/sierra.a.4_0011.champsim.gz,0,0,True,
43.01,10.22,0.9444,5.962,1.565,0.8697,0.4691,0.4609,0.8933,cpu0_DTLB,DTLB,26424997,1.0,25949982,0.982,475015,0.018,4.7501,198731,0.0075,26424997,25949982,0.982,475015,0.018,4.7501,198731,0.0075,8.124,None,0.0,0,0,0,0,0.982,25949982,475015,cpu0_ITLB,ITLB,9312935,1.0,9312869,1.0,66,0.0,0.0007,22,0.0,9312935,9312869,1.0,66,0.0,0.0007,22,0.0,144.7,None,0.0,0,0,0,0,1.0,9312869,66,cpu0_L1D,L1D,16537700,0.5928,14933193,0.903,1604507,0.097,16.0451,486623,0.0294,27898629,24749140,0.8871,3149489,0.1129,31.4949,1659951,0.0595,2219,0.0001,7,0.0032,2212,0.9968,0.0221,2,0.0009,11358710,0.4071,9815940,0.8642,1542770,0.1358,15.4277,1173326,0.1033,204.0,None,0.0,0,0,0,0,0.903,14933193,1604507,cpu0_L1I,L1I,11209231,1.0,8878632,0.7921,2330599,0.2079,23.306,888533,0.0793,11209231,8878632,0.7921,2330599,0.2079,23.306,888533,0.0793,135.3,None,0.0,0,0,0,0,0.7921,8878632,2330599,cpu0_L2C,L2C,2559931,0.7292,1452341,0.5673,1107590,0.4327,11.0759,0,0.0,369428,0.1052,85555,0.2316,283873,0.7684,2.8387,0,0.0,3510453,1992687,0.5676,1517766,0.4324,15.1777,0,0.0,2210,0.0006,166,0.0751,2044,0.9249,0.0204,0,0.0,578884,0.1649,454625,0.7853,124259,0.2147,1.2426,0,0.0,313.6,None,0.0,0,0,0,0,0.525,1537896,1391463,LLC,LLC,1107590,0.6103,105086,0.0949,1002504,0.9051,10.025,0,0.0,283873,0.1564,11501,0.0405,272372,0.9595,2.7237,0,0.0,1814694,180160,0.0993,1634534,0.9007,16.3453,0,0.0,2044,0.0011,18,0.0088,2026,0.9912,0.0203,0,0.0,421187,0.2321,63555,0.1509,357632,0.8491,3.5763,0,0.0,279.3,None,0.0,0,0,0,0,0.0838,116587,1274876,cpu0_STLB,STLB,276328,1.0,275252,0.9961,1076,0.0039,0.0108,0,0.0,276328,275252,0.9961,1076,0.0039,0.0108,0,0.0,806.8,None,0.0,0,0,0,0,0.9961,275252,1076,70,0,0.4132,241992121,100000003,,core,1,core.1.v1.,v1,,l1d,n,l1d.n.v1.,v1,,l1i,n,l1i.n.v1.,v1,,l2c,n,l2c.n.v1.,v1,,llc,1,llc.1.v1.,v1,,memory,1,memory.1.v2.,v2,,tlbs,n,tlbs.n.v1.,v1,70,1,yankee_070_1_070.raw,70,myscript_google,yankee,0.0,0.0,/mnt/storage/traces/gtrace_v2_champsim_myscript/yankee/yankee.log,None,None,1,1,/mnt/storage/traces/gtrace_v2_champsim_myscript/yankee/yankee_0070.champsim.gz,0,0,True,
105.8,4.143,0.9783,2.36,0.088,0.2322,0.8724,0.4635,0.1268,cpu0_DTLB,DTLB,24352298,1.0,24276243,0.9969,76055,0.0031,0.7605,32983,0.0014,24352298,24276243,0.9969,76055,0.0031,0.7605,32983,0.0014,60.97,None,0.0,0,0,0,0,0.9969,24276243,76055,cpu0_ITLB,ITLB,9502449,1.0,9502437,1.0,12,0.0,0.0001,2,0.0,9502449,9502437,1.0,12,0.0,0.0001,2,0.0,804.1,None,0.0,0,0,0,0,1.0,9502437,12,cpu0_L1D,L1D,15491239,0.5962,14512667,0.9368,978572,0.0632,9.7857,405074,0.0261,25985265,23289422,0.8963,2695843,0.1037,26.9584,1723925,0.0663,5435,0.0002,48,0.0088,5387,0.9912,0.0539,0,0.0,10488591,0.4036,8776707,0.8368,1711884,0.1632,17.1188,1318851,0.1257,325.4,None,0.0,0,0,0,0,0.9368,14512667,978572,cpu0_L1I,L1I,11233928,1.0,10074709,0.8968,1159219,0.1032,11.5922,503798,0.0448,11233928,10074709,0.8968,1159219,0.1032,11.5922,503798,0.0448,46.56,None,0.0,0,0,0,0,0.8968,10074709,1159219,cpu0_L2C,L2C,1228912,0.5826,955678,0.7777,273234,0.2223,2.7323,0,0.0,393025,0.1863,23350,0.0594,369675,0.9406,3.6967,0,0.0,2109230,1407812,0.6675,701418,0.3325,7.0142,0,0.0,5387,0.0026,1078,0.2001,4309,0.7999,0.0431,0,0.0,481906,0.2285,427706,0.8875,54200,0.1125,0.542,0,0.0,475.9,None,0.0,0,0,0,0,0.6036,979028,642909,LLC,LLC,273234,0.2576,10029,0.0367,263205,0.9633,2.632,0,0.0,369675,0.3486,1445,0.0039,368230,0.9961,3.6823,0,0.0,1060491,23897,0.0225,1036594,0.9775,10.3659,0,0.0,4309,0.0041,35,0.0081,4274,0.9919,0.0427,0,0.0,413273,0.3897,12388,0.03,400885,0.97,4.0088,0,0.0,315.3,None,0.0,0,0,0,0,0.0178,11474,631435,cpu0_STLB,STLB,43082,1.0,40368,0.937,2714,0.063,0.0271,0,0.0,43082,40368,0.937,2714,0.063,0.0271,0,0.0,890.3,None,0.0,0,0,0,0,0.937,40368,2714,14,0,0.8198,121982102,100000004,,core,1,core.1.v1.,v1,,l1d,n,l1d.n.v1.,v1,,l1i,n,l1i.n.v1.,v1,,l2c,n,l2c.n.v1.,v1,,llc,1,llc.1.v1.,v1,,memory,1,memory.1.v2.,v2,,tlbs,n,tlbs.n.v1.,v1,14,1,charlie_014_1_014.raw,14,myscript_google,charlie,0.0,0.0,/mnt/storage/traces/gtrace_v2_champsim_myscript/charlie/charlie.log,100000000,100000000,1,1,/mnt/storage/traces/gtrace_v2_champsim_myscript/charlie/charlie_0014.champsim.gz,0,0,True,
64.04,7.512,0.9613,4.089,1.061,0.696,0.4718,0.3104,0.8835,cpu0_DTLB,DTLB,26118597,1.0,25424330,0.9734,694267,0.0266,6.9427,319816,0.0122,26118597,25424330,0.9734,694267,0.0266,6.9427,319816,0.0122,12.21,None,0.0,0,0,0,0,0.9734,25424330,694267,cpu0_ITLB,ITLB,10790477,1.0,10788820,0.9998,1657,0.0002,0.0166,1134,0.0001,10790477,10788820,0.9998,1657,0.0002,0.0166,1134,0.0001,27.86,None,0.0,0,0,0,0,0.9998,10788820,1657,cpu0_L1D,L1D,14884172,0.5343,13435687,0.9027,1448485,0.0973,14.4848,432755,0.0291,27856066,24872461,0.8929,2983605,0.1071,29.8361,1601314,0.0575,8059,0.0003,80,0.0099,7979,0.9901,0.0798,84,0.0104,12963835,0.4654,11436694,0.8822,1527141,0.1178,15.2714,1168475,0.0901,164.5,None,0.0,0,0,0,0,0.9027,13435687,1448485,cpu0_L1I,L1I,12703965,1.0,9178302,0.7225,3525663,0.2775,35.2566,1378140,0.1085,12703965,9178302,0.7225,3525663,0.2775,35.2566,1378140,0.1085,27.46,None,0.0,0,0,0,0,0.7225,9178302,3525663,cpu0_L2C,L2C,3163232,0.773,2701142,0.8539,462090,0.1461,4.6209,0,0.0,358646,0.0876,93893,0.2618,264753,0.7382,2.6475,0,0.0,4091910,3269720,0.7991,822190,0.2009,8.2219,0,0.0,7895,0.0019,1156,0.1464,6739,0.8536,0.0674,0,0.0,562137,0.1374,473529,0.8424,88608,0.1576,0.8861,0,0.0,315.7,None,0.0,0,0,0,0,0.7936,2795035,726843,LLC,LLC,462090,0.4172,42820,0.0927,419270,0.9073,4.1927,0,0.0,264753,0.2391,12699,0.048,252054,0.952,2.5205,0,0.0,1107478,113575,0.1026,993903,0.8974,9.939,0,0.0,6739,0.0061,257,0.0381,6482,0.9619,0.0648,0,0.0,373896,0.3376,57799,0.1546,316097,0.8454,3.161,0,0.0,251.9,None,0.0,0,0,0,0,0.0764,55519,671324,cpu0_STLB,STLB,374974,1.0,371327,0.9903,3647,0.0097,0.0365,0,0.0,374974,371327,0.9903,3647,0.0097,0.0365,0,0.0,742.9,None,0.0,0,0,0,0,0.9903,371327,3647,0,0,0.6694,149395971,100000000,,core,1,core.1.v1.,v1,,l1d,n,l1d.n.v1.,v1,,l1i,n,l1i.n.v1.,v1,,l2c,n,l2c.n.v1.,v1,,llc,1,llc.1.v1.,v1,,memory,1,memory.1.v2.,v2,,tlbs,n,tlbs.n.v1.,v1,0,1,tango_000_1_000.raw,0,myscript_google,tango,0.0,0.0,/mnt/storage/traces/gtrace_v2_champsim_myscript/tango/tango.log,100000000,100000000,1,1,/mnt/storage/traces/gtrace_v2_champsim_myscript/tango/tango_0000.champsim.gz,0,0,True,
76.19,7.234,0.9638,2.769,1.155,1.646,0.277,0.3399,1.047,cpu0_DTLB,DTLB,27114829,1.0,26066874,0.9614,1047955,0.0386,10.4795,427121,0.0158,27114829,26066874,0.9614,1047955,0.0386,10.4795,427121,0.0158,5.444,None,0.0,0,0,0,0,0.9614,26066874,1047955,cpu0_ITLB,ITLB,13382405,1.0,13382390,1.0,15,0.0,0.0001,5,0.0,13382405,13382390,1.0,15,0.0,0.0001,5,0.0,1014.0,None,0.0,0,0,0,0,1.0,13382390,15,cpu0_L1D,L1D,15671758,0.5393,13519309,0.8627,2152449,0.1373,21.5245,541467,0.0346,29061289,25115027,0.8642,3946262,0.1358,39.4626,1821449,0.0627,572,0.0,0,0.0,572,1.0,0.0057,1,0.0017,13388959,0.4607,11595718,0.8661,1793241,0.1339,17.9324,1279981,0.0956,121.1,None,0.0,0,0,0,0,0.8627,13519309,2152449,cpu0_L1I,L1I,16314212,1.0,7894732,0.4839,8419480,0.5161,84.1948,3450275,0.2115,16314212,7894732,0.4839,8419480,0.5161,84.1948,3450275,0.2115,26.38,None,0.0,0,0,0,0,0.4839,7894732,8419480,cpu0_L2C,L2C,6580140,0.8222,5824271,0.8851,755869,0.1149,7.5587,0,0.0,513215,0.0641,263839,0.5141,249376,0.4859,2.4938,0,0.0,8003384,6909661,0.8633,1093723,0.1367,10.9372,0,0.0,571,0.0001,30,0.0525,541,0.9475,0.0054,0,0.0,909458,0.1136,821521,0.9033,87937,0.0967,0.8794,0,0.0,306.4,None,0.0,0,0,0,0,0.8583,6088110,1005245,LLC,LLC,755869,0.52,69340,0.0917,686529,0.9083,6.8653,0,0.0,249376,0.1715,19262,0.0772,230114,0.9228,2.3011,0,0.0,1453713,180412,0.1241,1273301,0.8759,12.733,0,0.0,541,0.0004,15,0.0277,526,0.9723,0.0053,0,0.0,447927,0.3081,91795,0.2049,356132,0.7951,3.5613,0,0.0,252.9,None,0.0,0,0,0,0,0.0881,88602,916643,cpu0_STLB,STLB,620844,1.0,620558,0.9995,286,0.0005,0.0029,0,0.0,620844,620558,0.9995,286,0.0005,0.0029,0,0.0,998.0,None,0.0,0,0,0,0,0.9995,620558,286,9,0,0.5625,177785401,100000002,,core,1,core.1.v1.,v1,,l1d,n,l1d.n.v1.,v1,,l1i,n,l1i.n.v1.,v1,,l2c,n,l2c.n.v1.,v1,,llc,1,llc.1.v1.,v1,,memory,1,memory.1.v2.,v2,,tlbs,n,tlbs.n.v1.,v1,9,1,sierra.a.6_009_1_009.raw,9,myscript_google,sierra.a.6,0.0,0.0,/mnt/storage/traces/gtrace_v2_champsim_myscript/sierra.a.6/sierra.a.6.log,100000000,100000000,1,1,/mnt/storage/traces/gtrace_v2_champsim_myscript/sierra.a.6/sierra.a.6_0009.champsim.gz,0,0,True,
45.94,9.787,0.9467,7.214,0.5899,1.127,0.223,0.232,0.4004,cpu0_DTLB,DTLB,23060823,1.0,22712436,0.9849,348387,0.0151,3.4839,143361,0.0062,23060823,22712436,0.9849,348387,0.0151,3.4839,143361,0.0062,20.0,None,0.0,0,0,0,0,0.9849,22712436,348387,cpu0_ITLB,ITLB,7824193,1.0,7824183,1.0,10,0.0,0.0001,3,0.0,7824193,7824183,1.0,10,0.0,0.0001,3,0.0,913.6,None,0.0,0,0,0,0,1.0,7824183,10,cpu0_L1D,L1D,16288995,0.6735,14294767,0.8776,1994228,0.1224,19.9423,671864,0.0412,24186687,21208315,0.8769,2978372,0.1231,29.7837,1383742,0.0572,10080,0.0004,62,0.0062,10018,0.9938,0.1002,10,0.001,7887612,0.3261,6913486,0.8765,974126,0.1235,9.7413,711868,0.0903,133.1,None,0.0,0,0,0,0,0.8776,14294767,1994228,cpu0_L1I,L1I,9527671,1.0,8080064,0.8481,1447607,0.1519,14.4761,573919,0.0602,9527671,8080064,0.8481,1447607,0.1519,14.4761,573919,0.0602,111.0,None,0.0,0,0,0,0,0.8481,8080064,1447607,cpu0_L2C,L2C,2196038,0.7693,1516526,0.6906,679512,0.3094,6.7951,0,0.0,262211,0.0919,83424,0.3182,178787,0.6818,1.7879,0,0.0,2854493,1926419,0.6749,928074,0.3251,9.2807,0,0.0,10008,0.0035,1680,0.1679,8328,0.8321,0.0833,0,0.0,386236,0.1353,324789,0.8409,61447,0.1591,0.6145,0,0.0,312.1,None,0.0,0,0,0,0,0.6508,1599950,858299,LLC,LLC,679512,0.6246,46368,0.0682,633144,0.9318,6.3314,0,0.0,178787,0.1643,7528,0.0421,171259,0.9579,1.7126,0,0.0,1087844,84613,0.0778,1003231,0.9222,10.0323,0,0.0,8328,0.0077,171,0.0205,8157,0.9795,0.0816,0,0.0,221217,0.2034,30546,0.1381,190671,0.8619,1.9067,0,0.0,276.4,None,0.0,0,0,0,0,0.0628,53896,804403,cpu0_STLB,STLB,205033,1.0,200526,0.978,4507,0.022,0.0451,0,0.0,205033,200526,0.978,4507,0.022,0.0451,0,0.0,682.6,None,0.0,0,0,0,0,0.978,200526,4507,31,0,0.553,180816499,100000003,,core,1,core.1.v1.,v1,,l1d,n,l1d.n.v1.,v1,,l1i,n,l1i.n.v1.,v1,,l2c,n,l2c.n.v1.,v1,,llc,1,llc.1.v1.,v1,,memory,1,memory.1.v2.,v2,,tlbs,n,tlbs.n.v1.,v1,31,1,merced_031_1_031.raw,31,myscript_google,merced,0.0,0.0,/mnt/storage/traces/gtrace_v2_champsim_myscript/merced/merced.log,None,None,1,1,/mnt/storage/traces/gtrace_v2_champsim_myscript/merced/merced_0031.champsim.gz,0,0,True,
66.35,6.473,0.964,3.883,0.7376,0.5116,0.345,0.3062,0.6893,cpu0_DTLB,DTLB,26638910,1.0,26014599,0.9766,624311,0.0234,6.2431,284063,0.0107,26638910,26014599,0.9766,624311,0.0234,6.2431,284063,0.0107,15.01,None,0.0,0,0,0,0,0.9766,26014599,624311,cpu0_ITLB,ITLB,10920242,1.0,10918715,0.9999,1527,0.0001,0.0153,1060,0.0001,10920242,10918715,0.9999,1527,0.0001,0.0153,1060,0.0001,38.02,None,0.0,0,0,0,0,0.9999,10918715,1527,cpu0_L1D,L1D,15303840,0.5388,13723458,0.8967,1580382,0.1033,15.8038,475619,0.0311,28404800,25170027,0.8861,3234773,0.1139,32.3477,1741372,0.0613,10809,0.0004,88,0.0081,10721,0.9919,0.1072,74,0.0068,13090151,0.4608,11446481,0.8744,1643670,0.1256,16.4367,1265679,0.0967,176.0,None,0.0,0,0,0,0,0.8967,13723458,1580382,cpu0_L1I,L1I,13088278,1.0,10081215,0.7702,3007063,0.2298,30.0706,1177190,0.0899,13088278,10081215,0.7702,3007063,0.2298,30.0706,1177190,0.0899,41.98,None,0.0,0,0,0,0,0.7702,10081215,3007063,cpu0_L2C,L2C,2934623,0.7468,2375647,0.8095,558976,0.1905,5.5898,0,0.0,377968,0.0962,101570,0.2687,276398,0.7313,2.764,0,0.0,3929747,2995109,0.7622,934638,0.2378,9.3464,0,0.0,10647,0.0027,1782,0.1674,8865,0.8326,0.0887,0,0.0,606509,0.1543,516110,0.851,90399,0.149,0.904,0,0.0,336.0,None,0.0,0,0,0,0,0.7478,2477217,835374,LLC,LLC,558976,0.4559,51876,0.0928,507100,0.9072,5.071,0,0.0,276398,0.2254,7445,0.0269,268953,0.9731,2.6895,0,0.0,1226218,109281,0.0891,1116937,0.9109,11.1694,0,0.0,8865,0.0072,281,0.0317,8584,0.9683,0.0858,0,0.0,381979,0.3115,49679,0.1301,332300,0.8699,3.323,0,0.0,271.5,None,0.0,0,0,0,0,0.071,59321,776053,cpu0_STLB,STLB,340715,1.0,335709,0.9853,5006,0.0147,0.0501,0,0.0,340715,335709,0.9853,5006,0.0147,0.0501,0,0.0,682.1,None,0.0,0,0,0,0,0.9853,335709,5006,42,0,0.6088,164264420,100000000,,core,1,core.1.v1.,v1,,l1d,n,l1d.n.v1.,v1,,l1i,n,l1i.n.v1.,v1,,l2c,n,l2c.n.v1.,v1,,llc,1,llc.1.v1.,v1,,memory,1,memory.1.v2.,v2,,tlbs,n,tlbs.n.v1.,v1,42,1,tango_042_1_042.raw,42,myscript_google,tango,0.0,0.0,/mnt/storage/traces/gtrace_v2_champsim_myscript/tango/tango.log,100000000,100000000,1,1,/mnt/storage/traces/gtrace_v2_champsim_myscript/tango/tango_0042.champsim.gz,0,0,True,
42.75,9.3,0.9525,5.476,0.9947,0.8505,0.4877,0.5478,0.9437,cpu0_DTLB,DTLB,27048689,1.0,26617687,0.9841,431002,0.0159,4.31,179709,0.0066,27048689,26617687,0.9841,431002,0.0159,4.31,179709,0.0066,15.63,None,0.0,0,0,0,0,0.9841,26617687,431002,cpu0_ITLB,ITLB,9328603,1.0,9328340,1.0,263,0.0,0.0026,63,0.0,9328603,9328340,1.0,263,0.0,0.0026,63,0.0,219.3,None,0.0,0,0,0,0,1.0,9328340,263,cpu0_L1D,L1D,16694585,0.5777,15265838,0.9144,1428747,0.0856,14.2875,413032,0.0247,28896575,26080277,0.9025,2816298,0.0975,28.163,1407568,0.0487,6762,0.0002,87,0.0129,6675,0.9871,0.0667,24,0.0035,12195228,0.422,10814352,0.8868,1380876,0.1132,13.8088,994512,0.0815,276.7,None,0.0,0,0,0,0,0.9144,15265838,1428747,cpu0_L1I,L1I,11084984,1.0,8851075,0.7985,2233909,0.2015,22.3391,780783,0.0704,11084984,8851075,0.7985,2233909,0.2015,22.3391,780783,0.0704,114.5,None,0.0,0,0,0,0,0.7985,8851075,2233909,cpu0_L2C,L2C,2468827,0.7249,1487744,0.6026,981083,0.3974,9.8108,0,0.0,386349,0.1134,76168,0.1971,310181,0.8029,3.1018,0,0.0,3405819,1994131,0.5855,1411688,0.4145,14.1169,0,0.0,6651,0.002,1093,0.1643,5558,0.8357,0.0556,0,0.0,543992,0.1597,429126,0.7888,114866,0.2112,1.1487,0,0.0,377.9,None,0.0,0,0,0,0,0.5477,1563912,1291264,LLC,LLC,981083,0.5827,49628,0.0506,931455,0.9494,9.3145,0,0.0,310181,0.1842,7278,0.0235,302903,0.9765,3.029,0,0.0,1683827,101215,0.0601,1582612,0.9399,15.8261,0,0.0,5558,0.0033,62,0.0112,5496,0.9888,0.055,0,0.0,387005,0.2298,44247,0.1143,342758,0.8857,3.4276,0,0.0,325.7,None,0.0,0,0,0,0,0.0441,56906,1234358,cpu0_STLB,STLB,251493,1.0,248415,0.9878,3078,0.0122,0.0308,0,0.0,251493,248415,0.9878,3078,0.0122,0.0308,0,0.0,880.6,None,0.0,0,0,0,0,0.9878,248415,3078,5,0,0.436,229377048,100000002,,core,1,core.1.v1.,v1,,l1d,n,l1d.n.v1.,v1,,l1i,n,l1i.n.v1.,v1,,l2c,n,l2c.n.v1.,v1,,llc,1,llc.1.v1.,v1,,memory,1,memory.1.v2.,v2,,tlbs,n,tlbs.n.v1.,v1,5,1,tahoe_005_1_005.raw,5,myscript_google,tahoe,0.0,0.0,/mnt/storage/traces/gtrace_v2_champsim_myscript/tahoe/tahoe.log,100000000,100000000,1,1,/mnt/storage/traces/gtrace_v2_champsim_myscript/tahoe/tahoe_0005.champsim.gz,0,0,True,
41.15,10.33,0.9424,7.201,0.8567,1.129,0.2966,0.2816,0.5614,cpu0_DTLB,DTLB,22182788,1.0,21761725,0.981,421063,0.019,4.2106,175332,0.0079,22182788,21761725,0.981,421063,0.019,4.2106,175332,0.0079,23.77,None,0.0,0,0,0,0,0.981,21761725,421063,cpu0_ITLB,ITLB,8782505,1.0,8782491,1.0,14,0.0,0.0001,8,0.0,8782505,8782491,1.0,14,0.0,0.0001,8,0.0,929.0,None,0.0,0,0,0,0,1.0,8782491,14,cpu0_L1D,L1D,15050856,0.6462,13486276,0.896,1564580,0.104,15.6458,476721,0.0317,23290373,20591191,0.8841,2699182,0.1159,26.9918,1301129,0.0559,14570,0.0006,85,0.0058,14485,0.9942,0.1448,13,0.0009,8224947,0.3531,7104830,0.8638,1120117,0.1362,11.2012,824395,0.1002,178.9,None,0.0,0,0,0,0,0.896,13486276,1564580,cpu0_L1I,L1I,10678434,1.0,8951139,0.8382,1727295,0.1618,17.2729,672118,0.0629,10678434,8951139,0.8382,1727295,0.1618,17.2729,672118,0.0629,110.2,None,0.0,0,0,0,0,0.8382,8951139,1727295,cpu0_L2C,L2C,2143024,0.7391,1290945,0.6024,852079,0.3976,8.5208,0,0.0,295702,0.102,82708,0.2797,212994,0.7203,2.1299,0,0.0,2899607,1744248,0.6015,1155359,0.3985,11.5536,0,0.0,14472,0.005,2508,0.1733,11964,0.8267,0.1196,0,0.0,446409,0.154,368087,0.8246,78322,0.1754,0.7832,0,0.0,300.2,None,0.0,0,0,0,0,0.5633,1373653,1065073,LLC,LLC,852079,0.6314,93625,0.1099,758454,0.8901,7.5845,0,0.0,212994,0.1578,7778,0.0365,205216,0.9635,2.0522,0,0.0,1349468,140698,0.1043,1208770,0.8957,12.0877,0,0.0,11964,0.0089,312,0.0261,11652,0.9739,0.1165,0,0.0,272431,0.2019,38983,0.1431,233448,0.8569,2.3345,0,0.0,274.2,None,0.0,0,0,0,0,0.0952,101403,963670,cpu0_STLB,STLB,245737,1.0,239279,0.9737,6458,0.0263,0.0646,0,0.0,245737,239279,0.9737,6458,0.0263,0.0646,0,0.0,714.0,None,0.0,0,0,0,0,0.9737,239279,6458,65,0,0.4874,205151544,100000004,,core,1,core.1.v1.,v1,,l1d,n,l1d.n.v1.,v1,,l1i,n,l1i.n.v1.,v1,,l2c,n,l2c.n.v1.,v1,,llc,1,llc.1.v1.,v1,,memory,1,memory.1.v2.,v2,,tlbs,n,tlbs.n.v1.,v1,65,1,merced_065_1_065.raw,65,myscript_google,merced,0.0,0.0,/mnt/storage/traces/gtrace_v2_champsim_myscript/merced/merced.log,None,None,1,1,/mnt/storage/traces/gtrace_v2_champsim_myscript/merced/merced_0065.champsim.gz,0,0,True,
44.49,10.1,0.9458,6.034,1.473,0.8775,0.4633,0.4384,0.8092,cpu0_DTLB,DTLB,26856044,1.0,26366740,0.9818,489304,0.0182,4.893,208062,0.0077,26856044,26366740,0.9818,489304,0.0182,4.893,208062,0.0077,8.208,None,0.0,0,0,0,0,0.9818,26366740,489304,cpu0_ITLB,ITLB,8995063,1.0,8994981,1.0,82,0.0,0.0008,22,0.0,8995063,8994981,1.0,82,0.0,0.0008,22,0.0,111.8,None,0.0,0,0,0,0,1.0,8994981,82,cpu0_L1D,L1D,16865532,0.5943,15232216,0.9032,1633316,0.0968,16.3332,493469,0.0293,28379968,25086895,0.884,3293073,0.116,32.9307,1737174,0.0612,2226,0.0001,15,0.0067,2211,0.9933,0.0221,1,0.0004,11512210,0.4056,9854664,0.856,1657546,0.144,16.5755,1243704,0.108,195.8,None,0.0,0,0,0,0,0.9032,15232216,1633316,cpu0_L1I,L1I,10895264,1.0,8753897,0.8035,2141367,0.1965,21.4137,811133,0.0744,10895264,8753897,0.8035,2141367,0.1965,21.4137,811133,0.0744,121.7,None,0.0,0,0,0,0,0.8035,8753897,2141367,cpu0_L2C,L2C,2470067,0.7099,1485844,0.6015,984223,0.3985,9.8422,0,0.0,413818,0.1189,102402,0.2475,311416,0.7525,3.1142,0,0.0,3479614,2070431,0.595,1409183,0.405,14.0918,0,0.0,2210,0.0006,116,0.0525,2094,0.9475,0.0209,0,0.0,593519,0.1706,482069,0.8122,111450,0.1878,1.1145,0,0.0,314.8,None,0.0,0,0,0,0,0.5507,1588246,1295639,LLC,LLC,984223,0.5774,173926,0.1767,810297,0.8233,8.103,0,0.0,311416,0.1827,9430,0.0303,301986,0.9697,3.0199,0,0.0,1704597,230611,0.1353,1473986,0.8647,14.7399,0,0.0,2094,0.0012,13,0.0062,2081,0.9938,0.0208,0,0.0,406864,0.2387,47242,0.1161,359622,0.8839,3.5962,0,0.0,288.9,None,0.0,0,0,0,0,0.1415,183356,1112283,cpu0_STLB,STLB,281302,1.0,280217,0.9961,1085,0.0039,0.0108,0,0.0,281302,280217,0.9961,1085,0.0039,0.0108,0,0.0,836.5,None,0.0,0,0,0,0,0.9961,280217,1085,74,0,0.4691,213171679,100000001,,core,1,core.1.v1.,v1,,l1d,n,l1d.n.v1.,v1,,l1i,n,l1i.n.v1.,v1,,l2c,n,l2c.n.v1.,v1,,llc,1,llc.1.v1.,v1,,memory,1,memory.1.v2.,v2,,tlbs,n,tlbs.n.v1.,v1,74,1,yankee_074_1_074.raw,74,myscript_google,yankee,0.0,0.0,/mnt/storage/traces/gtrace_v2_champsim_myscript/yankee/yankee.log,None,None,1,1,/mnt/storage/traces/gtrace_v2_champsim_myscript/yankee/yankee_0074.champsim.gz,0,0,True,
34.35,12.69,0.9271,6.102,2.071,2.509,0.2548,0.4031,1.345,cpu0_DTLB,DTLB,26630263,1.0,25747306,0.9668,882957,0.0332,8.8296,363382,0.0136,26630263,25747306,0.9668,882957,0.0332,8.8296,363382,0.0136,11.4,None,0.0,0,0,0,0,0.9668,25747306,882957,cpu0_ITLB,ITLB,12206751,1.0,12206509,1.0,242,0.0,0.0024,125,0.0,12206751,12206509,1.0,242,0.0,0.0024,125,0.0,405.6,None,0.0,0,0,0,0,1.0,12206509,242,cpu0_L1D,L1D,16464452,0.5837,14023217,0.8517,2441235,0.1483,24.4123,603743,0.0367,28206575,23977273,0.8501,4229302,0.1499,42.293,1765346,0.0626,10076,0.0004,32,0.0032,10044,0.9968,0.1004,3,0.0003,11732047,0.4159,9954024,0.8484,1778023,0.1516,17.7802,1161600,0.099,260.9,None,0.0,0,0,0,0,0.8517,14023217,2441235,cpu0_L1I,L1I,14712628,1.0,9778922,0.6647,4933706,0.3353,49.3371,1846254,0.1255,14712628,9778922,0.6647,4933706,0.3353,49.3371,1846254,0.1255,96.12,None,0.0,0,0,0,0,0.6647,9778922,4933706,cpu0_L2C,L2C,4924925,0.7504,3059395,0.6212,1865530,0.3788,18.6553,0,0.0,616367,0.0939,211102,0.3425,405265,0.6575,4.0526,0,0.0,6562867,4102774,0.6251,2460093,0.3749,24.6009,0,0.0,10041,0.0015,617,0.0614,9424,0.9386,0.0942,0,0.0,1011534,0.1541,831660,0.8222,179874,0.1778,1.7987,0,0.0,363.7,None,0.0,0,0,0,0,0.5902,3270497,2270795,LLC,LLC,1865530,0.6407,156278,0.0838,1709252,0.9162,17.0925,0,0.0,405265,0.1392,21116,0.0521,384149,0.9479,3.8415,0,0.0,2911895,266756,0.0916,2645139,0.9084,26.4514,0,0.0,9424,0.0032,347,0.0368,9077,0.9632,0.0908,0,0.0,631676,0.2169,89015,0.1409,542661,0.8591,5.4266,0,0.0,326.1,None,0.0,0,0,0,0,0.0781,177394,2093401,cpu0_STLB,STLB,519692,1.0,514654,0.9903,5038,0.0097,0.0504,0,0.0,519692,514654,0.9903,5038,0.0097,0.0504,0,0.0,668.4,None,0.0,0,0,0,0,0.9903,514654,5038,23,0,0.2863,349293343,100000002,,core,1,core.1.v1.,v1,,l1d,n,l1d.n.v1.,v1,,l1i,n,l1i.n.v1.,v1,,l2c,n,l2c.n.v1.,v1,,llc,1,llc.1.v1.,v1,,memory,1,memory.1.v2.,v2,,tlbs,n,tlbs.n.v1.,v1,23,1,sierra.a.4_023_1_023.raw,23,myscript_google,sierra.a.4,0.0,0.0,/mnt/storage/traces/gtrace_v2_champsim_myscript/sierra.a.4/sierra.a.4.log,100000000,100000000,1,1,/mnt/storage/traces/gtrace_v2_champsim_myscript/sierra.a.4/sierra.a.4_0023.champsim.gz,0,0,True,
72.09,6.336,0.9648,3.539,0.7725,0.5174,0.4857,0.264,0.7574,cpu0_DTLB,DTLB,25949885,1.0,25297282,0.9749,652603,0.0251,6.526,290315,0.0112,25949885,25297282,0.9749,652603,0.0251,6.526,290315,0.0112,11.06,None,0.0,0,0,0,0,0.9749,25297282,652603,cpu0_ITLB,ITLB,11258012,1.0,11256645,0.9999,1367,0.0001,0.0137,932,0.0001,11258012,11256645,0.9999,1367,0.0001,0.0137,932,0.0001,32.57,None,0.0,0,0,0,0,0.9999,11256645,1367,cpu0_L1D,L1D,14855836,0.5373,13423150,0.9036,1432686,0.0964,14.3269,453436,0.0305,27651558,24615267,0.8902,3036291,0.1098,30.3629,1709281,0.0618,6594,0.0002,57,0.0086,6537,0.9914,0.0654,58,0.0088,12789128,0.4625,11192060,0.8751,1597068,0.1249,15.9707,1255787,0.0982,165.6,None,0.0,0,0,0,0,0.9036,13423150,1432686,cpu0_L1I,L1I,13246707,1.0,10365919,0.7825,2880788,0.2175,28.8079,1128628,0.0852,13246707,10365919,0.7825,2880788,0.2175,28.8079,1128628,0.0852,40.17,None,0.0,0,0,0,0,0.7825,10365919,2880788,cpu0_L2C,L2C,2731400,0.7551,2215745,0.8112,515655,0.1888,5.1565,0,0.0,341258,0.0943,80847,0.2369,260411,0.7631,2.6041,0,0.0,3617364,2756016,0.7619,861348,0.2381,8.6135,0,0.0,6479,0.0018,933,0.144,5546,0.856,0.0555,0,0.0,538227,0.1488,458491,0.8519,79736,0.1481,0.7974,0,0.0,309.5,None,0.0,0,0,0,0,0.7474,2296592,776066,LLC,LLC,515655,0.4523,57138,0.1108,458517,0.8892,4.5852,0,0.0,260411,0.2284,7844,0.0301,252567,0.9699,2.5257,0,0.0,1140125,113253,0.0993,1026872,0.9007,10.2687,0,0.0,5546,0.0049,194,0.035,5352,0.965,0.0535,0,0.0,358513,0.3145,48077,0.1341,310436,0.8659,3.1044,0,0.0,249.9,None,0.0,0,0,0,0,0.0837,64982,711084,cpu0_STLB,STLB,362723,1.0,359740,0.9918,2983,0.0082,0.0298,0,0.0,362723,359740,0.9918,2983,0.0082,0.0298,0,0.0,739.1,None,0.0,0,0,0,0,0.9918,359740,2983,2,0,0.6509,153632669,100000002,,core,1,core.1.v1.,v1,,l1d,n,l1d.n.v1.,v1,,l1i,n,l1i.n.v1.,v1,,l2c,n,l2c.n.v1.,v1,,llc,1,llc.1.v1.,v1,,memory,1,memory.1.v2.,v2,,tlbs,n,tlbs.n.v1.,v1,2,1,tango_002_1_002.raw,2,myscript_google,tango,0.0,0.0,/mnt/storage/traces/gtrace_v2_champsim_myscript/tango/tango.log,100000000,100000000,1,1,/mnt/storage/traces/gtrace_v2_champsim_myscript/tango/tango_0002.champsim.gz,0,0,True,
40.17,11.06,0.9369,7.604,0.9689,1.24,0.3027,0.3074,0.6383,cpu0_DTLB,DTLB,23390899,1.0,22802883,0.9749,588016,0.0251,5.8802,244038,0.0104,23390899,22802883,0.9749,588016,0.0251,5.8802,244038,0.0104,21.21,None,0.0,0,0,0,0,0.9749,22802883,588016,cpu0_ITLB,ITLB,9021435,1.0,9021421,1.0,14,0.0,0.0001,4,0.0,9021435,9021421,1.0,14,0.0,0.0001,4,0.0,807.7,None,0.0,0,0,0,0,1.0,9021421,14,cpu0_L1D,L1D,15622758,0.6338,13813944,0.8842,1808814,0.1158,18.0881,553261,0.0354,24649037,21621527,0.8772,3027510,0.1228,30.2751,1439025,0.0584,17320,0.0007,97,0.0056,17223,0.9944,0.1722,21,0.0012,9008959,0.3655,7807486,0.8666,1201473,0.1334,12.0147,885743,0.0983,169.8,None,0.0,0,0,0,0,0.8842,13813944,1808814,cpu0_L1I,L1I,10951878,1.0,8608289,0.786,2343589,0.214,23.4359,936218,0.0855,10951878,8608289,0.786,2343589,0.214,23.4359,936218,0.0855,92.31,None,0.0,0,0,0,0,0.786,8608289,2343589,cpu0_L2C,L2C,2662906,0.7672,1695162,0.6366,967744,0.3634,9.6774,0,0.0,315709,0.091,89882,0.2847,225827,0.7153,2.2583,0,0.0,3471159,2176726,0.6271,1294433,0.3729,12.9443,0,0.0,17202,0.005,3181,0.1849,14021,0.8151,0.1402,0,0.0,475342,0.1369,388501,0.8173,86841,0.1827,0.8684,0,0.0,290.5,None,0.0,0,0,0,0,0.5993,1785044,1193571,LLC,LLC,967744,0.6442,119303,0.1233,848441,0.8767,8.4844,0,0.0,225827,0.1503,7836,0.0347,217991,0.9653,2.1799,0,0.0,1502151,165544,0.1102,1336607,0.8898,13.3661,0,0.0,14021,0.0093,241,0.0172,13780,0.9828,0.1378,0,0.0,294559,0.1961,38164,0.1296,256395,0.8704,2.5639,0,0.0,268.4,None,0.0,0,0,0,0,0.1065,127139,1066432,cpu0_STLB,STLB,343988,1.0,336189,0.9773,7799,0.0227,0.078,0,0.0,343988,336189,0.9773,7799,0.0227,0.078,0,0.0,715.1,None,0.0,0,0,0,0,0.9773,336189,7799,6,0,0.4387,227924464,100000001,,core,1,core.1.v1.,v1,,l1d,n,l1d.n.v1.,v1,,l1i,n,l1i.n.v1.,v1,,l2c,n,l2c.n.v1.,v1,,llc,1,llc.1.v1.,v1,,memory,1,memory.1.v2.,v2,,tlbs,n,tlbs.n.v1.,v1,6,1,merced_006_1_006.raw,6,myscript_google,merced,0.0,0.0,/mnt/storage/traces/gtrace_v2_champsim_myscript/merced/merced.log,None,None,1,1,/mnt/storage/traces/gtrace_v2_champsim_myscript/merced/merced_0006.champsim.gz,0,0,True,
42.89,10.67,0.9423,6.353,1.461,0.945,0.5626,0.4658,0.886,cpu0_DTLB,DTLB,27046821,1.0,26498959,0.9797,547862,0.0203,5.4786,233354,0.0086,27046821,26498959,0.9797,547862,0.0203,5.4786,233354,0.0086,9.538,None,0.0,0,0,0,0,0.9797,26498959,547862,cpu0_ITLB,ITLB,8851286,1.0,8851139,1.0,147,0.0,0.0015,69,0.0,8851286,8851139,1.0,147,0.0,0.0015,69,0.0,121.3,None,0.0,0,0,0,0,1.0,8851139,147,cpu0_L1D,L1D,16664087,0.583,14994995,0.8998,1669092,0.1002,16.6909,498302,0.0299,28581567,25224419,0.8825,3357148,0.1175,33.5715,1747617,0.0611,3916,0.0001,40,0.0102,3876,0.9898,0.0388,6,0.0015,11913564,0.4168,10229384,0.8586,1684180,0.1414,16.8418,1249309,0.1049,196.9,None,0.0,0,0,0,0,0.8998,14994995,1669092,cpu0_L1I,L1I,10738849,1.0,8494285,0.791,2244564,0.209,22.4456,849408,0.0791,10738849,8494285,0.791,2244564,0.209,22.4456,849408,0.0791,129.5,None,0.0,0,0,0,0,0.791,8494285,2244564,cpu0_L2C,L2C,2565930,0.7087,1550970,0.6044,1014960,0.3956,10.1496,0,0.0,434838,0.1201,114759,0.2639,320079,0.7361,3.2008,0,0.0,3620777,2171239,0.5997,1449538,0.4003,14.4954,0,0.0,3870,0.0011,456,0.1178,3414,0.8822,0.0341,0,0.0,616139,0.1702,505054,0.8197,111085,0.1803,1.1108,0,0.0,326.9,None,0.0,0,0,0,0,0.5551,1665729,1335039,LLC,LLC,1014960,0.5797,109046,0.1074,905914,0.8926,9.0591,0,0.0,320079,0.1828,12459,0.0389,307620,0.9611,3.0762,0,0.0,1750713,174527,0.0997,1576186,0.9003,15.7619,0,0.0,3414,0.002,32,0.0094,3382,0.9906,0.0338,0,0.0,412260,0.2355,52990,0.1285,359270,0.8715,3.5927,0,0.0,288.9,None,0.0,0,0,0,0,0.091,121505,1213534,cpu0_STLB,STLB,314586,1.0,312793,0.9943,1793,0.0057,0.0179,0,0.0,314586,312793,0.9943,1793,0.0057,0.0179,0,0.0,799.9,None,0.0,0,0,0,0,0.9943,312793,1793,25,0,0.4335,230696834,100000004,,core,1,core.1.v1.,v1,,l1d,n,l1d.n.v1.,v1,,l1i,n,l1i.n.v1.,v1,,l2c,n,l2c.n.v1.,v1,,llc,1,llc.1.v1.,v1,,memory,1,memory.1.v2.,v2,,tlbs,n,tlbs.n.v1.,v1,25,1,yankee_025_1_025.raw,25,myscript_google,yankee,0.0,0.0,/mnt/storage/traces/gtrace_v2_champsim_myscript/yankee/yankee.log,None,None,1,1,/mnt/storage/traces/gtrace_v2_champsim_myscript/yankee/yankee_0025.champsim.gz,0,0,True,
152.2,2.049,0.9887,1.777,0.0598,0.0518,0.095,0.0191,0.0463,cpu0_DTLB,DTLB,23939792,1.0,23566524,0.9844,373268,0.0156,3.7327,210733,0.0088,23939792,23566524,0.9844,373268,0.0156,3.7327,210733,0.0088,6.844,None,0.0,0,0,0,0,0.9844,23566524,373268,cpu0_ITLB,ITLB,11892520,1.0,11892518,1.0,2,0.0,0.0,1,0.0,11892520,11892518,1.0,2,0.0,0.0,1,0.0,980.0,None,0.0,0,0,0,0,1.0,11892518,2,cpu0_L1D,L1D,14415442,0.5617,11966940,0.8301,2448502,0.1699,24.485,1314205,0.0912,25665146,20386192,0.7943,5278954,0.2057,52.7895,3481352,0.1356,755,0.0,1,0.0013,754,0.9987,0.0075,0,0.0,11248949,0.4383,8419251,0.7484,2829698,0.2516,28.297,2167147,0.1927,437.4,None,0.0,0,0,0,0,0.8301,11966940,2448502,cpu0_L1I,L1I,14213081,1.0,14091778,0.9915,121303,0.0085,1.213,46871,0.0033,14213081,14091778,0.9915,121303,0.0085,1.213,46871,0.0033,265.6,None,0.0,0,0,0,0,0.9915,14091778,121303,cpu0_L2C,L2C,1208722,0.4241,304940,0.2523,903782,0.7477,9.0378,0,0.0,662543,0.2324,62069,0.0937,600474,0.9063,6.0047,0,0.0,2850416,1081751,0.3795,1768665,0.6205,17.6866,0,0.0,754,0.0003,49,0.065,705,0.935,0.007,0,0.0,978397,0.3432,714693,0.7305,263704,0.2695,2.637,0,0.0,447.0,None,0.0,0,0,0,0,0.1961,367009,1504256,LLC,LLC,903782,0.387,66140,0.0732,837642,0.9268,8.3764,0,0.0,600474,0.2571,6900,0.0115,593574,0.9885,5.9357,0,0.0,2335271,99483,0.0426,2235788,0.9574,22.3579,0,0.0,705,0.0003,1,0.0014,704,0.9986,0.007,0,0.0,830310,0.3556,26442,0.0318,803868,0.9682,8.0387,0,0.0,345.6,None,0.0,0,0,0,0,0.0486,73040,1431216,cpu0_STLB,STLB,162536,1.0,162170,0.9977,366,0.0023,0.0037,0,0.0,162536,162170,0.9977,366,0.0023,0.0037,0,0.0,820.5,None,0.0,0,0,0,0,0.9977,162170,366,19,0,0.482,207463812,100000002,,core,1,core.1.v1.,v1,,l1d,n,l1d.n.v1.,v1,,l1i,n,l1i.n.v1.,v1,,l2c,n,l2c.n.v1.,v1,,llc,1,llc.1.v1.,v1,,memory,1,memory.1.v2.,v2,,tlbs,n,tlbs.n.v1.,v1,19,1,merced_019_1_019.raw,19,myscript_google,merced,0.0,0.0,/mnt/storage/traces/gtrace_v2_champsim_myscript/merced/merced.log,None,None,1,1,/mnt/storage/traces/gtrace_v2_champsim_myscript/merced/merced_0019.champsim.gz,0,0,True,
42.62,10.5,0.9436,6.0,1.656,0.9439,0.4855,0.4919,0.9194,cpu0_DTLB,DTLB,26636972,1.0,26116040,0.9804,520932,0.0196,5.2093,221488,0.0083,26636972,26116040,0.9804,520932,0.0196,5.2093,221488,0.0083,8.709,None,0.0,0,0,0,0,0.9804,26116040,520932,cpu0_ITLB,ITLB,9195056,1.0,9194978,1.0,78,0.0,0.0008,25,0.0,9195056,9194978,1.0,78,0.0,0.0008,25,0.0,372.8,None,0.0,0,0,0,0,1.0,9194978,78,cpu0_L1D,L1D,16459968,0.5846,14837806,0.9014,1622162,0.0986,16.2216,490360,0.0298,28154312,24868088,0.8833,3286224,0.1167,32.8622,1736632,0.0617,2751,0.0001,20,0.0073,2731,0.9927,0.0273,3,0.0011,11691593,0.4153,10030262,0.8579,1661331,0.1421,16.6133,1246269,0.1066,202.8,None,0.0,0,0,0,0,0.9014,14837806,1622162,cpu0_L1I,L1I,11106818,1.0,8761595,0.7888,2345223,0.2112,23.4522,884824,0.0797,11106818,8761595,0.7888,2345223,0.2112,23.4522,884824,0.0797,131.9,None,0.0,0,0,0,0,0.7888,8761595,2345223,cpu0_L2C,L2C,2592184,0.7175,1505074,0.5806,1087110,0.4194,10.8711,0,0.0,415030,0.1149,97502,0.2349,317528,0.7651,3.1753,0,0.0,3612673,2085508,0.5773,1527165,0.4227,15.2716,0,0.0,2728,0.0008,191,0.07,2537,0.93,0.0254,0,0.0,602731,0.1668,482741,0.8009,119990,0.1991,1.1999,0,0.0,316.4,None,0.0,0,0,0,0,0.5329,1602576,1404638,LLC,LLC,1087110,0.5939,139720,0.1285,947390,0.8715,9.4739,0,0.0,317528,0.1735,9972,0.0314,307556,0.9686,3.0756,0,0.0,1830441,200686,0.1096,1629755,0.8904,16.2975,0,0.0,2537,0.0014,62,0.0244,2475,0.9756,0.0247,0,0.0,423266,0.2312,50932,0.1203,372334,0.8797,3.7233,0,0.0,284.5,None,0.0,0,0,0,0,0.1066,149692,1254946,cpu0_STLB,STLB,299497,1.0,298179,0.9956,1318,0.0044,0.0132,0,0.0,299497,298179,0.9956,1318,0.0044,0.0132,0,0.0,856.4,None,0.0,0,0,0,0,0.9956,298179,1318,76,0,0.4226,236640228,100000004,,core,1,core.1.v1.,v1,,l1d,n,l1d.n.v1.,v1,,l1i,n,l1i.n.v1.,v1,,l2c,n,l2c.n.v1.,v1,,llc,1,llc.1.v1.,v1,,memory,1,memory.1.v2.,v2,,tlbs,n,tlbs.n.v1.,v1,76,1,yankee_076_1_076.raw,76,myscript_google,yankee,0.0,0.0,/mnt/storage/traces/gtrace_v2_champsim_myscript/yankee/yankee.log,None,None,1,1,/mnt/storage/traces/gtrace_v2_champsim_myscript/yankee/yankee_0076.champsim.gz,0,0,True,
44.2,10.22,0.9448,5.889,1.596,0.9059,0.4739,0.4699,0.8847,cpu0_DTLB,DTLB,26479961,1.0,25959617,0.9803,520344,0.0197,5.2034,219553,0.0083,26479961,25959617,0.9803,520344,0.0197,5.2034,219553,0.0083,8.021,None,0.0,0,0,0,0,0.9803,25959617,520344,cpu0_ITLB,ITLB,9248365,1.0,9248257,1.0,108,0.0,0.0011,32,0.0,9248365,9248257,1.0,108,0.0,0.0011,32,0.0,244.9,None,0.0,0,0,0,0,1.0,9248257,108,cpu0_L1D,L1D,16688054,0.5962,15161286,0.9085,1526768,0.0915,15.2677,426860,0.0256,27988864,24882469,0.889,3106395,0.111,31.0639,1599565,0.0572,2218,0.0001,7,0.0032,2211,0.9968,0.0221,1,0.0005,11298592,0.4037,9721176,0.8604,1577416,0.1396,15.7742,1172704,0.1038,191.1,None,0.0,0,0,0,0,0.9085,15161286,1526768,cpu0_L1I,L1I,11133959,1.0,8817437,0.7919,2316522,0.2081,23.1652,876058,0.0787,11133959,8817437,0.7919,2316522,0.2081,23.1652,876058,0.0787,109.3,None,0.0,0,0,0,0,0.7919,8817437,2316522,cpu0_L2C,L2C,2540361,0.7198,1560660,0.6143,979701,0.3857,9.797,0,0.0,404687,0.1147,99495,0.2459,305192,0.7541,3.0519,0,0.0,3529304,2130214,0.6036,1399090,0.3964,13.9909,0,0.0,2210,0.0006,183,0.0828,2027,0.9172,0.0203,0,0.0,582046,0.1649,469876,0.8073,112170,0.1927,1.1217,0,0.0,301.7,None,0.0,0,0,0,0,0.5637,1660155,1284893,LLC,LLC,979701,0.5817,190799,0.1948,788902,0.8052,7.889,0,0.0,305192,0.1812,11445,0.0375,293747,0.9625,2.9375,0,0.0,1684313,253282,0.1504,1431031,0.8496,14.3103,0,0.0,2027,0.0012,24,0.0118,2003,0.9882,0.02,0,0.0,397393,0.2359,51014,0.1284,346379,0.8716,3.4638,0,0.0,282.6,None,0.0,0,0,0,0,0.1574,202244,1082649,cpu0_STLB,STLB,300867,1.0,299785,0.9964,1082,0.0036,0.0108,0,0.0,300867,299785,0.9964,1082,0.0036,0.0108,0,0.0,855.5,None,0.0,0,0,0,0,0.9964,299785,1082,53,0,0.4722,211781456,100000000,,core,1,core.1.v1.,v1,,l1d,n,l1d.n.v1.,v1,,l1i,n,l1i.n.v1.,v1,,l2c,n,l2c.n.v1.,v1,,llc,1,llc.1.v1.,v1,,memory,1,memory.1.v2.,v2,,tlbs,n,tlbs.n.v1.,v1,53,1,yankee_053_1_053.raw,53,myscript_google,yankee,0.0,0.0,/mnt/storage/traces/gtrace_v2_champsim_myscript/yankee/yankee.log,None,None,1,1,/mnt/storage/traces/gtrace_v2_champsim_myscript/yankee/yankee_0053.champsim.gz,0,0,True,
62.09,7.552,0.9608,4.005,1.112,0.7266,0.4609,0.3356,0.9121,cpu0_DTLB,DTLB,26200903,1.0,25491418,0.9729,709485,0.0271,7.0948,323073,0.0123,26200903,25491418,0.9729,709485,0.0271,7.0948,323073,0.0123,14.46,None,0.0,0,0,0,0,0.9729,25491418,709485,cpu0_ITLB,ITLB,11251271,1.0,11249386,0.9998,1885,0.0002,0.0188,1289,0.0001,11251271,11249386,0.9998,1885,0.0002,0.0188,1289,0.0001,29.37,None,0.0,0,0,0,0,0.9998,11249386,1885,cpu0_L1D,L1D,14991277,0.5372,13376330,0.8923,1614947,0.1077,16.1495,478881,0.0319,27907026,24787147,0.8882,3119879,0.1118,31.1988,1621156,0.0581,10935,0.0004,106,0.0097,10829,0.9903,0.1083,127,0.0116,12904814,0.4624,11410711,0.8842,1494103,0.1158,14.941,1142148,0.0885,173.7,None,0.0,0,0,0,0,0.8923,13376330,1614947,cpu0_L1I,L1I,13226768,1.0,9570713,0.7236,3656055,0.2764,36.5605,1428064,0.108,13226768,9570713,0.7236,3656055,0.2764,36.5605,1428064,0.108,29.12,None,0.0,0,0,0,0,0.7236,9570713,3656055,cpu0_L2C,L2C,3364042,0.7744,2779250,0.8262,584792,0.1738,5.8479,0,0.0,351935,0.081,98749,0.2806,253186,0.7194,2.5319,0,0.0,4344110,3385394,0.7793,958716,0.2207,9.5872,0,0.0,10702,0.0025,1656,0.1547,9046,0.8453,0.0905,0,0.0,617431,0.1421,505739,0.8191,111692,0.1809,1.1169,0,0.0,309.7,None,0.0,0,0,0,0,0.7745,2877999,837978,LLC,LLC,584792,0.4624,43557,0.0745,541235,0.9255,5.4123,0,0.0,253186,0.2002,9811,0.0388,243375,0.9612,2.4337,0,0.0,1264627,109829,0.0868,1154798,0.9132,11.548,0,0.0,9046,0.0072,248,0.0274,8798,0.9726,0.088,0,0.0,417603,0.3302,56213,0.1346,361390,0.8654,3.6139,0,0.0,247.9,None,0.0,0,0,0,0,0.0637,53368,784610,cpu0_STLB,STLB,387008,1.0,382040,0.9872,4968,0.0128,0.0497,0,0.0,387008,382040,0.9872,4968,0.0128,0.0497,0,0.0,737.9,None,0.0,0,0,0,0,0.9872,382040,4968,9,0,0.5913,169127185,100000003,,core,1,core.1.v1.,v1,,l1d,n,l1d.n.v1.,v1,,l1i,n,l1i.n.v1.,v1,,l2c,n,l2c.n.v1.,v1,,llc,1,llc.1.v1.,v1,,memory,1,memory.1.v2.,v2,,tlbs,n,tlbs.n.v1.,v1,9,1,tango_009_1_009.raw,9,myscript_google,tango,0.0,0.0,/mnt/storage/traces/gtrace_v2_champsim_myscript/tango/tango.log,100000000,100000000,1,1,/mnt/storage/traces/gtrace_v2_champsim_myscript/tango/tango_0009.champsim.gz,0,0,True,
42.81,10.63,0.9425,5.919,1.778,0.8951,0.5316,0.5044,1.006,cpu0_DTLB,DTLB,27043891,1.0,26520544,0.9806,523347,0.0194,5.2335,220025,0.0081,27043891,26520544,0.9806,523347,0.0194,5.2335,220025,0.0081,8.883,None,0.0,0,0,0,0,0.9806,26520544,523347,cpu0_ITLB,ITLB,9380867,1.0,9380685,1.0,182,0.0,0.0018,66,0.0,9380867,9380685,1.0,182,0.0,0.0018,66,0.0,165.6,None,0.0,0,0,0,0,1.0,9380685,182,cpu0_L1D,L1D,16411135,0.574,14532236,0.8855,1878899,0.1145,18.789,563953,0.0344,28590706,24837589,0.8687,3753117,0.1313,37.5312,1979567,0.0692,3134,0.0001,15,0.0048,3119,0.9952,0.0312,3,0.001,12176437,0.4259,10305338,0.8463,1871099,0.1537,18.711,1415611,0.1163,202.7,None,0.0,0,0,0,0,0.8855,14532236,1878899,cpu0_L1I,L1I,11258200,1.0,8574140,0.7616,2684060,0.2384,26.8406,1023814,0.0909,11258200,8574140,0.7616,2684060,0.2384,26.8406,1023814,0.0909,132.2,None,0.0,0,0,0,0,0.7616,8574140,2684060,cpu0_L2C,L2C,2975177,0.7245,1712062,0.5754,1263115,0.4246,12.6311,0,0.0,455448,0.1109,111073,0.2439,344375,0.7561,3.4438,0,0.0,4106487,2359793,0.5747,1746694,0.4253,17.4669,0,0.0,3116,0.0008,229,0.0735,2887,0.9265,0.0289,0,0.0,672746,0.1638,536429,0.7974,136317,0.2026,1.3632,0,0.0,316.0,None,0.0,0,0,0,0,0.5314,1823135,1607490,LLC,LLC,1263115,0.6049,146323,0.1158,1116792,0.8842,11.1679,0,0.0,344375,0.1649,11681,0.0339,332694,0.9661,3.3269,0,0.0,2088066,217884,0.1043,1870182,0.8957,18.7018,0,0.0,2887,0.0014,25,0.0087,2862,0.9913,0.0286,0,0.0,477689,0.2288,59855,0.1253,417834,0.8747,4.1783,0,0.0,283.2,None,0.0,0,0,0,0,0.0983,158004,1449486,cpu0_STLB,STLB,303438,1.0,301922,0.995,1516,0.005,0.0152,0,0.0,303438,301922,0.995,1516,0.005,0.0152,0,0.0,788.1,None,0.0,0,0,0,0,0.995,301922,1516,15,0,0.3758,266066239,100000000,,core,1,core.1.v1.,v1,,l1d,n,l1d.n.v1.,v1,,l1i,n,l1i.n.v1.,v1,,l2c,n,l2c.n.v1.,v1,,llc,1,llc.1.v1.,v1,,memory,1,memory.1.v2.,v2,,tlbs,n,tlbs.n.v1.,v1,15,1,yankee_015_1_015.raw,15,myscript_google,yankee,0.0,0.0,/mnt/storage/traces/gtrace_v2_champsim_myscript/yankee/yankee.log,None,None,1,1,/mnt/storage/traces/gtrace_v2_champsim_myscript/yankee/yankee_0015.champsim.gz,0,0,True,
44.0,10.2,0.9456,5.992,1.491,0.8315,0.5072,0.5111,0.8657,cpu0_DTLB,DTLB,26972067,1.0,26438657,0.9802,533410,0.0198,5.3341,227698,0.0084,26972067,26438657,0.9802,533410,0.0198,5.3341,227698,0.0084,8.301,None,0.0,0,0,0,0,0.9802,26438657,533410,cpu0_ITLB,ITLB,8917239,1.0,8917170,1.0,69,0.0,0.0007,33,0.0,8917239,8917170,1.0,69,0.0,0.0007,33,0.0,151.1,None,0.0,0,0,0,0,1.0,8917170,69,cpu0_L1D,L1D,16745263,0.588,15082572,0.9007,1662691,0.0993,16.6269,501859,0.03,28477182,25020987,0.8786,3456195,0.1214,34.5619,1859548,0.0653,2491,0.0001,10,0.004,2481,0.996,0.0248,1,0.0004,11729428,0.4119,9938405,0.8473,1791023,0.1527,17.9102,1357688,0.1158,208.7,None,0.0,0,0,0,0,0.9007,15082572,1662691,cpu0_L1I,L1I,10702611,1.0,8708398,0.8137,1994213,0.1863,19.9421,744500,0.0696,10702611,8708398,0.8137,1994213,0.1863,19.9421,744500,0.0696,135.3,None,0.0,0,0,0,0,0.8137,8708398,1994213,cpu0_L2C,L2C,2410528,0.6971,1397919,0.5799,1012609,0.4201,10.1261,0,0.0,433309,0.1253,99381,0.2294,333928,0.7706,3.3393,0,0.0,3458048,1986611,0.5745,1471437,0.4255,14.7144,0,0.0,2480,0.0007,195,0.0786,2285,0.9214,0.0228,0,0.0,611731,0.1769,489116,0.7996,122615,0.2004,1.2261,0,0.0,326.0,None,0.0,0,0,0,0,0.5265,1497300,1346537,LLC,LLC,1012609,0.568,136692,0.135,875917,0.865,8.7592,0,0.0,333928,0.1873,9516,0.0285,324412,0.9715,3.2441,0,0.0,1782812,192275,0.1078,1590537,0.8922,15.9054,0,0.0,2285,0.0013,15,0.0066,2270,0.9934,0.0227,0,0.0,433990,0.2434,46052,0.1061,387938,0.8939,3.8794,0,0.0,290.0,None,0.0,0,0,0,0,0.1086,146208,1200329,cpu0_STLB,STLB,305748,1.0,304586,0.9962,1162,0.0038,0.0116,0,0.0,305748,304586,0.9962,1162,0.0038,0.0116,0,0.0,871.8,None,0.0,0,0,0,0,0.9962,304586,1162,64,0,0.438,228320260,100000003,,core,1,core.1.v1.,v1,,l1d,n,l1d.n.v1.,v1,,l1i,n,l1i.n.v1.,v1,,l2c,n,l2c.n.v1.,v1,,llc,1,llc.1.v1.,v1,,memory,1,memory.1.v2.,v2,,tlbs,n,tlbs.n.v1.,v1,64,1,yankee_064_1_064.raw,64,myscript_google,yankee,0.0,0.0,/mnt/storage/traces/gtrace_v2_champsim_myscript/yankee/yankee.log,None,None,1,1,/mnt/storage/traces/gtrace_v2_champsim_myscript/yankee/yankee_0064.champsim.gz,0,0,True,
39.15,10.86,0.9388,7.413,0.9751,1.195,0.3021,0.3355,0.6423,cpu0_DTLB,DTLB,23066884,1.0,22531785,0.9768,535099,0.0232,5.351,224640,0.0097,23066884,22531785,0.9768,535099,0.0232,5.351,224640,0.0097,22.77,None,0.0,0,0,0,0,0.9768,22531785,535099,cpu0_ITLB,ITLB,9200435,1.0,9200431,1.0,4,0.0,0.0,0,0.0,9200435,9200431,1.0,4,0.0,0.0,0,0.0,971.5,None,0.0,0,0,0,0,1.0,9200431,4,cpu0_L1D,L1D,15252673,0.628,13555746,0.8887,1696927,0.1113,16.9693,503249,0.033,24287029,21254618,0.8751,3032411,0.1249,30.3241,1481260,0.061,17177,0.0007,106,0.0062,17071,0.9938,0.1707,6,0.0003,9017179,0.3713,7698766,0.8538,1318413,0.1462,13.1841,978005,0.1085,178.7,None,0.0,0,0,0,0,0.8887,13555746,1696927,cpu0_L1I,L1I,11154826,1.0,8923826,0.8,2231000,0.2,22.31,880704,0.079,11154826,8923826,0.8,2231000,0.2,22.31,880704,0.079,108.4,None,0.0,0,0,0,0,0.8,8923826,2231000,cpu0_L2C,L2C,2543950,0.7485,1576499,0.6197,967451,0.3803,9.6745,0,0.0,340391,0.1002,98891,0.2905,241500,0.7095,2.415,0,0.0,3398739,2085741,0.6137,1312998,0.3863,13.13,0,0.0,17065,0.005,3191,0.187,13874,0.813,0.1387,0,0.0,497333,0.1463,407160,0.8187,90173,0.1813,0.9017,0,0.0,305.1,None,0.0,0,0,0,0,0.5809,1675390,1208951,LLC,LLC,967451,0.6318,69672,0.072,897779,0.928,8.9778,0,0.0,241500,0.1577,9931,0.0411,231569,0.9589,2.3157,0,0.0,1531343,122960,0.0803,1408383,0.9197,14.0838,0,0.0,13874,0.0091,248,0.0179,13626,0.9821,0.1363,0,0.0,308518,0.2015,43109,0.1397,265409,0.8603,2.6541,0,0.0,272.1,None,0.0,0,0,0,0,0.0658,79603,1129348,cpu0_STLB,STLB,310463,1.0,302762,0.9752,7701,0.0248,0.077,0,0.0,310463,302762,0.9752,7701,0.0248,0.077,0,0.0,715.8,None,0.0,0,0,0,0,0.9752,302762,7701,13,0,0.4282,233533326,100000002,,core,1,core.1.v1.,v1,,l1d,n,l1d.n.v1.,v1,,l1i,n,l1i.n.v1.,v1,,l2c,n,l2c.n.v1.,v1,,llc,1,llc.1.v1.,v1,,memory,1,memory.1.v2.,v2,,tlbs,n,tlbs.n.v1.,v1,13,1,merced_013_1_013.raw,13,myscript_google,merced,0.0,0.0,/mnt/storage/traces/gtrace_v2_champsim_myscript/merced/merced.log,None,None,1,1,/mnt/storage/traces/gtrace_v2_champsim_myscript/merced/merced_0013.champsim.gz,0,0,True,
65.42,6.819,0.9631,3.223,0.8976,1.318,0.243,0.3211,0.8166,cpu0_DTLB,DTLB,26108844,1.0,25337876,0.9705,770968,0.0295,7.7097,305655,0.0117,26108844,25337876,0.9705,770968,0.0295,7.7097,305655,0.0117,5.469,None,0.0,0,0,0,0,0.9705,25337876,770968,cpu0_ITLB,ITLB,12483106,1.0,12483089,1.0,17,0.0,0.0002,6,0.0,12483106,12483089,1.0,17,0.0,0.0002,6,0.0,880.1,None,0.0,0,0,0,0,1.0,12483089,17,cpu0_L1D,L1D,15365236,0.5478,13525363,0.8803,1839873,0.1197,18.3987,482217,0.0314,28050367,24743218,0.8821,3307149,0.1179,33.0715,1527146,0.0544,452,0.0,0,0.0,452,1.0,0.0045,0,0.0,12684679,0.4522,11217855,0.8844,1466824,0.1156,14.6682,1044929,0.0824,147.0,None,0.0,0,0,0,0,0.8803,13525363,1839873,cpu0_L1I,L1I,15141148,1.0,9083672,0.5999,6057476,0.4001,60.5748,2463263,0.1627,15141148,9083672,0.5999,6057476,0.4001,60.5748,2463263,0.1627,38.14,None,0.0,0,0,0,0,0.5999,9083672,6057476,cpu0_L2C,L2C,4951843,0.8081,4104630,0.8289,847213,0.1711,8.4721,0,0.0,421863,0.0688,199661,0.4733,222202,0.5267,2.222,0,0.0,6128099,4972747,0.8115,1155352,0.1885,11.5535,0,0.0,452,0.0001,30,0.0664,422,0.9336,0.0042,0,0.0,753941,0.123,668426,0.8866,85515,0.1134,0.8551,0,0.0,309.9,None,0.0,0,0,0,0,0.801,4304291,1069415,LLC,LLC,847213,0.5849,63155,0.0745,784058,0.9255,7.8406,0,0.0,222202,0.1534,15136,0.0681,207066,0.9319,2.0707,0,0.0,1448446,147272,0.1017,1301174,0.8983,13.0117,0,0.0,422,0.0003,2,0.0047,420,0.9953,0.0042,0,0.0,378609,0.2614,68979,0.1822,309630,0.8178,3.0963,0,0.0,264.0,None,0.0,0,0,0,0,0.0732,78291,991124,cpu0_STLB,STLB,465324,1.0,465098,0.9995,226,0.0005,0.0023,0,0.0,465324,465098,0.9995,226,0.0005,0.0023,0,0.0,1005.0,None,0.0,0,0,0,0,0.9995,465098,226,7,0,0.5341,187219432,100000001,,core,1,core.1.v1.,v1,,l1d,n,l1d.n.v1.,v1,,l1i,n,l1i.n.v1.,v1,,l2c,n,l2c.n.v1.,v1,,llc,1,llc.1.v1.,v1,,memory,1,memory.1.v2.,v2,,tlbs,n,tlbs.n.v1.,v1,7,1,sierra.a.6_007_1_007.raw,7,myscript_google,sierra.a.6,0.0,0.0,/mnt/storage/traces/gtrace_v2_champsim_myscript/sierra.a.6/sierra.a.6.log,100000000,100000000,1,1,/mnt/storage/traces/gtrace_v2_champsim_myscript/sierra.a.6/sierra.a.6_0007.champsim.gz,0,0,True,
41.53,11.04,0.9397,6.357,1.692,0.9724,0.5558,0.49,0.9785,cpu0_DTLB,DTLB,27162441,1.0,26610101,0.9797,552340,0.0203,5.5234,234793,0.0086,27162441,26610101,0.9797,552340,0.0203,5.5234,234793,0.0086,9.414,None,0.0,0,0,0,0,0.9797,26610101,552340,cpu0_ITLB,ITLB,9003883,1.0,9003769,1.0,114,0.0,0.0011,54,0.0,9003883,9003769,1.0,114,0.0,0.0011,54,0.0,129.3,None,0.0,0,0,0,0,1.0,9003769,114,cpu0_L1D,L1D,16630293,0.579,14900212,0.896,1730081,0.104,17.3008,517207,0.0311,28720859,25149527,0.8757,3571332,0.1243,35.7133,1889218,0.0658,3676,0.0001,35,0.0095,3641,0.9905,0.0364,4,0.0011,12086890,0.4208,10249280,0.848,1837610,0.152,18.3761,1372007,0.1135,216.5,None,0.0,0,0,0,0,0.896,14900212,1730081,cpu0_L1I,L1I,10861713,1.0,8589787,0.7908,2271926,0.2092,22.7193,849906,0.0782,10861713,8589787,0.7908,2271926,0.2092,22.7193,849906,0.0782,145.9,None,0.0,0,0,0,0,0.7908,8589787,2271926,cpu0_L2C,L2C,2634881,0.7012,1500037,0.5693,1134844,0.4307,11.3484,0,0.0,465575,0.1239,114531,0.246,351044,0.754,3.5104,0,0.0,3757559,2141921,0.57,1615638,0.43,16.1564,0,0.0,3637,0.001,319,0.0877,3318,0.9123,0.0332,0,0.0,653466,0.1739,527034,0.8065,126432,0.1935,1.2643,0,0.0,338.6,None,0.0,0,0,0,0,0.5208,1614568,1485888,LLC,LLC,1134844,0.5836,100689,0.0887,1034155,0.9113,10.3415,0,0.0,351044,0.1805,9085,0.0259,341959,0.9741,3.4196,0,0.0,1944579,160462,0.0825,1784117,0.9175,17.8412,0,0.0,3318,0.0017,9,0.0027,3309,0.9973,0.0331,0,0.0,455373,0.2342,50679,0.1113,404694,0.8887,4.0469,0,0.0,295.1,None,0.0,0,0,0,0,0.0739,109774,1376114,cpu0_STLB,STLB,317607,1.0,315930,0.9947,1677,0.0053,0.0168,0,0.0,317607,315930,0.9947,1677,0.0053,0.0168,0,0.0,839.2,None,0.0,0,0,0,0,0.9947,315930,1677,58,0,0.3938,253939598,100000002,,core,1,core.1.v1.,v1,,l1d,n,l1d.n.v1.,v1,,l1i,n,l1i.n.v1.,v1,,l2c,n,l2c.n.v1.,v1,,llc,1,llc.1.v1.,v1,,memory,1,memory.1.v2.,v2,,tlbs,n,tlbs.n.v1.,v1,58,1,yankee_058_1_058.raw,58,myscript_google,yankee,0.0,0.0,/mnt/storage/traces/gtrace_v2_champsim_myscript/yankee/yankee.log,None,None,1,1,/mnt/storage/traces/gtrace_v2_champsim_myscript/yankee/yankee_0058.champsim.gz,0,0,True,
43.41,9.497,0.9446,6.688,0.6624,1.216,0.2494,0.2302,0.4502,cpu0_DTLB,DTLB,20450608,1.0,19992528,0.9776,458080,0.0224,4.5808,194942,0.0095,20450608,19992528,0.9776,458080,0.0224,4.5808,194942,0.0095,25.93,None,0.0,0,0,0,0,0.9776,19992528,458080,cpu0_ITLB,ITLB,9399504,1.0,9399498,1.0,6,0.0,0.0001,4,0.0,9399504,9399498,1.0,6,0.0,0.0001,4,0.0,1020.0,None,0.0,0,0,0,0,1.0,9399498,6,cpu0_L1D,L1D,13851377,0.6444,12225055,0.8826,1626322,0.1174,16.2632,614296,0.0443,21495349,18878095,0.8782,2617254,0.1218,26.1725,1336159,0.0622,17297,0.0008,161,0.0093,17136,0.9907,0.1714,14,0.0008,7626675,0.3548,6652879,0.8723,973796,0.1277,9.738,721849,0.0946,184.6,None,0.0,0,0,0,0,0.8826,12225055,1626322,cpu0_L1I,L1I,11351851,1.0,9614597,0.847,1737254,0.153,17.3725,697189,0.0614,11351851,9614597,0.847,1737254,0.153,17.3725,697189,0.0614,100.5,None,0.0,0,0,0,0,0.847,9614597,1737254,cpu0_L2C,L2C,2052082,0.7598,1270881,0.6193,781201,0.3807,7.812,0,0.0,251938,0.0933,63726,0.2529,188212,0.7471,1.8821,0,0.0,2700967,1647759,0.6101,1053208,0.3899,10.5321,0,0.0,17122,0.0063,3403,0.1988,13719,0.8012,0.1372,0,0.0,379825,0.1406,309749,0.8155,70076,0.1845,0.7008,0,0.0,306.3,None,0.0,0,0,0,0,0.5793,1334607,969413,LLC,LLC,781201,0.6381,27397,0.0351,753804,0.9649,7.538,0,0.0,188212,0.1537,6060,0.0322,182152,0.9678,1.8215,0,0.0,1224320,64611,0.0528,1159709,0.9472,11.5971,0,0.0,13719,0.0112,217,0.0158,13502,0.9842,0.135,0,0.0,241188,0.197,30937,0.1283,210251,0.8717,2.1025,0,0.0,266.0,None,0.0,0,0,0,0,0.0345,33457,935956,cpu0_STLB,STLB,263140,1.0,255443,0.9707,7697,0.0293,0.077,0,0.0,263140,255443,0.9707,7697,0.0293,0.077,0,0.0,714.8,None,0.0,0,0,0,0,0.9707,255443,7697,30,0,0.4908,203768304,100000000,,core,1,core.1.v1.,v1,,l1d,n,l1d.n.v1.,v1,,l1i,n,l1i.n.v1.,v1,,l2c,n,l2c.n.v1.,v1,,llc,1,llc.1.v1.,v1,,memory,1,memory.1.v2.,v2,,tlbs,n,tlbs.n.v1.,v1,30,1,merced_030_1_030.raw,30,myscript_google,merced,0.0,0.0,/mnt/storage/traces/gtrace_v2_champsim_myscript/merced/merced.log,None,None,1,1,/mnt/storage/traces/gtrace_v2_champsim_myscript/merced/merced_0030.champsim.gz,0,0,True,
81.59,4.744,0.9735,2.731,0.5049,0.3462,0.2144,0.5124,0.4349,cpu0_DTLB,DTLB,25472326,1.0,24965349,0.9801,506977,0.0199,5.0698,253232,0.0099,25472326,24965349,0.9801,506977,0.0199,5.0698,253232,0.0099,10.57,None,0.0,0,0,0,0,0.9801,24965349,506977,cpu0_ITLB,ITLB,10997197,1.0,10996664,1.0,533,0.0,0.0053,361,0.0,10997197,10996664,1.0,533,0.0,0.0053,361,0.0,25.31,None,0.0,0,0,0,0,1.0,10996664,533,cpu0_L1D,L1D,14525420,0.5314,13037364,0.8976,1488056,0.1024,14.8806,585943,0.0403,27333982,24063875,0.8804,3270107,0.1196,32.7011,1945310,0.0712,3829,0.0001,52,0.0136,3777,0.9864,0.0378,27,0.0071,12804733,0.4685,11026459,0.8611,1778274,0.1389,17.7827,1359340,0.1062,282.3,None,0.0,0,0,0,0,0.8976,13037364,1488056,cpu0_L1I,L1I,13118926,1.0,11435307,0.8717,1683619,0.1283,16.8362,650827,0.0496,13118926,11435307,0.8717,1683619,0.1283,16.8362,650827,0.0496,80.15,None,0.0,0,0,0,0,0.8717,11435307,1683619,cpu0_L2C,L2C,1934893,0.6437,1230415,0.6359,704478,0.3641,7.0448,0,0.0,418919,0.1394,95301,0.2275,323618,0.7725,3.2362,0,0.0,3006012,1824699,0.607,1181313,0.393,11.8131,0,0.0,3750,0.0012,548,0.1461,3202,0.8539,0.032,0,0.0,648450,0.2157,498435,0.7687,150015,0.2313,1.5002,0,0.0,371.1,None,0.0,0,0,0,0,0.5632,1325716,1028096,LLC,LLC,704478,0.467,40121,0.057,664357,0.943,6.6436,0,0.0,323618,0.2145,9568,0.0296,314050,0.9704,3.1405,0,0.0,1508472,93670,0.0621,1414802,0.9379,14.148,0,0.0,3202,0.0021,51,0.0159,3151,0.9841,0.0315,0,0.0,477174,0.3163,43930,0.0921,433244,0.9079,4.3324,0,0.0,300.5,None,0.0,0,0,0,0,0.0483,49689,978407,cpu0_STLB,STLB,253917,1.0,252147,0.993,1770,0.007,0.0177,0,0.0,253917,252147,0.993,1770,0.007,0.0177,0,0.0,798.7,None,0.0,0,0,0,0,0.993,252147,1770,25,0,0.5542,180435194,100000000,,core,1,core.1.v1.,v1,,l1d,n,l1d.n.v1.,v1,,l1i,n,l1i.n.v1.,v1,,l2c,n,l2c.n.v1.,v1,,llc,1,llc.1.v1.,v1,,memory,1,memory.1.v2.,v2,,tlbs,n,tlbs.n.v1.,v1,25,1,tango_025_1_025.raw,25,myscript_google,tango,0.0,0.0,/mnt/storage/traces/gtrace_v2_champsim_myscript/tango/tango.log,100000000,100000000,1,1,/mnt/storage/traces/gtrace_v2_champsim_myscript/tango/tango_0025.champsim.gz,0,0,True,
97.32,4.463,0.9767,2.732,0.1526,0.2651,0.5768,0.5288,0.2072,cpu0_DTLB,DTLB,24560725,1.0,24379349,0.9926,181376,0.0074,1.8138,80696,0.0033,24560725,24379349,0.9926,181376,0.0074,1.8138,80696,0.0033,34.64,None,0.0,0,0,0,0,0.9926,24379349,181376,cpu0_ITLB,ITLB,10127254,1.0,10127238,1.0,16,0.0,0.0002,4,0.0,10127254,10127238,1.0,16,0.0,0.0002,4,0.0,828.1,None,0.0,0,0,0,0,1.0,10127238,16,cpu0_L1D,L1D,15837000,0.607,14393447,0.9088,1443553,0.0912,14.4355,516354,0.0326,26090724,22944446,0.8794,3146278,0.1206,31.4628,1796671,0.0689,8535,0.0003,50,0.0059,8485,0.9941,0.0848,4,0.0005,10245189,0.3927,8550949,0.8346,1694240,0.1654,16.9424,1280313,0.125,322.3,None,0.0,0,0,0,0,0.9088,14393447,1443553,cpu0_L1I,L1I,12079737,1.0,10866689,0.8996,1213048,0.1004,12.1305,520480,0.0431,12079737,10866689,0.8996,1213048,0.1004,12.1305,520480,0.0431,62.88,None,0.0,0,0,0,0,0.8996,10866689,1213048,cpu0_L2C,L2C,1619762,0.6215,1035222,0.6391,584540,0.3609,5.8454,0,0.0,413921,0.1588,37081,0.0896,376840,0.9104,3.7684,0,0.0,2606238,1569852,0.6023,1036386,0.3977,10.3639,0,0.0,8481,0.0033,1346,0.1587,7135,0.8413,0.0713,0,0.0,564074,0.2164,496203,0.8797,67871,0.1203,0.6787,0,0.0,445.7,None,0.0,0,0,0,0,0.5273,1072303,961380,LLC,LLC,584540,0.4042,14505,0.0248,570035,0.9752,5.7003,0,0.0,376840,0.2606,2402,0.0064,374438,0.9936,3.7444,0,0.0,1446040,32978,0.0228,1413062,0.9772,14.1306,0,0.0,7135,0.0049,116,0.0163,7019,0.9837,0.0702,0,0.0,477525,0.3302,15955,0.0334,461570,0.9666,4.6157,0,0.0,318.7,None,0.0,0,0,0,0,0.0176,16907,944473,cpu0_STLB,STLB,100692,1.0,96433,0.9577,4259,0.0423,0.0426,0,0.0,100692,96433,0.9577,4259,0.0423,0.0426,0,0.0,701.9,None,0.0,0,0,0,0,0.9577,96433,4259,16,0,0.5484,182340259,100000004,,core,1,core.1.v1.,v1,,l1d,n,l1d.n.v1.,v1,,l1i,n,l1i.n.v1.,v1,,l2c,n,l2c.n.v1.,v1,,llc,1,llc.1.v1.,v1,,memory,1,memory.1.v2.,v2,,tlbs,n,tlbs.n.v1.,v1,16,1,charlie_016_1_016.raw,16,myscript_google,charlie,0.0,0.0,/mnt/storage/traces/gtrace_v2_champsim_myscript/charlie/charlie.log,100000000,100000000,1,1,/mnt/storage/traces/gtrace_v2_champsim_myscript/charlie/charlie_0016.champsim.gz,0,0,True,
36.8,11.5,0.9335,4.687,2.122,2.623,0.2781,0.4204,1.366,cpu0_DTLB,DTLB,26529348,1.0,25654727,0.967,874621,0.033,8.7462,355078,0.0134,26529348,25654727,0.967,874621,0.033,8.7462,355078,0.0134,11.09,None,0.0,0,0,0,0,0.967,25654727,874621,cpu0_ITLB,ITLB,12995090,1.0,12994877,1.0,213,0.0,0.0021,109,0.0,12995090,12994877,1.0,213,0.0,0.0021,109,0.0,460.8,None,0.0,0,0,0,0,1.0,12994877,213,cpu0_L1D,L1D,16279045,0.5777,14286901,0.8776,1992144,0.1224,19.9214,519351,0.0319,28176696,24323831,0.8633,3852865,0.1367,38.5286,1739871,0.0617,9390,0.0003,40,0.0043,9350,0.9957,0.0935,1,0.0001,11888261,0.4219,10036890,0.8443,1851371,0.1557,18.5137,1220519,0.1027,247.9,None,0.0,0,0,0,0,0.8776,14286901,1992144,cpu0_L1I,L1I,15629363,1.0,10284214,0.658,5345149,0.342,53.4515,1997771,0.1278,15629363,10284214,0.658,5345149,0.342,53.4515,1997771,0.1278,95.54,None,0.0,0,0,0,0,0.658,10284214,5345149,cpu0_L2C,L2C,4820155,0.7476,3290941,0.6827,1529214,0.3173,15.2921,0,0.0,630806,0.0978,199613,0.3164,431193,0.6836,4.3119,0,0.0,6447118,4313027,0.669,2134091,0.331,21.3409,0,0.0,9349,0.0015,524,0.056,8825,0.944,0.0882,0,0.0,986808,0.1531,821949,0.8329,164859,0.1671,1.6486,0,0.0,375.0,None,0.0,0,0,0,0,0.6404,3490554,1960407,LLC,LLC,1529214,0.5928,147199,0.0963,1382015,0.9037,13.8201,0,0.0,431193,0.1672,23893,0.0554,407300,0.9446,4.073,0,0.0,2579617,261516,0.1014,2318101,0.8986,23.181,0,0.0,8825,0.0034,146,0.0165,8679,0.9835,0.0868,0,0.0,610385,0.2366,90278,0.1479,520107,0.8521,5.2011,0,0.0,333.5,None,0.0,0,0,0,0,0.0873,171092,1789315,cpu0_STLB,STLB,519647,1.0,514952,0.991,4695,0.009,0.0469,0,0.0,519647,514952,0.991,4695,0.009,0.0469,0,0.0,682.6,None,0.0,0,0,0,0,0.991,514952,4695,7,0,0.3254,307289047,100000003,,core,1,core.1.v1.,v1,,l1d,n,l1d.n.v1.,v1,,l1i,n,l1i.n.v1.,v1,,l2c,n,l2c.n.v1.,v1,,llc,1,llc.1.v1.,v1,,memory,1,memory.1.v2.,v2,,tlbs,n,tlbs.n.v1.,v1,7,1,sierra.a.4_007_1_007.raw,7,myscript_google,sierra.a.4,0.0,0.0,/mnt/storage/traces/gtrace_v2_champsim_myscript/sierra.a.4/sierra.a.4.log,100000000,100000000,1,1,/mnt/storage/traces/gtrace_v2_champsim_myscript/sierra.a.4/sierra.a.4_0007.champsim.gz,0,0,True,
64.58,5.463,0.9688,3.656,0.4295,0.3536,0.1749,0.1892,0.6601,cpu0_DTLB,DTLB,26756852,1.0,26298156,0.9829,458696,0.0171,4.587,236081,0.0088,26756852,26298156,0.9829,458696,0.0171,4.587,236081,0.0088,13.51,None,0.0,0,0,0,0,0.9829,26298156,458696,cpu0_ITLB,ITLB,10958484,1.0,10958378,1.0,106,0.0,0.0011,30,0.0,10958484,10958378,1.0,106,0.0,0.0011,30,0.0,399.5,None,0.0,0,0,0,0,1.0,10958378,106,cpu0_L1D,L1D,14837750,0.5127,12886446,0.8685,1951304,0.1315,19.513,834316,0.0562,28937808,24692813,0.8533,4244995,0.1467,42.4499,2558224,0.0884,4952,0.0002,94,0.019,4858,0.981,0.0486,6,0.0012,14095106,0.4871,11806273,0.8376,2288833,0.1624,22.8883,1723902,0.1223,327.1,None,0.0,0,0,0,0,0.8685,12886446,1951304,cpu0_L1I,L1I,13242218,1.0,12150546,0.9176,1091672,0.0824,10.9167,392174,0.0296,13242218,12150546,0.9176,1091672,0.0824,10.9167,392174,0.0296,147.0,None,0.0,0,0,0,0,0.9176,12150546,1091672,cpu0_L2C,L2C,1816470,0.558,812717,0.4474,1003753,0.5526,10.0375,0,0.0,564912,0.1735,86533,0.1532,478379,0.8468,4.7838,0,0.0,3255445,1560460,0.4793,1694985,0.5207,16.9498,0,0.0,4852,0.0015,986,0.2032,3866,0.7968,0.0387,0,0.0,869211,0.267,660224,0.7596,208987,0.2404,2.0899,0,0.0,374.9,None,0.0,0,0,0,0,0.3776,899250,1482132,LLC,LLC,1003753,0.4628,64136,0.0639,939617,0.9361,9.3962,0,0.0,478379,0.2206,10373,0.0217,468006,0.9783,4.6801,0,0.0,2168892,119462,0.0551,2049430,0.9449,20.4943,0,0.0,3866,0.0018,24,0.0062,3842,0.9938,0.0384,0,0.0,682894,0.3149,44929,0.0658,637965,0.9342,6.3796,0,0.0,300.9,None,0.0,0,0,0,0,0.0503,74509,1407623,cpu0_STLB,STLB,222691,1.0,220369,0.9896,2322,0.0104,0.0232,0,0.0,222691,220369,0.9896,2322,0.0104,0.0232,0,0.0,828.0,None,0.0,0,0,0,0,0.9896,220369,2322,21,0,0.4045,247233418,100000004,,core,1,core.1.v1.,v1,,l1d,n,l1d.n.v1.,v1,,l1i,n,l1i.n.v1.,v1,,l2c,n,l2c.n.v1.,v1,,llc,1,llc.1.v1.,v1,,memory,1,memory.1.v2.,v2,,tlbs,n,tlbs.n.v1.,v1,21,1,tahoe_021_1_021.raw,21,myscript_google,tahoe,0.0,0.0,/mnt/storage/traces/gtrace_v2_champsim_myscript/tahoe/tahoe.log,100000000,100000000,1,1,/mnt/storage/traces/gtrace_v2_champsim_myscript/tahoe/tahoe_0021.champsim.gz,0,0,True,
35.78,10.64,0.937,4.426,1.913,2.33,0.2467,0.4075,1.316,cpu0_DTLB,DTLB,25756284,1.0,24962237,0.9692,794047,0.0308,7.9405,333522,0.0129,25756284,24962237,0.9692,794047,0.0308,7.9405,333522,0.0129,11.03,None,0.0,0,0,0,0,0.9692,24962237,794047,cpu0_ITLB,ITLB,12790456,1.0,12790211,1.0,245,0.0,0.0024,128,0.0,12790456,12790211,1.0,245,0.0,0.0024,128,0.0,330.3,None,0.0,0,0,0,0,1.0,12790211,245,cpu0_L1D,L1D,15962703,0.5858,14026494,0.8787,1936209,0.1213,19.3621,522951,0.0328,27251531,23599312,0.866,3652219,0.134,36.5222,1614912,0.0593,8112,0.0003,9,0.0011,8103,0.9989,0.081,1,0.0001,11280716,0.4139,9572809,0.8486,1707907,0.1514,17.0791,1091960,0.0968,234.8,None,0.0,0,0,0,0,0.8787,14026494,1936209,cpu0_L1I,L1I,15219965,1.0,10552151,0.6933,4667814,0.3067,46.6781,1734875,0.114,15219965,10552151,0.6933,4667814,0.3067,46.6781,1734875,0.114,102.5,None,0.0,0,0,0,0,0.6933,10552151,4667814,cpu0_L2C,L2C,4346171,0.7348,2868618,0.66,1477553,0.34,14.7755,0,0.0,615872,0.1041,234066,0.3801,381806,0.6199,3.8181,0,0.0,5914958,3899611,0.6593,2015347,0.3407,20.1535,0,0.0,8102,0.0014,521,0.0643,7581,0.9357,0.0758,0,0.0,944813,0.1597,796406,0.8429,148407,0.1571,1.4841,0,0.0,366.6,None,0.0,0,0,0,0,0.6253,3102684,1859359,LLC,LLC,1477553,0.6125,128035,0.0867,1349518,0.9133,13.4952,0,0.0,381806,0.1583,26521,0.0695,355285,0.9305,3.5528,0,0.0,2412335,245852,0.1019,2166483,0.8981,21.6648,0,0.0,7581,0.0031,149,0.0197,7432,0.9803,0.0743,0,0.0,545395,0.2261,91147,0.1671,454248,0.8329,4.5425,0,0.0,328.9,None,0.0,0,0,0,0,0.0831,154556,1704803,cpu0_STLB,STLB,460642,1.0,456586,0.9912,4056,0.0088,0.0406,0,0.0,460642,456586,0.9912,4056,0.0088,0.0406,0,0.0,693.3,None,0.0,0,0,0,0,0.9912,456586,4056,18,0,0.3401,294055340,100000004,,core,1,core.1.v1.,v1,,l1d,n,l1d.n.v1.,v1,,l1i,n,l1i.n.v1.,v1,,l2c,n,l2c.n.v1.,v1,,llc,1,llc.1.v1.,v1,,memory,1,memory.1.v2.,v2,,tlbs,n,tlbs.n.v1.,v1,18,1,sierra.a.4_018_1_018.raw,18,myscript_google,sierra.a.4,0.0,0.0,/mnt/storage/traces/gtrace_v2_champsim_myscript/sierra.a.4/sierra.a.4.log,100000000,100000000,1,1,/mnt/storage/traces/gtrace_v2_champsim_myscript/sierra.a.4/sierra.a.4_0018.champsim.gz,0,0,True,
45.14,9.558,0.9495,5.606,1.375,0.9353,0.4418,0.4441,0.7568,cpu0_DTLB,DTLB,26587175,1.0,26065707,0.9804,521468,0.0196,5.2147,221305,0.0083,26587175,26065707,0.9804,521468,0.0196,5.2147,221305,0.0083,7.852,None,0.0,0,0,0,0,0.9804,26065707,521468,cpu0_ITLB,ITLB,9477159,1.0,9477090,1.0,69,0.0,0.0007,16,0.0,9477159,9477090,1.0,69,0.0,0.0007,16,0.0,132.9,None,0.0,0,0,0,0,1.0,9477090,69,cpu0_L1D,L1D,16807733,0.5983,15254561,0.9076,1553172,0.0924,15.5317,447381,0.0266,28093589,24867185,0.8852,3226404,0.1148,32.264,1688625,0.0601,2012,0.0001,1,0.0005,2011,0.9995,0.0201,4,0.002,11283844,0.4017,9612623,0.8519,1671221,0.1481,16.7122,1241240,0.11,217.8,None,0.0,0,0,0,0,0.9076,15254561,1553172,cpu0_L1I,L1I,11430513,1.0,9338001,0.8169,2092512,0.1831,20.9251,794567,0.0695,11430513,9338001,0.8169,2092512,0.1831,20.9251,794567,0.0695,125.5,None,0.0,0,0,0,0,0.8169,9338001,2092512,cpu0_L2C,L2C,2403727,0.6983,1488369,0.6192,915358,0.3808,9.1536,0,0.0,429959,0.1249,99300,0.231,330659,0.769,3.3066,0,0.0,3442411,2075605,0.603,1366806,0.397,13.6681,0,0.0,2007,0.0006,74,0.0369,1933,0.9631,0.0193,0,0.0,606718,0.1762,487862,0.8041,118856,0.1959,1.1886,0,0.0,347.8,None,0.0,0,0,0,0,0.5603,1587669,1246017,LLC,LLC,915358,0.5457,92437,0.101,822921,0.899,8.2292,0,0.0,330659,0.1971,9614,0.0291,321045,0.9709,3.2104,0,0.0,1677545,149074,0.0889,1528471,0.9111,15.2847,0,0.0,1933,0.0012,16,0.0083,1917,0.9917,0.0192,0,0.0,429595,0.2561,47007,0.1094,382588,0.8906,3.8259,0,0.0,300.0,None,0.0,0,0,0,0,0.0819,102051,1143966,cpu0_STLB,STLB,300216,1.0,299242,0.9968,974,0.0032,0.0097,0,0.0,300216,299242,0.9968,974,0.0032,0.0097,0,0.0,884.8,None,0.0,0,0,0,0,0.9968,299242,974,50,0,0.4653,214935676,100000002,,core,1,core.1.v1.,v1,,l1d,n,l1d.n.v1.,v1,,l1i,n,l1i.n.v1.,v1,,l2c,n,l2c.n.v1.,v1,,llc,1,llc.1.v1.,v1,,memory,1,memory.1.v2.,v2,,tlbs,n,tlbs.n.v1.,v1,50,1,yankee_050_1_050.raw,50,myscript_google,yankee,0.0,0.0,/mnt/storage/traces/gtrace_v2_champsim_myscript/yankee/yankee.log,None,None,1,1,/mnt/storage/traces/gtrace_v2_champsim_myscript/yankee/yankee_0050.champsim.gz,0,0,True,
64.02,2.925,0.9814,2.062,0.13,0.1934,0.0978,0.0974,0.3447,cpu0_DTLB,DTLB,24082709,1.0,23805468,0.9885,277241,0.0115,2.7724,114752,0.0048,24082709,23805468,0.9885,277241,0.0115,2.7724,114752,0.0048,16.36,None,0.0,0,0,0,0,0.9885,23805468,277241,cpu0_ITLB,ITLB,14048031,1.0,14048010,1.0,21,0.0,0.0002,10,0.0,14048031,14048010,1.0,21,0.0,0.0002,10,0.0,896.7,None,0.0,0,0,0,0,1.0,14048010,21,cpu0_L1D,L1D,14767542,0.5699,10953006,0.7417,3814536,0.2583,38.1454,2130151,0.1442,25913636,20614189,0.7955,5299447,0.2045,52.9945,3221686,0.1243,5173,0.0002,105,0.0203,5068,0.9797,0.0507,0,0.0,11140921,0.4299,9661078,0.8672,1479843,0.1328,14.7984,1091535,0.098,291.8,None,0.0,0,0,0,0,0.7417,10953006,3814536,cpu0_L1I,L1I,15782571,1.0,14482816,0.9176,1299755,0.0824,12.9976,545975,0.0346,15782571,14482816,0.9176,1299755,0.0824,12.9976,545975,0.0346,54.21,None,0.0,0,0,0,0,0.9176,14482816,1299755,cpu0_L2C,L2C,2438150,0.6945,1153460,0.4731,1284690,0.5269,12.8469,0,0.0,388293,0.1106,106184,0.2735,282109,0.7265,2.8211,0,0.0,3510742,1868560,0.5322,1642182,0.4678,16.4218,0,0.0,5068,0.0014,1259,0.2484,3809,0.7516,0.0381,0,0.0,679231,0.1935,607657,0.8946,71574,0.1054,0.7157,0,0.0,379.8,None,0.0,0,0,0,0,0.4457,1259644,1566799,LLC,LLC,1284690,0.6502,28246,0.022,1256444,0.978,12.5644,0,0.0,282109,0.1428,6338,0.0225,275771,0.9775,2.7577,0,0.0,1975935,72863,0.0369,1903072,0.9631,19.0307,0,0.0,3809,0.0019,14,0.0037,3795,0.9963,0.0379,0,0.0,405327,0.2051,38265,0.0944,367062,0.9056,3.6706,0,0.0,316.2,None,0.0,0,0,0,0,0.0221,34584,1532215,cpu0_STLB,STLB,162500,1.0,159918,0.9841,2582,0.0159,0.0258,0,0.0,162500,159918,0.9841,2582,0.0159,0.0258,0,0.0,717.6,None,0.0,0,0,0,0,0.9841,159918,2582,3,0,0.3786,264149301,100000000,,core,1,core.1.v1.,v1,,l1d,n,l1d.n.v1.,v1,,l1i,n,l1i.n.v1.,v1,,l2c,n,l2c.n.v1.,v1,,llc,1,llc.1.v1.,v1,,memory,1,memory.1.v2.,v2,,tlbs,n,tlbs.n.v1.,v1,3,1,delta_003_1_003.raw,3,myscript_google,delta,0.0,0.0,/mnt/storage/traces/gtrace_v2_champsim_myscript/delta/delta.log,100000000,100000000,1,1,/mnt/storage/traces/gtrace_v2_champsim_myscript/delta/delta_0003.champsim.gz,0,0,True,
73.36,7.315,0.9625,2.902,1.147,1.684,0.2615,0.3126,1.008,cpu0_DTLB,DTLB,26504978,1.0,25560821,0.9644,944157,0.0356,9.4416,384120,0.0145,26504978,25560821,0.9644,944157,0.0356,9.4416,384120,0.0145,5.502,None,0.0,0,0,0,0,0.9644,25560821,944157,cpu0_ITLB,ITLB,13297370,1.0,13297351,1.0,19,0.0,0.0002,11,0.0,13297370,13297351,1.0,19,0.0,0.0002,11,0.0,904.2,None,0.0,0,0,0,0,1.0,13297351,19,cpu0_L1D,L1D,15536243,0.5466,13553864,0.8724,1982379,0.1276,19.8238,489327,0.0315,28423184,24845804,0.8741,3577380,0.1259,35.7738,1619471,0.057,594,0.0,1,0.0017,593,0.9983,0.0059,0,0.0,12886347,0.4534,11291939,0.8763,1594408,0.1237,15.9441,1130144,0.0877,119.4,None,0.0,0,0,0,0,0.8724,13553864,1982379,cpu0_L1I,L1I,16136673,1.0,8372150,0.5188,7764523,0.4812,77.6452,3166855,0.1963,16136673,8372150,0.5188,7764523,0.4812,77.6452,3166855,0.1963,28.31,None,0.0,0,0,0,0,0.5188,8372150,7764523,cpu0_L2C,L2C,6090665,0.824,5367454,0.8813,723211,0.1187,7.2321,0,0.0,464227,0.0628,244547,0.5268,219680,0.4732,2.1968,0,0.0,7391314,6364209,0.861,1027105,0.139,10.271,0,0.0,593,0.0001,36,0.0607,557,0.9393,0.0056,0,0.0,835829,0.1131,752172,0.8999,83657,0.1001,0.8366,0,0.0,306.5,None,0.0,0,0,0,0,0.8562,5612001,942891,LLC,LLC,723211,0.5341,60637,0.0838,662574,0.9162,6.6257,0,0.0,219680,0.1622,16717,0.0761,202963,0.9239,2.0296,0,0.0,1354164,162498,0.12,1191666,0.88,11.9167,0,0.0,557,0.0004,11,0.0197,546,0.9803,0.0055,0,0.0,410716,0.3033,85133,0.2073,325583,0.7927,3.2558,0,0.0,253.7,None,0.0,0,0,0,0,0.082,77354,865537,cpu0_STLB,STLB,560045,1.0,559749,0.9995,296,0.0005,0.003,0,0.0,560045,559749,0.9995,296,0.0005,0.003,0,0.0,971.9,None,0.0,0,0,0,0,0.9995,559749,296,17,0,0.5881,170027027,100000001,,core,1,core.1.v1.,v1,,l1d,n,l1d.n.v1.,v1,,l1i,n,l1i.n.v1.,v1,,l2c,n,l2c.n.v1.,v1,,llc,1,llc.1.v1.,v1,,memory,1,memory.1.v2.,v2,,tlbs,n,tlbs.n.v1.,v1,17,1,sierra.a.6_017_1_017.raw,17,myscript_google,sierra.a.6,0.0,0.0,/mnt/storage/traces/gtrace_v2_champsim_myscript/sierra.a.6/sierra.a.6.log,100000000,100000000,1,1,/mnt/storage/traces/gtrace_v2_champsim_myscript/sierra.a.6/sierra.a.6_0017.champsim.gz,0,0,True,
50.05,8.523,0.9561,6.049,0.6059,0.8317,0.352,0.2309,0.4535,cpu0_DTLB,DTLB,25036762,1.0,24685792,0.986,350970,0.014,3.5097,135327,0.0054,25036762,24685792,0.986,350970,0.014,3.5097,135327,0.0054,19.86,None,0.0,0,0,0,0,0.986,24685792,350970,cpu0_ITLB,ITLB,8945922,1.0,8945917,1.0,5,0.0,0.0,2,0.0,8945922,8945917,1.0,5,0.0,0.0,2,0.0,1376.0,None,0.0,0,0,0,0,1.0,8945917,5,cpu0_L1D,L1D,17537499,0.6651,16076999,0.9167,1460500,0.0833,14.605,464643,0.0265,26367934,23946602,0.9082,2421332,0.0918,24.2133,1152115,0.0437,9648,0.0004,75,0.0078,9573,0.9922,0.0957,9,0.0009,8820787,0.3345,7869528,0.8922,951259,0.1078,9.5126,687463,0.0779,142.4,None,0.0,0,0,0,0,0.9167,16076999,1460500,cpu0_L1I,L1I,10890427,1.0,9388417,0.8621,1502010,0.1379,15.0201,589129,0.0541,10890427,9388417,0.8621,1502010,0.1379,15.0201,589129,0.0541,111.9,None,0.0,0,0,0,0,0.8621,9388417,1502010,cpu0_L2C,L2C,1908725,0.7435,1249523,0.6546,659202,0.3454,6.592,0,0.0,263748,0.1027,96680,0.3666,167068,0.6334,1.6707,0,0.0,2567388,1675092,0.6524,892296,0.3476,8.923,0,0.0,9564,0.0037,1537,0.1607,8027,0.8393,0.0803,0,0.0,385351,0.1501,327352,0.8495,57999,0.1505,0.58,0,0.0,297.6,None,0.0,0,0,0,0,0.6197,1346203,826270,LLC,LLC,659202,0.6369,59932,0.0909,599270,0.9091,5.9927,0,0.0,167068,0.1614,5617,0.0336,161451,0.9664,1.6145,0,0.0,1034944,92008,0.0889,942936,0.9111,9.4294,0,0.0,8027,0.0078,252,0.0314,7775,0.9686,0.0777,0,0.0,200647,0.1939,26207,0.1306,174440,0.8694,1.7444,0,0.0,269.0,None,0.0,0,0,0,0,0.0793,65549,760721,cpu0_STLB,STLB,215646,1.0,211327,0.98,4319,0.02,0.0432,0,0.0,215646,211327,0.98,4319,0.02,0.0432,0,0.0,742.0,None,0.0,0,0,0,0,0.98,211327,4319,53,0,0.5894,169671859,100000004,,core,1,core.1.v1.,v1,,l1d,n,l1d.n.v1.,v1,,l1i,n,l1i.n.v1.,v1,,l2c,n,l2c.n.v1.,v1,,llc,1,llc.1.v1.,v1,,memory,1,memory.1.v2.,v2,,tlbs,n,tlbs.n.v1.,v1,53,1,merced_053_1_053.raw,53,myscript_google,merced,0.0,0.0,/mnt/storage/traces/gtrace_v2_champsim_myscript/merced/merced.log,None,None,1,1,/mnt/storage/traces/gtrace_v2_champsim_myscript/merced/merced_0053.champsim.gz,0,0,True,
43.73,10.19,0.9461,6.067,1.425,1.017,0.4488,0.4435,0.7833,cpu0_DTLB,DTLB,26588153,1.0,26094488,0.9814,493665,0.0186,4.9367,213994,0.008,26588153,26094488,0.9814,493665,0.0186,4.9367,213994,0.008,7.66,None,0.0,0,0,0,0,0.9814,26094488,493665,cpu0_ITLB,ITLB,8791638,1.0,8791586,1.0,52,0.0,0.0005,7,0.0,8791638,8791586,1.0,52,0.0,0.0005,7,0.0,93.87,None,0.0,0,0,0,0,1.0,8791586,52,cpu0_L1D,L1D,16696262,0.5936,15207288,0.9108,1488974,0.0892,14.8897,426065,0.0255,28128129,24980533,0.8881,3147596,0.1119,31.476,1669649,0.0594,1794,0.0001,6,0.0033,1788,0.9967,0.0179,1,0.0006,11430073,0.4064,9773239,0.855,1656834,0.145,16.5683,1243583,0.1088,199.0,None,0.0,0,0,0,0,0.9108,15207288,1488974,cpu0_L1I,L1I,10630055,1.0,8655664,0.8143,1974391,0.1857,19.7439,740664,0.0697,10630055,8655664,0.8143,1974391,0.1857,19.7439,740664,0.0697,127.0,None,0.0,0,0,0,0,0.8143,8655664,1974391,cpu0_L2C,L2C,2296622,0.6969,1376854,0.5995,919768,0.4005,9.1977,0,0.0,413219,0.1254,104039,0.2518,309180,0.7482,3.0918,0,0.0,3295580,1957279,0.5939,1338301,0.4061,13.383,0,0.0,1787,0.0005,92,0.0515,1695,0.9485,0.0169,0,0.0,583952,0.1772,476294,0.8156,107658,0.1844,1.0766,0,0.0,320.8,None,0.0,0,0,0,0,0.5465,1480893,1228948,LLC,LLC,919768,0.5653,153562,0.167,766206,0.833,7.6621,0,0.0,309180,0.19,9163,0.0296,300017,0.9704,3.0002,0,0.0,1626969,207515,0.1275,1419454,0.8725,14.1945,0,0.0,1695,0.001,11,0.0065,1684,0.9935,0.0168,0,0.0,396326,0.2436,44779,0.113,351547,0.887,3.5155,0,0.0,290.6,None,0.0,0,0,0,0,0.1324,162725,1066223,cpu0_STLB,STLB,279716,1.0,278840,0.9969,876,0.0031,0.0088,0,0.0,279716,278840,0.9969,876,0.0031,0.0088,0,0.0,852.5,None,0.0,0,0,0,0,0.9969,278840,876,2,0,0.4859,205819454,100000000,,core,1,core.1.v1.,v1,,l1d,n,l1d.n.v1.,v1,,l1i,n,l1i.n.v1.,v1,,l2c,n,l2c.n.v1.,v1,,llc,1,llc.1.v1.,v1,,memory,1,memory.1.v2.,v2,,tlbs,n,tlbs.n.v1.,v1,2,1,yankee_002_1_002.raw,2,myscript_google,yankee,0.0,0.0,/mnt/storage/traces/gtrace_v2_champsim_myscript/yankee/yankee.log,None,None,1,1,/mnt/storage/traces/gtrace_v2_champsim_myscript/yankee/yankee_0002.champsim.gz,0,0,True,
42.65,9.724,0.9437,6.919,0.7426,1.014,0.2508,0.2806,0.5166,cpu0_DTLB,DTLB,23042094,1.0,22588022,0.9803,454072,0.0197,4.5407,191486,0.0083,23042094,22588022,0.9803,454072,0.0197,4.5407,191486,0.0083,26.48,None,0.0,0,0,0,0,0.9803,22588022,454072,cpu0_ITLB,ITLB,9254297,1.0,9254274,1.0,23,0.0,0.0002,10,0.0,9254297,9254274,1.0,23,0.0,0.0002,10,0.0,948.8,None,0.0,0,0,0,0,1.0,9254274,23,cpu0_L1D,L1D,15436706,0.6355,13613634,0.8819,1823072,0.1181,18.2307,583292,0.0378,24291973,21179937,0.8719,3112036,0.1281,31.1204,1526259,0.0628,16993,0.0007,109,0.0064,16884,0.9936,0.1688,18,0.0011,8838274,0.3638,7566194,0.8561,1272080,0.1439,12.7208,942949,0.1067,163.5,None,0.0,0,0,0,0,0.8819,13613634,1823072,cpu0_L1I,L1I,11168825,1.0,9308043,0.8334,1860782,0.1666,18.6078,736620,0.066,11168825,9308043,0.8334,1860782,0.1666,18.6078,736620,0.066,111.0,None,0.0,0,0,0,0,0.8334,9308043,1860782,cpu0_L2C,L2C,2363929,0.7411,1500394,0.6347,863535,0.3653,8.6353,0,0.0,329105,0.1032,103184,0.3135,225921,0.6865,2.2592,0,0.0,3189952,2003852,0.6282,1186100,0.3718,11.861,0,0.0,16866,0.0053,3110,0.1844,13756,0.8156,0.1376,0,0.0,480052,0.1505,397164,0.8273,82888,0.1727,0.8289,0,0.0,305.7,None,0.0,0,0,0,0,0.5955,1603578,1089456,LLC,LLC,863535,0.6218,76174,0.0882,787361,0.9118,7.8736,0,0.0,225921,0.1627,8611,0.0381,217310,0.9619,2.1731,0,0.0,1388761,122208,0.088,1266553,0.912,12.6655,0,0.0,13756,0.0099,223,0.0162,13533,0.9838,0.1353,0,0.0,285549,0.2056,37200,0.1303,248349,0.8697,2.4835,0,0.0,273.9,None,0.0,0,0,0,0,0.0778,84785,1004671,cpu0_STLB,STLB,262599,1.0,255074,0.9713,7525,0.0287,0.0752,0,0.0,262599,255074,0.9713,7525,0.0287,0.0752,0,0.0,750.3,None,0.0,0,0,0,0,0.9713,255074,7525,11,0,0.4737,211117259,100000002,,core,1,core.1.v1.,v1,,l1d,n,l1d.n.v1.,v1,,l1i,n,l1i.n.v1.,v1,,l2c,n,l2c.n.v1.,v1,,llc,1,llc.1.v1.,v1,,memory,1,memory.1.v2.,v2,,tlbs,n,tlbs.n.v1.,v1,11,1,merced_011_1_011.raw,11,myscript_google,merced,0.0,0.0,/mnt/storage/traces/gtrace_v2_champsim_myscript/merced/merced.log,None,None,1,1,/mnt/storage/traces/gtrace_v2_champsim_myscript/merced/merced_0011.champsim.gz,0,0,True,
64.23,6.555,0.9645,2.989,1.002,1.361,0.3025,0.2317,0.6689,cpu0_DTLB,DTLB,25849596,1.0,25199714,0.9749,649882,0.0251,6.4988,258706,0.01,25849596,25199714,0.9749,649882,0.0251,6.4988,258706,0.01,7.616,None,0.0,0,0,0,0,0.9749,25199714,649882,cpu0_ITLB,ITLB,12010417,1.0,12010332,1.0,85,0.0,0.0008,37,0.0,12010417,12010332,1.0,85,0.0,0.0008,37,0.0,243.3,None,0.0,0,0,0,0,1.0,12010332,85,cpu0_L1D,L1D,14920871,0.5371,13166096,0.8824,1754775,0.1176,17.5477,581520,0.039,27782931,24316003,0.8752,3466928,0.1248,34.6693,1876567,0.0675,2401,0.0001,25,0.0104,2376,0.9896,0.0238,0,0.0,12859659,0.4629,11149882,0.867,1709777,0.133,17.0978,1295047,0.1007,177.7,None,0.0,0,0,0,0,0.8824,13166096,1754775,cpu0_L1I,L1I,14478941,1.0,10583627,0.731,3895314,0.269,38.9531,1524307,0.1053,14478941,10583627,0.731,3895314,0.269,38.9531,1524307,0.1053,65.98,None,0.0,0,0,0,0,0.731,10583627,3895314,cpu0_L2C,L2C,3544249,0.7584,2586443,0.7298,957806,0.2702,9.5781,0,0.0,414708,0.0887,148776,0.3587,265932,0.6413,2.6593,0,0.0,4673319,3348583,0.7165,1324736,0.2835,13.2474,0,0.0,2376,0.0005,135,0.0568,2241,0.9432,0.0224,0,0.0,711986,0.1524,613229,0.8613,98757,0.1387,0.9876,0,0.0,308.3,None,0.0,0,0,0,0,0.6909,2735219,1223738,LLC,LLC,957806,0.5862,102309,0.1068,855497,0.8932,8.555,0,0.0,265932,0.1628,11902,0.0448,254030,0.9552,2.5403,0,0.0,1633942,175755,0.1076,1458187,0.8924,14.5819,0,0.0,2241,0.0014,32,0.0143,2209,0.9857,0.0221,0,0.0,407963,0.2497,61512,0.1508,346451,0.8492,3.4645,0,0.0,268.6,None,0.0,0,0,0,0,0.0933,114211,1109527,cpu0_STLB,STLB,391224,1.0,390024,0.9969,1200,0.0031,0.012,0,0.0,391224,390024,0.9969,1200,0.0031,0.012,0,0.0,861.0,None,0.0,0,0,0,0,0.9969,390024,1200,14,0,0.4825,207255879,100000004,,core,1,core.1.v1.,v1,,l1d,n,l1d.n.v1.,v1,,l1i,n,l1i.n.v1.,v1,,l2c,n,l2c.n.v1.,v1,,llc,1,llc.1.v1.,v1,,memory,1,memory.1.v2.,v2,,tlbs,n,tlbs.n.v1.,v1,14,1,sierra.a.3_014_1_014.raw,14,myscript_google,sierra.a.3,0.0,0.0,/mnt/storage/traces/gtrace_v2_champsim_myscript/sierra.a.3/sierra.a.3.log,100000000,100000000,1,1,/mnt/storage/traces/gtrace_v2_champsim_myscript/sierra.a.3/sierra.a.3_0014.champsim.gz,0,0,True,
46.59,8.578,0.9532,6.066,0.6097,0.8463,0.4038,0.2376,0.4154,cpu0_DTLB,DTLB,23769107,1.0,23344514,0.9821,424593,0.0179,4.2459,174512,0.0073,23769107,23344514,0.9821,424593,0.0179,4.2459,174512,0.0073,18.67,None,0.0,0,0,0,0,0.9821,23344514,424593,cpu0_ITLB,ITLB,9881927,1.0,9881914,1.0,13,0.0,0.0001,4,0.0,9881927,9881914,1.0,13,0.0,0.0001,4,0.0,950.9,None,0.0,0,0,0,0,1.0,9881914,13,cpu0_L1D,L1D,16020765,0.6382,14867021,0.928,1153744,0.072,11.5374,353378,0.0221,25104899,22961669,0.9146,2143230,0.0854,21.4323,1086069,0.0433,10432,0.0004,68,0.0065,10364,0.9935,0.1036,7,0.0007,9073702,0.3614,8094580,0.8921,979122,0.1079,9.7912,732684,0.0807,188.7,None,0.0,0,0,0,0,0.928,14867021,1153744,cpu0_L1I,L1I,11990248,1.0,10512411,0.8767,1477837,0.1233,14.7784,579351,0.0483,11990248,10512411,0.8767,1477837,0.1233,14.7784,579351,0.0483,113.0,None,0.0,0,0,0,0,0.8767,10512411,1477837,cpu0_L2C,L2C,1698843,0.7323,1043300,0.6141,655543,0.3859,6.5554,0,0.0,246428,0.1062,59196,0.2402,187232,0.7598,1.8723,0,0.0,2319756,1399181,0.6032,920575,0.3968,9.2057,0,0.0,10357,0.0045,1834,0.1771,8523,0.8229,0.0852,0,0.0,364128,0.157,294851,0.8097,69277,0.1903,0.6928,0,0.0,310.1,None,0.0,0,0,0,0,0.5668,1102496,842775,LLC,LLC,655543,0.6014,52620,0.0803,602923,0.9197,6.0292,0,0.0,187232,0.1718,5807,0.031,181425,0.969,1.8142,0,0.0,1090106,89545,0.0821,1000561,0.9179,10.0056,0,0.0,8523,0.0078,184,0.0216,8339,0.9784,0.0834,0,0.0,238808,0.2191,30934,0.1295,207874,0.8705,2.0787,0,0.0,273.4,None,0.0,0,0,0,0,0.0693,58427,784348,cpu0_STLB,STLB,250090,1.0,245429,0.9814,4661,0.0186,0.0466,0,0.0,250090,245429,0.9814,4661,0.0186,0.0466,0,0.0,734.5,None,0.0,0,0,0,0,0.9814,245429,4661,60,0,0.5814,172013030,100000002,,core,1,core.1.v1.,v1,,l1d,n,l1d.n.v1.,v1,,l1i,n,l1i.n.v1.,v1,,l2c,n,l2c.n.v1.,v1,,llc,1,llc.1.v1.,v1,,memory,1,memory.1.v2.,v2,,tlbs,n,tlbs.n.v1.,v1,60,1,merced_060_1_060.raw,60,myscript_google,merced,0.0,0.0,/mnt/storage/traces/gtrace_v2_champsim_myscript/merced/merced.log,None,None,1,1,/mnt/storage/traces/gtrace_v2_champsim_myscript/merced/merced_0060.champsim.gz,0,0,True,
86.77,0.8793,0.9753,0.5804,0.0448,0.0685,0.0296,0.0152,0.1408,cpu0_DTLB,DTLB,15236332,1.0,15135435,0.9934,100897,0.0066,1.009,40898,0.0027,15236332,15135435,0.9934,100897,0.0066,1.009,40898,0.0027,18.23,None,0.0,0,0,0,0,0.9934,15135435,100897,cpu0_ITLB,ITLB,13794871,1.0,13794784,1.0,87,0.0,0.0009,25,0.0,13794871,13794784,1.0,87,0.0,0.0009,25,0.0,66.19,None,0.0,0,0,0,0,1.0,13794784,87,cpu0_L1D,L1D,11527795,0.7159,10751010,0.9326,776785,0.0674,7.7679,289417,0.0251,16103092,14688934,0.9122,1414158,0.0878,14.1416,765316,0.0475,2596,0.0002,12,0.0046,2584,0.9954,0.0258,0,0.0,4572701,0.284,3937912,0.8612,634789,0.1388,6.3479,475899,0.1041,192.1,None,0.0,0,0,0,0,0.9326,10751010,776785,cpu0_L1I,L1I,16142644,1.0,15810825,0.9794,331819,0.0206,3.3182,139110,0.0086,16142644,15810825,0.9794,331819,0.0206,3.3182,139110,0.0086,81.05,None,0.0,0,0,0,0,0.9794,15810825,331819,cpu0_L2C,L2C,680073,0.6374,434595,0.639,245478,0.361,2.4548,0,0.0,158888,0.1489,61956,0.3899,96932,0.6101,0.9693,0,0.0,1066884,699484,0.6556,367400,0.3444,3.674,0,0.0,2584,0.0024,372,0.144,2212,0.856,0.0221,0,0.0,225339,0.2112,202561,0.8989,22778,0.1011,0.2278,0,0.0,363.1,None,0.0,0,0,0,0,0.5919,496551,342410,LLC,LLC,245478,0.4776,12225,0.0498,233253,0.9502,2.3325,0,0.0,96932,0.1886,5460,0.0563,91472,0.9437,0.9147,0,0.0,513955,32084,0.0624,481871,0.9376,4.8187,0,0.0,2212,0.0043,80,0.0362,2132,0.9638,0.0213,0,0.0,169333,0.3295,14319,0.0846,155014,0.9154,1.5501,0,0.0,268.2,None,0.0,0,0,0,0,0.0516,17685,324725,cpu0_STLB,STLB,60061,1.0,58763,0.9784,1298,0.0216,0.013,0,0.0,60061,58763,0.9784,1298,0.0216,0.013,0,0.0,613.5,None,0.0,0,0,0,0,0.9784,58763,1298,4,0,1.261,79327516,100000000,,core,1,core.1.v1.,v1,,l1d,n,l1d.n.v1.,v1,,l1i,n,l1i.n.v1.,v1,,l2c,n,l2c.n.v1.,v1,,llc,1,llc.1.v1.,v1,,memory,1,memory.1.v2.,v2,,tlbs,n,tlbs.n.v1.,v1,4,1,arizona_004_1_004.raw,4,myscript_google,arizona,0.0,0.0,/mnt/storage/traces/gtrace_v2_champsim_myscript/arizona/arizona.log,100000000,100000000,1,1,/mnt/storage/traces/gtrace_v2_champsim_myscript/arizona/arizona_0004.champsim.gz,0,0,True,
45.29,6.885,0.9636,3.744,0.9038,0.519,0.1497,0.2935,1.274,cpu0_DTLB,DTLB,22762363,1.0,21992360,0.9662,770003,0.0338,7.7,385715,0.0169,22762363,21992360,0.9662,770003,0.0338,7.7,385715,0.0169,67.44,None,0.0,0,0,0,0,0.9662,21992360,770003,cpu0_ITLB,ITLB,12516630,1.0,12516630,1.0,0,0.0,0.0,0,0.0,12516630,12516630,1.0,0,0.0,0.0,0,0.0,NaN,None,None,0,0,0,0,1.0,12516630,0,cpu0_L1D,L1D,13477698,0.5533,10805903,0.8018,2671795,0.1982,26.7179,1225881,0.091,24359909,20277649,0.8324,4082260,0.1676,40.8226,2118838,0.087,119671,0.0049,666,0.0056,119005,0.9944,1.19,21,0.0002,10762540,0.4418,9471080,0.88,1291460,0.12,12.9146,892936,0.083,243.7,None,0.0,0,0,0,0,0.8018,10805903,2671795,cpu0_L1I,L1I,14646801,1.0,12242968,0.8359,2403833,0.1641,24.0383,923019,0.063,14646801,12242968,0.8359,2403833,0.1641,24.0383,923019,0.063,75.47,None,0.0,0,0,0,0,0.8359,12242968,2403833,cpu0_L2C,L2C,2926722,0.7306,1606186,0.5488,1320536,0.4512,13.2054,0,0.0,398510,0.0995,60707,0.1523,337803,0.8477,3.378,0,0.0,4006014,2142307,0.5348,1863707,0.4652,18.6371,0,0.0,118984,0.0297,44084,0.3705,74900,0.6295,0.749,0,0.0,561798,0.1402,431330,0.7678,130468,0.2322,1.3047,0,0.0,302.0,None,0.0,0,0,0,0,0.5013,1666893,1658339,LLC,LLC,1320536,0.6071,53389,0.0404,1267147,0.9596,12.6715,0,0.0,337803,0.1553,13701,0.0406,324102,0.9594,3.241,0,0.0,2175089,134633,0.0619,2040456,0.9381,20.4046,0,0.0,74900,0.0344,11900,0.1589,63000,0.8411,0.63,0,0.0,441850,0.2031,55643,0.1259,386207,0.8741,3.8621,0,0.0,263.7,None,0.0,0,0,0,0,0.0405,67090,1591249,cpu0_STLB,STLB,384288,1.0,324870,0.8454,59418,0.1546,0.5942,0,0.0,384288,324870,0.8454,59418,0.1546,0.5942,0,0.0,402.8,None,0.0,0,0,0,0,0.8454,324870,59418,1,0,0.2883,346846902,100000001,,core,1,core.1.v1.,v1,,l1d,n,l1d.n.v1.,v1,,l1i,n,l1i.n.v1.,v1,,l2c,n,l2c.n.v1.,v1,,llc,1,llc.1.v1.,v1,,memory,1,memory.1.v2.,v2,,tlbs,n,tlbs.n.v1.,v1,1,1,bravo.a_001_1_001.raw,1,myscript_google,bravo.a,0.0,0.0,/mnt/storage/traces/gtrace_v2_champsim_myscript/bravo.a/bravo.a.log,100000000,100000000,1,1,/mnt/storage/traces/gtrace_v2_champsim_myscript/bravo.a/bravo.a_0001.champsim.gz,0,0,True,
64.3,6.976,0.9627,3.985,0.9014,0.6028,0.4154,0.2994,0.7718,cpu0_DTLB,DTLB,25662869,1.0,24976644,0.9733,686225,0.0267,6.8622,314147,0.0122,25662869,24976644,0.9733,686225,0.0267,6.8622,314147,0.0122,15.74,None,0.0,0,0,0,0,0.9733,24976644,686225,cpu0_ITLB,ITLB,10895156,1.0,10893624,0.9999,1532,0.0001,0.0153,1067,0.0001,10895156,10893624,0.9999,1532,0.0001,0.0153,1067,0.0001,16.62,None,0.0,0,0,0,0,0.9999,10893624,1532,cpu0_L1D,L1D,14803285,0.5416,13307760,0.899,1495525,0.101,14.9552,460878,0.0311,27330259,24299623,0.8891,3030636,0.1109,30.3064,1636703,0.0599,13002,0.0005,129,0.0099,12873,0.9901,0.1287,94,0.0072,12513972,0.4579,10991734,0.8784,1522238,0.1216,15.2224,1175731,0.094,174.6,None,0.0,0,0,0,0,0.899,13307760,1495525,cpu0_L1I,L1I,12791912,1.0,9651722,0.7545,3140190,0.2455,31.4019,1232558,0.0964,12791912,9651722,0.7545,3140190,0.2455,31.4019,1232558,0.0964,30.48,None,0.0,0,0,0,0,0.7545,9651722,3140190,cpu0_L2C,L2C,2942268,0.764,2426460,0.8247,515808,0.1753,5.1581,0,0.0,346470,0.09,87329,0.2521,259141,0.7479,2.5914,0,0.0,3850889,2977200,0.7731,873689,0.2269,8.7369,0,0.0,12779,0.0033,2219,0.1736,10560,0.8264,0.1056,0,0.0,549372,0.1427,461192,0.8395,88180,0.1605,0.8818,0,0.0,316.3,None,0.0,0,0,0,0,0.7644,2513789,774949,LLC,LLC,515808,0.4469,45288,0.0878,470520,0.9122,4.7052,0,0.0,259141,0.2245,11522,0.0445,247619,0.9555,2.4762,0,0.0,1154240,114208,0.0989,1040032,0.9011,10.4003,0,0.0,10560,0.0091,406,0.0384,10154,0.9616,0.1015,0,0.0,368731,0.3195,56992,0.1546,311739,0.8454,3.1174,0,0.0,256.0,None,0.0,0,0,0,0,0.0733,56810,718139,cpu0_STLB,STLB,372543,1.0,366487,0.9837,6056,0.0163,0.0606,0,0.0,372543,366487,0.9837,6056,0.0163,0.0606,0,0.0,659.8,None,0.0,0,0,0,0,0.9837,366487,6056,29,0,0.6282,159173422,100000004,,core,1,core.1.v1.,v1,,l1d,n,l1d.n.v1.,v1,,l1i,n,l1i.n.v1.,v1,,l2c,n,l2c.n.v1.,v1,,llc,1,llc.1.v1.,v1,,memory,1,memory.1.v2.,v2,,tlbs,n,tlbs.n.v1.,v1,29,1,tango_029_1_029.raw,29,myscript_google,tango,0.0,0.0,/mnt/storage/traces/gtrace_v2_champsim_myscript/tango/tango.log,100000000,100000000,1,1,/mnt/storage/traces/gtrace_v2_champsim_myscript/tango/tango_0029.champsim.gz,0,0,True,
76.25,5.896,0.9692,2.672,0.7935,1.16,0.2032,0.3274,0.7412,cpu0_DTLB,DTLB,26588137,1.0,25896984,0.974,691153,0.026,6.9115,277672,0.0104,26588137,25896984,0.974,691153,0.026,6.9115,277672,0.0104,5.466,None,0.0,0,0,0,0,0.974,25896984,691153,cpu0_ITLB,ITLB,12712110,1.0,12712084,1.0,26,0.0,0.0003,11,0.0,12712110,12712084,1.0,26,0.0,0.0003,11,0.0,424.9,None,0.0,0,0,0,0,1.0,12712084,26,cpu0_L1D,L1D,14949542,0.5246,12786625,0.8553,2162917,0.1447,21.6292,728201,0.0487,28495443,24435219,0.8575,4060224,0.1425,40.6022,2182657,0.0766,395,0.0,1,0.0025,394,0.9975,0.0039,0,0.0,13545506,0.4754,11648593,0.86,1896913,0.14,18.9691,1454456,0.1074,168.9,None,0.0,0,0,0,0,0.8553,12786625,2162917,cpu0_L1I,L1I,15258998,1.0,10172890,0.6667,5086108,0.3333,50.8611,2060191,0.135,15258998,10172890,0.6667,5086108,0.3333,50.8611,2060191,0.135,39.52,None,0.0,0,0,0,0,0.6667,10172890,5086108,cpu0_L2C,L2C,4460610,0.7866,3538972,0.7934,921638,0.2066,9.2164,0,0.0,442427,0.078,171992,0.3887,270435,0.6113,2.7043,0,0.0,5670492,4376402,0.7718,1294090,0.2282,12.9409,0,0.0,394,0.0001,11,0.0279,383,0.9721,0.0038,0,0.0,767061,0.1353,665427,0.8675,101634,0.1325,1.0163,0,0.0,308.4,None,0.0,0,0,0,0,0.7569,3710964,1192073,LLC,LLC,921638,0.5565,98376,0.1067,823262,0.8933,8.2326,0,0.0,270435,0.1633,12261,0.0453,258174,0.9547,2.5817,0,0.0,1656180,178226,0.1076,1477954,0.8924,14.7795,0,0.0,383,0.0002,0,0.0,383,1.0,0.0038,0,0.0,463724,0.28,67589,0.1458,396135,0.8542,3.9613,0,0.0,259.3,None,0.0,0,0,0,0,0.0928,110637,1081436,cpu0_STLB,STLB,413496,1.0,413299,0.9995,197,0.0005,0.002,0,0.0,413496,413299,0.9995,197,0.0005,0.002,0,0.0,1007.0,None,0.0,0,0,0,0,0.9995,413299,197,11,0,0.4935,202621167,100000001,,core,1,core.1.v1.,v1,,l1d,n,l1d.n.v1.,v1,,l1i,n,l1i.n.v1.,v1,,l2c,n,l2c.n.v1.,v1,,llc,1,llc.1.v1.,v1,,memory,1,memory.1.v2.,v2,,tlbs,n,tlbs.n.v1.,v1,11,1,sierra.a.6_011_1_011.raw,11,myscript_google,sierra.a.6,0.0,0.0,/mnt/storage/traces/gtrace_v2_champsim_myscript/sierra.a.6/sierra.a.6.log,100000000,100000000,1,1,/mnt/storage/traces/gtrace_v2_champsim_myscript/sierra.a.6/sierra.a.6_0011.champsim.gz,0,0,True,
43.86,10.15,0.9455,6.01,1.487,0.8347,0.4991,0.4624,0.8564,cpu0_DTLB,DTLB,26792356,1.0,26285704,0.9811,506652,0.0189,5.0665,212727,0.0079,26792356,26285704,0.9811,506652,0.0189,5.0665,212727,0.0079,8.28,None,0.0,0,0,0,0,0.9811,26285704,506652,cpu0_ITLB,ITLB,9105091,1.0,9105026,1.0,65,0.0,0.0006,17,0.0,9105091,9105026,1.0,65,0.0,0.0006,17,0.0,197.3,None,0.0,0,0,0,0,1.0,9105026,65,cpu0_L1D,L1D,16723477,0.5909,15030288,0.8988,1693189,0.1012,16.9319,509737,0.0305,28301063,24904706,0.88,3396357,0.12,33.9636,1799471,0.0636,2377,0.0001,4,0.0017,2373,0.9983,0.0237,1,0.0004,11575209,0.409,9874414,0.8531,1700795,0.1469,17.0079,1289733,0.1114,200.6,None,0.0,0,0,0,0,0.8988,15030288,1693189,cpu0_L1I,L1I,10956680,1.0,8538348,0.7793,2418332,0.2207,24.1833,927798,0.0847,10956680,8538348,0.7793,2418332,0.2207,24.1833,927798,0.0847,124.7,None,0.0,0,0,0,0,0.7793,8538348,2418332,cpu0_L2C,L2C,2673974,0.7229,1584286,0.5925,1089688,0.4075,10.8969,0,0.0,411038,0.1111,100270,0.2439,310768,0.7561,3.1077,0,0.0,3698710,2173357,0.5876,1525353,0.4124,15.2535,0,0.0,2372,0.0006,146,0.0616,2226,0.9384,0.0223,0,0.0,611326,0.1653,488655,0.7993,122671,0.2007,1.2267,0,0.0,315.9,None,0.0,0,0,0,0,0.546,1684556,1400456,LLC,LLC,1089688,0.5947,141175,0.1296,948513,0.8704,9.4851,0,0.0,310768,0.1696,10188,0.0328,300580,0.9672,3.0058,0,0.0,1832416,200688,0.1095,1631728,0.8905,16.3173,0,0.0,2226,0.0012,19,0.0085,2207,0.9915,0.0221,0,0.0,429734,0.2345,49306,0.1147,380428,0.8853,3.8043,0,0.0,283.4,None,0.0,0,0,0,0,0.1081,151363,1249093,cpu0_STLB,STLB,293973,1.0,292815,0.9961,1158,0.0039,0.0116,0,0.0,293973,292815,0.9961,1158,0.0039,0.0116,0,0.0,839.3,None,0.0,0,0,0,0,0.9961,292815,1158,75,0,0.4226,236621734,100000004,,core,1,core.1.v1.,v1,,l1d,n,l1d.n.v1.,v1,,l1i,n,l1i.n.v1.,v1,,l2c,n,l2c.n.v1.,v1,,llc,1,llc.1.v1.,v1,,memory,1,memory.1.v2.,v2,,tlbs,n,tlbs.n.v1.,v1,75,1,yankee_075_1_075.raw,75,myscript_google,yankee,0.0,0.0,/mnt/storage/traces/gtrace_v2_champsim_myscript/yankee/yankee.log,None,None,1,1,/mnt/storage/traces/gtrace_v2_champsim_myscript/yankee/yankee_0075.champsim.gz,0,0,True,
42.82,10.29,0.9442,6.023,1.514,0.8438,0.5355,0.5004,0.8709,cpu0_DTLB,DTLB,27102908,1.0,26573498,0.9805,529410,0.0195,5.2941,227667,0.0084,27102908,26573498,0.9805,529410,0.0195,5.2941,227667,0.0084,8.019,None,0.0,0,0,0,0,0.9805,26573498,529410,cpu0_ITLB,ITLB,9168386,1.0,9168319,1.0,67,0.0,0.0007,15,0.0,9168386,9168319,1.0,67,0.0,0.0007,15,0.0,75.79,None,0.0,0,0,0,0,1.0,9168319,67,cpu0_L1D,L1D,16660883,0.5822,14883863,0.8933,1777020,0.1067,17.7702,528966,0.0317,28619038,24924897,0.8709,3694141,0.1291,36.9414,1985056,0.0694,2296,0.0001,4,0.0017,2292,0.9983,0.0229,2,0.0009,11955859,0.4178,10041030,0.8398,1914829,0.1602,19.1483,1456088,0.1218,205.2,None,0.0,0,0,0,0,0.8933,14883863,1777020,cpu0_L1I,L1I,11023284,1.0,8770795,0.7957,2252489,0.2043,22.5249,852168,0.0773,11023284,8770795,0.7957,2252489,0.2043,22.5249,852168,0.0773,139.6,None,0.0,0,0,0,0,0.7957,8770795,2252489,cpu0_L2C,L2C,2648366,0.7025,1539393,0.5813,1108973,0.4187,11.0897,0,0.0,458720,0.1217,108184,0.2358,350536,0.7642,3.5054,0,0.0,3770167,2177175,0.5775,1592992,0.4225,15.9299,0,0.0,2290,0.0006,194,0.0847,2096,0.9153,0.021,0,0.0,660791,0.1753,529404,0.8012,131387,0.1988,1.3139,0,0.0,327.4,None,0.0,0,0,0,0,0.5303,1647577,1459509,LLC,LLC,1108969,0.5759,140173,0.1264,968796,0.8736,9.688,0,0.0,350536,0.182,12269,0.035,338267,0.965,3.3827,0,0.0,1925556,204577,0.1062,1720979,0.8938,17.2098,0,0.0,2096,0.0011,9,0.0043,2087,0.9957,0.0209,0,0.0,463955,0.2409,52126,0.1124,411829,0.8876,4.1183,0,0.0,291.4,None,0.0,0,0,0,0,0.1044,152442,1307063,cpu0_STLB,STLB,301795,1.0,300674,0.9963,1121,0.0037,0.0112,0,0.0,301795,300674,0.9963,1121,0.0037,0.0112,0,0.0,814.7,None,0.0,0,0,0,0,0.9963,300674,1121,78,0,0.414,241538492,100000000,,core,1,core.1.v1.,v1,,l1d,n,l1d.n.v1.,v1,,l1i,n,l1i.n.v1.,v1,,l2c,n,l2c.n.v1.,v1,,llc,1,llc.1.v1.,v1,,memory,1,memory.1.v2.,v2,,tlbs,n,tlbs.n.v1.,v1,78,1,yankee_078_1_078.raw,78,myscript_google,yankee,0.0,0.0,/mnt/storage/traces/gtrace_v2_champsim_myscript/yankee/yankee.log,None,None,1,1,/mnt/storage/traces/gtrace_v2_champsim_myscript/yankee/yankee_0078.champsim.gz,0,0,True,
50.42,8.536,0.9552,6.417,0.5701,0.7367,0.2404,0.1943,0.3773,cpu0_DTLB,DTLB,25622723,1.0,25222983,0.9844,399740,0.0156,3.9974,166488,0.0065,25622723,25222983,0.9844,399740,0.0156,3.9974,166488,0.0065,25.31,None,0.0,0,0,0,0,0.9844,25222983,399740,cpu0_ITLB,ITLB,8377552,1.0,8377541,1.0,11,0.0,0.0001,2,0.0,8377552,8377541,1.0,11,0.0,0.0001,2,0.0,873.4,None,0.0,0,0,0,0,1.0,8377541,11,cpu0_L1D,L1D,18187945,0.6752,16048005,0.8823,2139940,0.1177,21.3994,713201,0.0392,26935762,23692569,0.8796,3243193,0.1204,32.4319,1491098,0.0554,13522,0.0005,116,0.0086,13406,0.9914,0.1341,12,0.0009,8734295,0.3243,7644448,0.8752,1089847,0.1248,10.8985,777885,0.0891,173.1,None,0.0,0,0,0,0,0.8823,16048005,2139940,cpu0_L1I,L1I,10197573,1.0,8810277,0.864,1387296,0.136,13.873,557183,0.0546,10197573,8810277,0.864,1387296,0.136,13.873,557183,0.0546,111.7,None,0.0,0,0,0,0,0.864,8810277,1387296,cpu0_L2C,L2C,2256833,0.7446,1592061,0.7054,664772,0.2946,6.6477,0,0.0,311932,0.1029,94641,0.3034,217291,0.6966,2.1729,0,0.0,3030895,2060580,0.6799,970315,0.3201,9.7032,0,0.0,13394,0.0044,2585,0.193,10809,0.807,0.1081,0,0.0,448736,0.1481,371293,0.8274,77443,0.1726,0.7744,0,0.0,386.8,None,0.0,0,0,0,0,0.6566,1686702,882063,LLC,LLC,664772,0.5769,50590,0.0761,614182,0.9239,6.1418,0,0.0,217291,0.1886,6218,0.0286,211073,0.9714,2.1107,0,0.0,1152324,85459,0.0742,1066865,0.9258,10.6686,0,0.0,10809,0.0094,225,0.0208,10584,0.9792,0.1058,0,0.0,259452,0.2252,28426,0.1096,231026,0.8904,2.3103,0,0.0,340.1,None,0.0,0,0,0,0,0.0644,56808,825255,cpu0_STLB,STLB,233261,1.0,227239,0.9742,6022,0.0258,0.0602,0,0.0,233261,227239,0.9742,6022,0.0258,0.0602,0,0.0,786.9,None,0.0,0,0,0,0,0.9742,227239,6022,7,0,0.5605,178400028,100000000,,core,1,core.1.v1.,v1,,l1d,n,l1d.n.v1.,v1,,l1i,n,l1i.n.v1.,v1,,l2c,n,l2c.n.v1.,v1,,llc,1,llc.1.v1.,v1,,memory,1,memory.1.v2.,v2,,tlbs,n,tlbs.n.v1.,v1,7,1,merced_007_1_007.raw,7,myscript_google,merced,0.0,0.0,/mnt/storage/traces/gtrace_v2_champsim_myscript/merced/merced.log,None,None,1,1,/mnt/storage/traces/gtrace_v2_champsim_myscript/merced/merced_0007.champsim.gz,0,0,True,
44.1,9.516,0.9473,6.452,0.8492,0.9749,0.3416,0.2987,0.5999,cpu0_DTLB,DTLB,24390574,1.0,24025966,0.9851,364608,0.0149,3.6461,152564,0.0063,24390574,24025966,0.9851,364608,0.0149,3.6461,152564,0.0063,24.06,None,0.0,0,0,0,0,0.9851,24025966,364608,cpu0_ITLB,ITLB,9365334,1.0,9365324,1.0,10,0.0,0.0001,6,0.0,9365334,9365324,1.0,10,0.0,0.0001,6,0.0,1166.0,None,0.0,0,0,0,0,1.0,9365324,10,cpu0_L1D,L1D,16165064,0.6276,14729796,0.9112,1435268,0.0888,14.3527,424969,0.0263,25757518,23156420,0.899,2601098,0.101,26.011,1281558,0.0498,12904,0.0005,89,0.0069,12815,0.9931,0.1281,16,0.0012,9579550,0.3719,8426535,0.8796,1153015,0.1204,11.5302,856573,0.0894,192.3,None,0.0,0,0,0,0,0.9112,14729796,1435268,cpu0_L1I,L1I,11342177,1.0,9503623,0.8379,1838554,0.1621,18.3855,706773,0.0623,11342177,9503623,0.8379,1838554,0.1621,18.3855,706773,0.0623,123.4,None,0.0,0,0,0,0,0.8379,9503623,1838554,cpu0_L2C,L2C,2142065,0.743,1232977,0.5756,909088,0.4244,9.0909,0,0.0,296424,0.1028,77807,0.2625,218617,0.7375,2.1862,0,0.0,2882891,1662979,0.5768,1219912,0.4232,12.1991,0,0.0,12799,0.0044,2007,0.1568,10792,0.8432,0.1079,0,0.0,431603,0.1497,350188,0.8114,81415,0.1886,0.8142,0,0.0,306.5,None,0.0,0,0,0,0,0.5375,1310784,1127705,LLC,LLC,909088,0.6428,70576,0.0776,838512,0.9224,8.3851,0,0.0,218617,0.1546,7451,0.0341,211166,0.9659,2.1117,0,0.0,1414365,116557,0.0824,1297808,0.9176,12.9781,0,0.0,10792,0.0076,289,0.0268,10503,0.9732,0.105,0,0.0,275868,0.195,38241,0.1386,237627,0.8614,2.3763,0,0.0,275.5,None,0.0,0,0,0,0,0.0692,78027,1049678,cpu0_STLB,STLB,212048,1.0,206296,0.9729,5752,0.0271,0.0575,0,0.0,212048,206296,0.9729,5752,0.0271,0.0575,0,0.0,702.5,None,0.0,0,0,0,0,0.9729,206296,5752,45,0,0.4632,215896762,100000000,,core,1,core.1.v1.,v1,,l1d,n,l1d.n.v1.,v1,,l1i,n,l1i.n.v1.,v1,,l2c,n,l2c.n.v1.,v1,,llc,1,llc.1.v1.,v1,,memory,1,memory.1.v2.,v2,,tlbs,n,tlbs.n.v1.,v1,45,1,merced_045_1_045.raw,45,myscript_google,merced,0.0,0.0,/mnt/storage/traces/gtrace_v2_champsim_myscript/merced/merced.log,None,None,1,1,/mnt/storage/traces/gtrace_v2_champsim_myscript/merced/merced_0045.champsim.gz,0,0,True,
64.01,7.542,0.9603,4.021,1.04,0.711,0.4436,0.3718,0.9541,cpu0_DTLB,DTLB,26803759,1.0,26056547,0.9721,747212,0.0279,7.4721,334019,0.0125,26803759,26056547,0.9721,747212,0.0279,7.4721,334019,0.0125,11.19,None,0.0,0,0,0,0,0.9721,26056547,747212,cpu0_ITLB,ITLB,11204696,1.0,11202920,0.9998,1776,0.0002,0.0178,1240,0.0001,11204696,11202920,0.9998,1776,0.0002,0.0178,1240,0.0001,19.83,None,0.0,0,0,0,0,0.9998,11202920,1776,cpu0_L1D,L1D,15193864,0.5312,13606987,0.8956,1586877,0.1044,15.8688,456298,0.03,28603219,25361888,0.8867,3241331,0.1133,32.4133,1710418,0.0598,6977,0.0002,75,0.0107,6902,0.9893,0.069,68,0.0097,13402378,0.4686,11754826,0.8771,1647552,0.1229,16.4755,1254052,0.0936,155.7,None,0.0,0,0,0,0,0.8956,13606987,1586877,cpu0_L1I,L1I,13242205,1.0,9116136,0.6884,4126069,0.3116,41.2607,1625955,0.1228,13242205,9116136,0.6884,4126069,0.3116,41.2607,1625955,0.1228,30.59,None,0.0,0,0,0,0,0.6884,9116136,4126069,cpu0_L2C,L2C,3630680,0.7801,3092633,0.8518,538047,0.1482,5.3805,0,0.0,393477,0.0845,112904,0.2869,280573,0.7131,2.8057,0,0.0,4654220,3736216,0.8028,918004,0.1972,9.18,0,0.0,6834,0.0015,856,0.1253,5978,0.8747,0.0598,0,0.0,623229,0.1339,529823,0.8501,93406,0.1499,0.9341,0,0.0,309.6,None,0.0,0,0,0,0,0.7966,3205537,818620,LLC,LLC,538047,0.4375,37781,0.0702,500266,0.9298,5.0027,0,0.0,280573,0.2282,13212,0.0471,267361,0.9529,2.6736,0,0.0,1229705,108617,0.0883,1121088,0.9117,11.2109,0,0.0,5978,0.0049,105,0.0176,5873,0.9824,0.0587,0,0.0,405107,0.3294,57519,0.142,347588,0.858,3.4759,0,0.0,244.3,None,0.0,0,0,0,0,0.0623,50993,767627,cpu0_STLB,STLB,413729,1.0,410573,0.9924,3156,0.0076,0.0316,0,0.0,413729,410573,0.9924,3156,0.0076,0.0316,0,0.0,811.6,None,0.0,0,0,0,0,0.9924,410573,3156,38,0,0.6086,164320543,100000004,,core,1,core.1.v1.,v1,,l1d,n,l1d.n.v1.,v1,,l1i,n,l1i.n.v1.,v1,,l2c,n,l2c.n.v1.,v1,,llc,1,llc.1.v1.,v1,,memory,1,memory.1.v2.,v2,,tlbs,n,tlbs.n.v1.,v1,38,1,tango_038_1_038.raw,38,myscript_google,tango,0.0,0.0,/mnt/storage/traces/gtrace_v2_champsim_myscript/tango/tango.log,100000000,100000000,1,1,/mnt/storage/traces/gtrace_v2_champsim_myscript/tango/tango_0038.champsim.gz,0,0,True,
48.42,8.437,0.9545,5.831,0.6824,0.8873,0.3521,0.2321,0.4519,cpu0_DTLB,DTLB,24125648,1.0,23719688,0.9832,405960,0.0168,4.0596,172413,0.0071,24125648,23719688,0.9832,405960,0.0168,4.0596,172413,0.0071,25.28,None,0.0,0,0,0,0,0.9832,23719688,405960,cpu0_ITLB,ITLB,8930603,1.0,8930587,1.0,16,0.0,0.0002,11,0.0,8930603,8930587,1.0,16,0.0,0.0002,11,0.0,1107.0,None,0.0,0,0,0,0,1.0,8930587,16,cpu0_L1D,L1D,16504077,0.6509,14629301,0.8864,1874776,0.1136,18.7478,608014,0.0368,25356904,22263657,0.878,3093247,0.122,30.9325,1488546,0.0587,13718,0.0005,84,0.0061,13634,0.9939,0.1363,13,0.0009,8839109,0.3486,7634272,0.8637,1204837,0.1363,12.0484,880519,0.0996,170.3,None,0.0,0,0,0,0,0.8864,14629301,1874776,cpu0_L1I,L1I,10684600,1.0,9163250,0.8576,1521350,0.1424,15.2135,602952,0.0564,10684600,9163250,0.8576,1521350,0.1424,15.2135,602952,0.0564,126.2,None,0.0,0,0,0,0,0.8576,9163250,1521350,cpu0_L2C,L2C,2185133,0.7312,1456277,0.6664,728856,0.3336,7.2886,0,0.0,324260,0.1085,89822,0.277,234438,0.723,2.3444,0,0.0,2988376,1933660,0.6471,1054716,0.3529,10.5472,0,0.0,13621,0.0046,2452,0.18,11169,0.82,0.1117,0,0.0,465362,0.1557,385109,0.8275,80253,0.1725,0.8025,0,0.0,349.9,None,0.0,0,0,0,0,0.6161,1546099,963294,LLC,LLC,728856,0.5771,65159,0.0894,663697,0.9106,6.637,0,0.0,234438,0.1856,9254,0.0395,225184,0.9605,2.2518,0,0.0,1262949,109435,0.0867,1153514,0.9133,11.5351,0,0.0,11169,0.0088,219,0.0196,10950,0.9804,0.1095,0,0.0,288486,0.2284,34803,0.1206,253683,0.8794,2.5368,0,0.0,308.2,None,0.0,0,0,0,0,0.0772,74413,888881,cpu0_STLB,STLB,233552,1.0,227434,0.9738,6118,0.0262,0.0612,0,0.0,233552,227434,0.9738,6118,0.0262,0.0612,0,0.0,774.1,None,0.0,0,0,0,0,0.9738,227434,6118,14,0,0.5419,184536999,100000002,,core,1,core.1.v1.,v1,,l1d,n,l1d.n.v1.,v1,,l1i,n,l1i.n.v1.,v1,,l2c,n,l2c.n.v1.,v1,,llc,1,llc.1.v1.,v1,,memory,1,memory.1.v2.,v2,,tlbs,n,tlbs.n.v1.,v1,14,1,merced_014_1_014.raw,14,myscript_google,merced,0.0,0.0,/mnt/storage/traces/gtrace_v2_champsim_myscript/merced/merced.log,None,None,1,1,/mnt/storage/traces/gtrace_v2_champsim_myscript/merced/merced_0014.champsim.gz,0,0,True,
38.72,10.92,0.9364,5.056,1.855,2.23,0.2389,0.363,1.174,cpu0_DTLB,DTLB,27575030,1.0,26685173,0.9677,889857,0.0323,8.8986,354010,0.0128,27575030,26685173,0.9677,889857,0.0323,8.8986,354010,0.0128,11.69,None,0.0,0,0,0,0,0.9677,26685173,889857,cpu0_ITLB,ITLB,12093978,1.0,12093725,1.0,253,0.0,0.0025,136,0.0,12093978,12093725,1.0,253,0.0,0.0025,136,0.0,459.9,None,0.0,0,0,0,0,1.0,12093725,253,cpu0_L1D,L1D,16817327,0.5755,14768597,0.8782,2048730,0.1218,20.4873,555158,0.033,29221880,25357650,0.8678,3864230,0.1322,38.6423,1719503,0.0588,10594,0.0004,36,0.0034,10558,0.9966,0.1056,1,0.0001,12393959,0.4241,10589017,0.8544,1804942,0.1456,18.0494,1164344,0.0939,221.3,None,0.0,0,0,0,0,0.8782,14768597,2048730,cpu0_L1I,L1I,14594292,1.0,10407640,0.7131,4186652,0.2869,41.8665,1553836,0.1065,14594292,10407640,0.7131,4186652,0.2869,41.8665,1553836,0.1065,100.3,None,0.0,0,0,0,0,0.7131,10407640,4186652,cpu0_L2C,L2C,4126351,0.7152,2686114,0.651,1440237,0.349,14.4024,0,0.0,640523,0.111,255306,0.3986,385217,0.6014,3.8522,0,0.0,5769573,3782923,0.6557,1986650,0.3443,19.8665,0,0.0,10557,0.0018,810,0.0767,9747,0.9233,0.0975,0,0.0,992142,0.172,840693,0.8474,151449,0.1526,1.5145,0,0.0,352.0,None,0.0,0,0,0,0,0.6171,2941420,1825454,LLC,LLC,1440237,0.6034,156090,0.1084,1284147,0.8916,12.8415,0,0.0,385217,0.1614,23768,0.0617,361449,0.9383,3.6145,0,0.0,2386785,265255,0.1111,2121530,0.8889,21.2153,0,0.0,9747,0.0041,100,0.0103,9647,0.9897,0.0965,0,0.0,551584,0.2311,85297,0.1546,466287,0.8454,4.6629,0,0.0,317.6,None,0.0,0,0,0,0,0.0985,179858,1645596,cpu0_STLB,STLB,535964,1.0,530668,0.9901,5296,0.0099,0.053,0,0.0,535964,530668,0.9901,5296,0.0099,0.053,0,0.0,685.6,None,0.0,0,0,0,0,0.9901,530668,5296,0,0,0.3446,290223464,100000003,,core,1,core.1.v1.,v1,,l1d,n,l1d.n.v1.,v1,,l1i,n,l1i.n.v1.,v1,,l2c,n,l2c.n.v1.,v1,,llc,1,llc.1.v1.,v1,,memory,1,memory.1.v2.,v2,,tlbs,n,tlbs.n.v1.,v1,0,1,sierra.a.4_000_1_000.raw,0,myscript_google,sierra.a.4,0.0,0.0,/mnt/storage/traces/gtrace_v2_champsim_myscript/sierra.a.4/sierra.a.4.log,100000000,100000000,1,1,/mnt/storage/traces/gtrace_v2_champsim_myscript/sierra.a.4/sierra.a.4_0000.champsim.gz,0,0,True,
44.44,10.21,0.9448,5.982,1.524,0.8589,0.5269,0.4752,0.8411,cpu0_DTLB,DTLB,26709233,1.0,26190578,0.9806,518655,0.0194,5.1865,225110,0.0084,26709233,26190578,0.9806,518655,0.0194,5.1865,225110,0.0084,7.581,None,0.0,0,0,0,0,0.9806,26190578,518655,cpu0_ITLB,ITLB,8931011,1.0,8930956,1.0,55,0.0,0.0005,12,0.0,8931011,8930956,1.0,55,0.0,0.0005,12,0.0,133.0,None,0.0,0,0,0,0,1.0,8930956,55,cpu0_L1D,L1D,16714044,0.5924,15148892,0.9064,1565152,0.0936,15.6515,471011,0.0282,28213935,24989117,0.8857,3224818,0.1143,32.2482,1722946,0.0611,1847,0.0001,2,0.0011,1845,0.9989,0.0184,0,0.0,11498044,0.4075,9840223,0.8558,1657821,0.1442,16.5782,1251935,0.1089,195.3,None,0.0,0,0,0,0,0.9064,15148892,1565152,cpu0_L1I,L1I,10768431,1.0,8611990,0.7997,2156441,0.2003,21.5644,811488,0.0754,10768431,8611990,0.7997,2156441,0.2003,21.5644,811488,0.0754,125.2,None,0.0,0,0,0,0,0.7997,8611990,2156441,cpu0_L2C,L2C,2439083,0.7123,1452002,0.5953,987081,0.4047,9.8708,0,0.0,405854,0.1185,91646,0.2258,314208,0.7742,3.1421,0,0.0,3424127,2009321,0.5868,1414806,0.4132,14.1481,0,0.0,1845,0.0005,109,0.0591,1736,0.9409,0.0174,0,0.0,577345,0.1686,465564,0.8064,111781,0.1936,1.1178,0,0.0,310.4,None,0.0,0,0,0,0,0.5426,1543648,1301289,LLC,LLC,987081,0.5769,151482,0.1535,835599,0.8465,8.356,0,0.0,314208,0.1836,10925,0.0348,303283,0.9652,3.0328,0,0.0,1711122,210550,0.123,1500572,0.877,15.0057,0,0.0,1736,0.001,3,0.0017,1733,0.9983,0.0173,0,0.0,408097,0.2385,48140,0.118,359957,0.882,3.5996,0,0.0,280.7,None,0.0,0,0,0,0,0.1248,162407,1138882,cpu0_STLB,STLB,293588,1.0,292686,0.9969,902,0.0031,0.009,0,0.0,293588,292686,0.9969,902,0.0031,0.009,0,0.0,844.7,None,0.0,0,0,0,0,0.9969,292686,902,79,0,0.4565,219067434,100000003,,core,1,core.1.v1.,v1,,l1d,n,l1d.n.v1.,v1,,l1i,n,l1i.n.v1.,v1,,l2c,n,l2c.n.v1.,v1,,llc,1,llc.1.v1.,v1,,memory,1,memory.1.v2.,v2,,tlbs,n,tlbs.n.v1.,v1,79,1,yankee_079_1_079.raw,79,myscript_google,yankee,0.0,0.0,/mnt/storage/traces/gtrace_v2_champsim_myscript/yankee/yankee.log,None,None,1,1,/mnt/storage/traces/gtrace_v2_champsim_myscript/yankee/yankee_0079.champsim.gz,0,0,True,
48.44,8.826,0.9516,6.514,0.5686,0.8725,0.2138,0.2411,0.416,cpu0_DTLB,DTLB,24395349,1.0,24002980,0.9839,392369,0.0161,3.9237,164992,0.0068,24395349,24002980,0.9839,392369,0.0161,3.9237,164992,0.0068,26.84,None,0.0,0,0,0,0,0.9839,24002980,392369,cpu0_ITLB,ITLB,8831181,1.0,8831159,1.0,22,0.0,0.0002,10,0.0,8831181,8831159,1.0,22,0.0,0.0002,10,0.0,1103.0,None,0.0,0,0,0,0,1.0,8831159,22,cpu0_L1D,L1D,16717485,0.6509,14759634,0.8829,1957851,0.1171,19.5785,662559,0.0396,25682667,22511739,0.8765,3170928,0.1235,31.7093,1555124,0.0606,15248,0.0006,114,0.0075,15134,0.9925,0.1513,8,0.0005,8949934,0.3485,7751991,0.8662,1197943,0.1338,11.9794,892557,0.0997,157.4,None,0.0,0,0,0,0,0.8829,14759634,1957851,cpu0_L1I,L1I,10715765,1.0,9022981,0.842,1692784,0.158,16.9278,672668,0.0628,10715765,9022981,0.842,1692784,0.158,16.9278,672668,0.0628,113.6,None,0.0,0,0,0,0,0.842,9022981,1692784,cpu0_L2C,L2C,2315395,0.7509,1514355,0.654,801040,0.346,8.0104,0,0.0,305354,0.099,84540,0.2769,220814,0.7231,2.2081,0,0.0,3083421,1972265,0.6396,1111156,0.3604,11.1116,0,0.0,15126,0.0049,2720,0.1798,12406,0.8202,0.1241,0,0.0,447546,0.1451,370650,0.8282,76896,0.1718,0.769,0,0.0,314.3,None,0.0,0,0,0,0,0.6101,1598895,1021854,LLC,LLC,801040,0.6121,42394,0.0529,758646,0.9471,7.5865,0,0.0,220814,0.1687,12251,0.0555,208563,0.9445,2.0856,0,0.0,1308604,93065,0.0711,1215539,0.9289,12.1554,0,0.0,12406,0.0095,309,0.0249,12097,0.9751,0.121,0,0.0,274344,0.2096,38111,0.1389,236233,0.8611,2.3623,0,0.0,275.2,None,0.0,0,0,0,0,0.0535,54645,967209,cpu0_STLB,STLB,227389,1.0,220582,0.9701,6807,0.0299,0.0681,0,0.0,227389,220582,0.9701,6807,0.0299,0.0681,0,0.0,730.5,None,0.0,0,0,0,0,0.9701,220582,6807,76,0,0.4924,203081822,100000000,,core,1,core.1.v1.,v1,,l1d,n,l1d.n.v1.,v1,,l1i,n,l1i.n.v1.,v1,,l2c,n,l2c.n.v1.,v1,,llc,1,llc.1.v1.,v1,,memory,1,memory.1.v2.,v2,,tlbs,n,tlbs.n.v1.,v1,76,1,merced_076_1_076.raw,76,myscript_google,merced,0.0,0.0,/mnt/storage/traces/gtrace_v2_champsim_myscript/merced/merced.log,None,None,1,1,/mnt/storage/traces/gtrace_v2_champsim_myscript/merced/merced_0076.champsim.gz,0,0,True,
53.7,9.679,0.9457,4.04,1.694,2.178,0.2522,0.3885,1.126,cpu0_DTLB,DTLB,27650071,1.0,26930739,0.974,719332,0.026,7.1933,295915,0.0107,27650071,26930739,0.974,719332,0.026,7.1933,295915,0.0107,8.064,None,0.0,0,0,0,0,0.974,26930739,719332,cpu0_ITLB,ITLB,12028422,1.0,12028109,1.0,313,0.0,0.0031,161,0.0,12028422,12028109,1.0,313,0.0,0.0031,161,0.0,202.1,None,0.0,0,0,0,0,1.0,12028109,313,cpu0_L1D,L1D,15339243,0.5164,13301175,0.8671,2038068,0.1329,20.3807,612970,0.04,29705727,25545362,0.8599,4160365,0.1401,41.6036,2180739,0.0734,3004,0.0001,16,0.0053,2988,0.9947,0.0299,1,0.0003,14363480,0.4835,12244171,0.8525,2119309,0.1475,21.1931,1567768,0.1091,193.1,None,0.0,0,0,0,0,0.8671,13301175,2038068,cpu0_L1I,L1I,14645352,1.0,9264237,0.6326,5381115,0.3674,53.8111,2084654,0.1423,14645352,9264237,0.6326,5381115,0.3674,53.8111,2084654,0.1423,65.25,None,0.0,0,0,0,0,0.6326,9264237,5381115,cpu0_L2C,L2C,4721535,0.7669,3482019,0.7375,1239516,0.2625,12.3952,0,0.0,551513,0.0896,201242,0.3649,350271,0.6351,3.5027,0,0.0,6157016,4429560,0.7194,1727456,0.2806,17.2746,0,0.0,2987,0.0005,171,0.0572,2816,0.9428,0.0282,0,0.0,880981,0.1431,746128,0.8469,134853,0.1531,1.3485,0,0.0,322.3,None,0.0,0,0,0,0,0.6985,3683261,1589787,LLC,LLC,1239514,0.5851,70705,0.057,1168809,0.943,11.6881,0,0.0,350271,0.1653,21751,0.0621,328520,0.9379,3.2852,0,0.0,2118378,171858,0.0811,1946520,0.9189,19.4652,0,0.0,2816,0.0013,47,0.0167,2769,0.9833,0.0277,0,0.0,525777,0.2482,79355,0.1509,446422,0.8491,4.4642,0,0.0,274.8,None,0.0,0,0,0,0,0.0582,92456,1497329,cpu0_STLB,STLB,423569,1.0,422068,0.9965,1501,0.0035,0.015,0,0.0,423569,422068,0.9965,1501,0.0035,0.015,0,0.0,883.2,None,0.0,0,0,0,0,0.9965,422068,1501,3,0,0.3752,266526895,100000001,,core,1,core.1.v1.,v1,,l1d,n,l1d.n.v1.,v1,,l1i,n,l1i.n.v1.,v1,,l2c,n,l2c.n.v1.,v1,,llc,1,llc.1.v1.,v1,,memory,1,memory.1.v2.,v2,,tlbs,n,tlbs.n.v1.,v1,3,1,sierra.a.3_003_1_003.raw,3,myscript_google,sierra.a.3,0.0,0.0,/mnt/storage/traces/gtrace_v2_champsim_myscript/sierra.a.3/sierra.a.3.log,100000000,100000000,1,1,/mnt/storage/traces/gtrace_v2_champsim_myscript/sierra.a.3/sierra.a.3_0003.champsim.gz,0,0,True,
45.52,7.997,0.9564,3.428,1.34,0.7821,0.2259,0.4226,1.798,cpu0_DTLB,DTLB,26826718,1.0,25660683,0.9565,1166035,0.0435,11.6603,581520,0.0217,26826718,25660683,0.9565,1166035,0.0435,11.6603,581520,0.0217,73.74,None,0.0,0,0,0,0,0.9565,25660683,1166035,cpu0_ITLB,ITLB,13740700,1.0,13740700,1.0,0,0.0,0.0,0,0.0,13740700,13740700,1.0,0,0.0,0.0,0,0.0,NaN,None,None,0,0,0,0,1.0,13740700,0,cpu0_L1D,L1D,15898319,0.5545,12733606,0.8009,3164713,0.1991,31.6471,524348,0.033,28669733,23716426,0.8272,4953307,0.1728,49.5331,1654234,0.0577,264641,0.0092,2366,0.0089,262275,0.9911,2.6227,94,0.0004,12506773,0.4362,10980454,0.878,1526319,0.122,15.2632,1129792,0.0903,396.9,None,0.0,0,0,0,0,0.8009,12733606,3164713,cpu0_L1I,L1I,16081730,1.0,11948459,0.743,4133271,0.257,41.3327,1629607,0.1013,16081730,11948459,0.743,4133271,0.257,41.3327,1629607,0.1013,59.38,None,0.0,0,0,0,0,0.743,11948459,4133271,cpu0_L2C,L2C,5144020,0.7892,2872891,0.5585,2271129,0.4415,22.7113,0,0.0,396506,0.0608,97003,0.2446,299503,0.7554,2.995,0,0.0,6518163,3650066,0.56,2868097,0.44,28.681,0,0.0,262181,0.0402,128895,0.4916,133286,0.5084,1.3329,0,0.0,715456,0.1098,551277,0.7705,164179,0.2295,1.6418,0,0.0,492.1,None,0.0,0,0,0,0,0.536,2969894,2570632,LLC,LLC,2271129,0.7067,89936,0.0396,2181193,0.9604,21.8119,0,0.0,299503,0.0932,28153,0.094,271350,0.906,2.7135,0,0.0,3213921,245040,0.0762,2968881,0.9238,29.6888,0,0.0,133286,0.0415,24878,0.1867,108408,0.8133,1.0841,0,0.0,510003,0.1587,102073,0.2001,407930,0.7999,4.0793,0,0.0,461.8,None,0.0,0,0,0,0,0.0459,118089,2452543,cpu0_STLB,STLB,584515,1.0,452879,0.7748,131636,0.2252,1.3164,0,0.0,584515,452879,0.7748,131636,0.2252,1.3164,0,0.0,304.2,None,0.0,0,0,0,0,0.7748,452879,131636,0,0,0.2957,338168380,100000004,,core,1,core.1.v1.,v1,,l1d,n,l1d.n.v1.,v1,,l1i,n,l1i.n.v1.,v1,,l2c,n,l2c.n.v1.,v1,,llc,1,llc.1.v1.,v1,,memory,1,memory.1.v2.,v2,,tlbs,n,tlbs.n.v1.,v1,0,1,bravo.a_000_1_000.raw,0,myscript_google,bravo.a,0.0,0.0,/mnt/storage/traces/gtrace_v2_champsim_myscript/bravo.a/bravo.a.log,100000000,100000000,1,1,/mnt/storage/traces/gtrace_v2_champsim_myscript/bravo.a/bravo.a_0000.champsim.gz,0,0,True,
63.05,4.91,0.9774,3.381,0.4592,0.6097,0.0671,0.0941,0.2982,cpu0_DTLB,DTLB,19531125,1.0,19325648,0.9895,205477,0.0105,2.0548,84170,0.0043,19531125,19325648,0.9895,205477,0.0105,2.0548,84170,0.0043,11.89,None,0.0,0,0,0,0,0.9895,19325648,205477,cpu0_ITLB,ITLB,12966468,1.0,12966367,1.0,101,0.0,0.001,48,0.0,12966468,12966367,1.0,101,0.0,0.001,48,0.0,494.3,None,0.0,0,0,0,0,1.0,12966367,101,cpu0_L1D,L1D,13511226,0.6669,9682505,0.7166,3828721,0.2834,38.2872,2145331,0.1588,20261259,15487644,0.7644,4773615,0.2356,47.7361,2726620,0.1346,1784,0.0001,6,0.0034,1778,0.9966,0.0178,0,0.0,6748249,0.3331,5805133,0.8602,943116,0.1398,9.4312,581289,0.0861,279.9,None,0.0,0,0,0,0,0.7166,9682505,3828721,cpu0_L1I,L1I,14528374,1.0,13024813,0.8965,1503561,0.1035,15.0356,576084,0.0397,14528374,13024813,0.8965,1503561,0.1035,15.0356,576084,0.0397,84.15,None,0.0,0,0,0,0,0.8965,13024813,1503561,cpu0_L2C,L2C,2610861,0.7664,908109,0.3478,1702752,0.6522,17.0275,0,0.0,361823,0.1062,42672,0.1179,319151,0.8821,3.1915,0,0.0,3406837,1279649,0.3756,2127188,0.6244,21.2719,0,0.0,1778,0.0005,257,0.1445,1521,0.8555,0.0152,0,0.0,432375,0.1269,328611,0.76,103764,0.24,1.0376,0,0.0,294.5,None,0.0,0,0,0,0,0.3198,950781,2021903,LLC,LLC,1702752,0.7163,13089,0.0077,1689663,0.9923,16.8966,0,0.0,319151,0.1343,2980,0.0093,316171,0.9907,3.1617,0,0.0,2377234,33953,0.0143,2343281,0.9857,23.4328,0,0.0,1521,0.0006,16,0.0105,1505,0.9895,0.015,0,0.0,353810,0.1488,17868,0.0505,335942,0.9495,3.3594,0,0.0,254.6,None,0.0,0,0,0,0,0.0079,16069,2005834,cpu0_STLB,STLB,121360,1.0,120471,0.9927,889,0.0073,0.0089,0,0.0,121360,120471,0.9927,889,0.0073,0.0089,0,0.0,967.9,None,0.0,0,0,0,0,0.9927,120471,889,12,0,0.2299,434913171,100000004,,core,1,core.1.v1.,v1,,l1d,n,l1d.n.v1.,v1,,l1i,n,l1i.n.v1.,v1,,l2c,n,l2c.n.v1.,v1,,llc,1,llc.1.v1.,v1,,memory,1,memory.1.v2.,v2,,tlbs,n,tlbs.n.v1.,v1,12,1,sierra.a.3_012_1_012.raw,12,myscript_google,sierra.a.3,0.0,0.0,/mnt/storage/traces/gtrace_v2_champsim_myscript/sierra.a.3/sierra.a.3.log,100000000,100000000,1,1,/mnt/storage/traces/gtrace_v2_champsim_myscript/sierra.a.3/sierra.a.3_0012.champsim.gz,0,0,True,
45.17,8.528,0.954,4.931,0.9991,0.8201,0.4595,0.4123,0.9061,cpu0_DTLB,DTLB,26487279,1.0,26039382,0.9831,447897,0.0169,4.479,190840,0.0072,26487279,26039382,0.9831,447897,0.0169,4.479,190840,0.0072,18.93,None,0.0,0,0,0,0,0.9831,26039382,447897,cpu0_ITLB,ITLB,9863105,1.0,9862852,1.0,253,0.0,0.0025,62,0.0,9863105,9862852,1.0,253,0.0,0.0025,62,0.0,259.6,None,0.0,0,0,0,0,1.0,9862852,253,cpu0_L1D,L1D,16726015,0.5902,14803491,0.8851,1922524,0.1149,19.2252,631528,0.0378,28337871,25091443,0.8854,3246428,0.1146,32.4643,1545766,0.0545,8350,0.0003,97,0.0116,8253,0.9884,0.0825,8,0.001,11603506,0.4095,10287855,0.8866,1315651,0.1134,13.1565,914230,0.0788,315.6,None,0.0,0,0,0,0,0.8851,14803491,1922524,cpu0_L1I,L1I,11734838,1.0,9550980,0.8139,2183858,0.1861,21.8386,774692,0.066,11734838,9550980,0.8139,2183858,0.1861,21.8386,774692,0.066,109.6,None,0.0,0,0,0,0,0.8139,9550980,2183858,cpu0_L2C,L2C,2700146,0.7345,1506724,0.558,1193422,0.442,11.9342,0,0.0,401407,0.1092,65369,0.1628,336038,0.8372,3.3604,0,0.0,3676139,2017127,0.5487,1659012,0.4513,16.5901,0,0.0,8245,0.0022,1437,0.1743,6808,0.8257,0.0681,0,0.0,566341,0.1541,443597,0.7833,122744,0.2167,1.2274,0,0.0,401.7,None,0.0,0,0,0,0,0.5069,1572093,1529460,LLC,LLC,1193422,0.6107,47292,0.0396,1146130,0.9604,11.4613,0,0.0,336038,0.172,10238,0.0305,325800,0.9695,3.258,0,0.0,1954273,108399,0.0555,1845874,0.9445,18.4587,0,0.0,6808,0.0035,88,0.0129,6720,0.9871,0.0672,0,0.0,418005,0.2139,50781,0.1215,367224,0.8785,3.6722,0,0.0,349.3,None,0.0,0,0,0,0,0.0376,57530,1471930,cpu0_STLB,STLB,257248,1.0,253448,0.9852,3800,0.0148,0.038,0,0.0,257248,253448,0.9852,3800,0.0148,0.038,0,0.0,954.3,None,0.0,0,0,0,0,0.9852,253448,3800,38,0,0.4026,248398180,100000000,,core,1,core.1.v1.,v1,,l1d,n,l1d.n.v1.,v1,,l1i,n,l1i.n.v1.,v1,,l2c,n,l2c.n.v1.,v1,,llc,1,llc.1.v1.,v1,,memory,1,memory.1.v2.,v2,,tlbs,n,tlbs.n.v1.,v1,38,1,tahoe_038_1_038.raw,38,myscript_google,tahoe,0.0,0.0,/mnt/storage/traces/gtrace_v2_champsim_myscript/tahoe/tahoe.log,100000000,100000000,1,1,/mnt/storage/traces/gtrace_v2_champsim_myscript/tahoe/tahoe_0038.champsim.gz,0,0,True,
44.55,9.692,0.9488,5.905,1.288,0.9247,0.4301,0.4168,0.7269,cpu0_DTLB,DTLB,26442765,1.0,25944795,0.9812,497970,0.0188,4.9797,213467,0.0081,26442765,25944795,0.9812,497970,0.0188,4.9797,213467,0.0081,7.497,None,0.0,0,0,0,0,0.9812,25944795,497970,cpu0_ITLB,ITLB,8858552,1.0,8858505,1.0,47,0.0,0.0005,17,0.0,8858552,8858505,1.0,47,0.0,0.0005,17,0.0,62.53,None,0.0,0,0,0,0,1.0,8858505,47,cpu0_L1D,L1D,16650643,0.5959,15138875,0.9092,1511768,0.0908,15.1177,446910,0.0268,27941350,24864448,0.8899,3076902,0.1101,30.769,1627601,0.0583,1795,0.0001,4,0.0022,1791,0.9978,0.0179,0,0.0,11288912,0.404,9725569,0.8615,1563343,0.1385,15.6334,1180691,0.1046,200.6,None,0.0,0,0,0,0,0.9092,15138875,1511768,cpu0_L1I,L1I,10648183,1.0,8838710,0.8301,1809473,0.1699,18.0947,679586,0.0638,10648183,8838710,0.8301,1809473,0.1699,18.0947,679586,0.0638,149.3,None,0.0,0,0,0,0,0.8301,8838710,1809473,cpu0_L2C,L2C,2194734,0.7013,1257056,0.5728,937678,0.4272,9.3768,0,0.0,382614,0.1223,93429,0.2442,289185,0.7558,2.8918,0,0.0,3129721,1795165,0.5736,1334556,0.4264,13.3456,0,0.0,1791,0.0006,147,0.0821,1644,0.9179,0.0164,0,0.0,550582,0.1759,444533,0.8074,106049,0.1926,1.0605,0,0.0,328.9,None,0.0,0,0,0,0,0.524,1350485,1226863,LLC,LLC,937678,0.5825,97210,0.1037,840468,0.8963,8.4047,0,0.0,289185,0.1797,12023,0.0416,277162,0.9584,2.7716,0,0.0,1609648,156812,0.0974,1452836,0.9026,14.5284,0,0.0,1644,0.001,22,0.0134,1622,0.9866,0.0162,0,0.0,381141,0.2368,47557,0.1248,333584,0.8752,3.3358,0,0.0,290.4,None,0.0,0,0,0,0,0.089,109233,1117630,cpu0_STLB,STLB,284533,1.0,283662,0.9969,871,0.0031,0.0087,0,0.0,284533,283662,0.9969,871,0.0031,0.0087,0,0.0,816.6,None,0.0,0,0,0,0,0.9969,283662,871,29,0,0.4718,211944681,100000003,,core,1,core.1.v1.,v1,,l1d,n,l1d.n.v1.,v1,,l1i,n,l1i.n.v1.,v1,,l2c,n,l2c.n.v1.,v1,,llc,1,llc.1.v1.,v1,,memory,1,memory.1.v2.,v2,,tlbs,n,tlbs.n.v1.,v1,29,1,yankee_029_1_029.raw,29,myscript_google,yankee,0.0,0.0,/mnt/storage/traces/gtrace_v2_champsim_myscript/yankee/yankee.log,None,None,1,1,/mnt/storage/traces/gtrace_v2_champsim_myscript/yankee/yankee_0029.champsim.gz,0,0,True,
47.31,8.99,0.9524,4.992,1.039,0.8709,0.4805,0.5408,1.067,cpu0_DTLB,DTLB,27042672,1.0,26526456,0.9809,516216,0.0191,5.1622,218185,0.0081,27042672,26526456,0.9809,516216,0.0191,5.1622,218185,0.0081,17.24,None,0.0,0,0,0,0,0.9809,26526456,516216,cpu0_ITLB,ITLB,10064815,1.0,10064580,1.0,235,0.0,0.0023,46,0.0,10064815,10064580,1.0,235,0.0,0.0023,46,0.0,314.9,None,0.0,0,0,0,0,1.0,10064580,235,cpu0_L1D,L1D,16708154,0.5779,15124969,0.9052,1583185,0.0948,15.8318,466952,0.0279,28911402,26022662,0.9001,2888740,0.0999,28.8874,1411614,0.0488,9618,0.0003,112,0.0116,9506,0.9884,0.0951,12,0.0012,12193630,0.4218,10897581,0.8937,1296049,0.1063,12.9605,944650,0.0775,207.5,None,0.0,0,0,0,0,0.9052,15124969,1583185,cpu0_L1I,L1I,12055174,1.0,9274462,0.7693,2780712,0.2307,27.8071,1004118,0.0833,12055174,9274462,0.7693,2780712,0.2307,27.8071,1004118,0.0833,71.11,None,0.0,0,0,0,0,0.7693,9274462,2780712,cpu0_L2C,L2C,2892800,0.7662,1987983,0.6872,904817,0.3128,9.0482,0,0.0,351379,0.0931,80160,0.2281,271219,0.7719,2.7122,0,0.0,3775298,2491794,0.66,1283504,0.34,12.835,0,0.0,9494,0.0025,1489,0.1568,8005,0.8432,0.08,0,0.0,521625,0.1382,422162,0.8093,99463,0.1907,0.9946,0,0.0,317.5,None,0.0,0,0,0,0,0.6375,2068143,1176036,LLC,LLC,904817,0.5878,85799,0.0948,819018,0.9052,8.1902,0,0.0,271219,0.1762,8805,0.0325,262414,0.9675,2.6241,0,0.0,1539378,143293,0.0931,1396085,0.9069,13.9608,0,0.0,8005,0.0052,133,0.0166,7872,0.9834,0.0787,0,0.0,355337,0.2308,48556,0.1366,306781,0.8634,3.0678,0,0.0,280.1,None,0.0,0,0,0,0,0.0804,94604,1081432,cpu0_STLB,STLB,298220,1.0,293892,0.9855,4328,0.0145,0.0433,0,0.0,298220,293892,0.9855,4328,0.0145,0.0433,0,0.0,855.7,None,0.0,0,0,0,0,0.9855,293892,4328,30,0,0.474,210954896,100000004,,core,1,core.1.v1.,v1,,l1d,n,l1d.n.v1.,v1,,l1i,n,l1i.n.v1.,v1,,l2c,n,l2c.n.v1.,v1,,llc,1,llc.1.v1.,v1,,memory,1,memory.1.v2.,v2,,tlbs,n,tlbs.n.v1.,v1,30,1,tahoe_030_1_030.raw,30,myscript_google,tahoe,0.0,0.0,/mnt/storage/traces/gtrace_v2_champsim_myscript/tahoe/tahoe.log,100000000,100000000,1,1,/mnt/storage/traces/gtrace_v2_champsim_myscript/tahoe/tahoe_0030.champsim.gz,0,0,True,
43.26,10.31,0.9445,5.916,1.637,0.8692,0.47,0.5087,0.9117,cpu0_DTLB,DTLB,26963826,1.0,26464423,0.9815,499403,0.0185,4.994,214260,0.0079,26963826,26464423,0.9815,499403,0.0185,4.994,214260,0.0079,7.936,None,0.0,0,0,0,0,0.9815,26464423,499403,cpu0_ITLB,ITLB,9343177,1.0,9343104,1.0,73,0.0,0.0007,12,0.0,9343177,9343104,1.0,73,0.0,0.0007,12,0.0,121.6,None,0.0,0,0,0,0,1.0,9343104,73,cpu0_L1D,L1D,16563460,0.5805,14674693,0.886,1888767,0.114,18.8877,659382,0.0398,28533561,24867421,0.8715,3666140,0.1285,36.6614,1983076,0.0695,2065,0.0001,9,0.0044,2056,0.9956,0.0206,1,0.0005,11968036,0.4194,10192719,0.8517,1775317,0.1483,17.7532,1323693,0.1106,207.8,None,0.0,0,0,0,0,0.886,14674693,1888767,cpu0_L1I,L1I,11214522,1.0,9052554,0.8072,2161968,0.1928,21.6197,806159,0.0719,11214522,9052554,0.8072,2161968,0.1928,21.6197,806159,0.0719,126.6,None,0.0,0,0,0,0,0.8072,9052554,2161968,cpu0_L2C,L2C,2585183,0.7028,1479325,0.5722,1105858,0.4278,11.0586,0,0.0,451593,0.1228,105875,0.2344,345718,0.7656,3.4572,0,0.0,3678653,2099881,0.5708,1578772,0.4292,15.7877,0,0.0,2055,0.0006,131,0.0637,1924,0.9363,0.0192,0,0.0,639822,0.1739,514550,0.8042,125272,0.1958,1.2527,0,0.0,314.9,None,0.0,0,0,0,0,0.522,1585200,1451576,LLC,LLC,1105858,0.5815,185873,0.1681,919985,0.8319,9.1998,0,0.0,345718,0.1818,10508,0.0304,335210,0.9696,3.3521,0,0.0,1901659,248775,0.1308,1652884,0.8692,16.5288,0,0.0,1924,0.001,6,0.0031,1918,0.9969,0.0192,0,0.0,448159,0.2357,52388,0.1169,395771,0.8831,3.9577,0,0.0,288.7,None,0.0,0,0,0,0,0.1353,196381,1255195,cpu0_STLB,STLB,285204,1.0,284202,0.9965,1002,0.0035,0.01,0,0.0,285204,284202,0.9965,1002,0.0035,0.01,0,0.0,841.5,None,0.0,0,0,0,0,0.9965,284202,1002,23,0,0.4231,236328026,100000001,,core,1,core.1.v1.,v1,,l1d,n,l1d.n.v1.,v1,,l1i,n,l1i.n.v1.,v1,,l2c,n,l2c.n.v1.,v1,,llc,1,llc.1.v1.,v1,,memory,1,memory.1.v2.,v2,,tlbs,n,tlbs.n.v1.,v1,23,1,yankee_023_1_023.raw,23,myscript_google,yankee,0.0,0.0,/mnt/storage/traces/gtrace_v2_champsim_myscript/yankee/yankee.log,None,None,1,1,/mnt/storage/traces/gtrace_v2_champsim_myscript/yankee/yankee_0023.champsim.gz,0,0,True,
143.5,1.288,0.9931,0.9342,0.016,0.0524,0.2542,0.0082,0.0233,cpu0_DTLB,DTLB,25874366,1.0,25854011,0.9992,20355,0.0008,0.2036,9308,0.0004,25874366,25854011,0.9992,20355,0.0008,0.2036,9308,0.0004,52.79,None,0.0,0,0,0,0,0.9992,25854011,20355,cpu0_ITLB,ITLB,12625258,1.0,12625242,1.0,16,0.0,0.0002,7,0.0,12625258,12625242,1.0,16,0.0,0.0002,7,0.0,1026.0,None,0.0,0,0,0,0,1.0,12625242,16,cpu0_L1D,L1D,16800813,0.599,16174968,0.9627,625845,0.0373,6.2584,315736,0.0188,28048910,26864544,0.9578,1184366,0.0422,11.8437,695580,0.0248,1244,0.0,15,0.0121,1229,0.9879,0.0123,0,0.0,11246853,0.401,10689561,0.9504,557292,0.0496,5.5729,379844,0.0338,370.5,None,0.0,0,0,0,0,0.9627,16174968,625845,cpu0_L1I,L1I,14764474,1.0,14714968,0.9966,49506,0.0034,0.4951,19022,0.0013,14764474,14714968,0.9966,49506,0.0034,0.4951,19022,0.0013,193.3,None,0.0,0,0,0,0,0.9966,14714968,49506,cpu0_L2C,L2C,340591,0.4824,145510,0.4272,195081,0.5728,1.9508,0,0.0,177444,0.2513,8285,0.0467,169159,0.9533,1.6916,0,0.0,706051,316782,0.4487,389269,0.5513,3.8927,0,0.0,1229,0.0017,389,0.3165,840,0.6835,0.0084,0,0.0,186787,0.2646,162598,0.8705,24189,0.1295,0.2419,0,0.0,469.0,None,0.0,0,0,0,0,0.2969,153795,364240,LLC,LLC,195081,0.3632,5004,0.0257,190077,0.9743,1.9008,0,0.0,169159,0.3149,1932,0.0114,167227,0.9886,1.6723,0,0.0,537147,16914,0.0315,520233,0.9685,5.2023,0,0.0,840,0.0016,1,0.0012,839,0.9988,0.0084,0,0.0,172067,0.3203,9977,0.058,162090,0.942,1.6209,0,0.0,342.3,None,0.0,0,0,0,0,0.019,6936,357304,cpu0_STLB,STLB,11056,1.0,10435,0.9438,621,0.0562,0.0062,0,0.0,11056,10435,0.9438,621,0.0562,0.0062,0,0.0,863.9,None,0.0,0,0,0,0,0.9438,10435,621,0,0,1.156,86529234,100000000,,core,1,core.1.v1.,v1,,l1d,n,l1d.n.v1.,v1,,l1i,n,l1i.n.v1.,v1,,l2c,n,l2c.n.v1.,v1,,llc,1,llc.1.v1.,v1,,memory,1,memory.1.v2.,v2,,tlbs,n,tlbs.n.v1.,v1,0,1,arizona_000_1_000.raw,0,myscript_google,arizona,0.0,0.0,/mnt/storage/traces/gtrace_v2_champsim_myscript/arizona/arizona.log,100000000,100000000,1,1,/mnt/storage/traces/gtrace_v2_champsim_myscript/arizona/arizona_0000.champsim.gz,0,0,True,
41.9,9.996,0.9456,6.784,0.9226,1.04,0.2985,0.3292,0.6216,cpu0_DTLB,DTLB,24530658,1.0,24060142,0.9808,470516,0.0192,4.7052,198111,0.0081,24530658,24060142,0.9808,470516,0.0192,4.7052,198111,0.0081,22.7,None,0.0,0,0,0,0,0.9808,24060142,470516,cpu0_ITLB,ITLB,9121057,1.0,9121045,1.0,12,0.0,0.0001,5,0.0,9121057,9121045,1.0,12,0.0,0.0001,5,0.0,1088.0,None,0.0,0,0,0,0,1.0,9121045,12,cpu0_L1D,L1D,16427324,0.6363,14612275,0.8895,1815049,0.1105,18.1505,555275,0.0338,25817237,22717394,0.8799,3099843,0.1201,30.9984,1490914,0.0577,15144,0.0006,89,0.0059,15055,0.9941,0.1505,6,0.0004,9374769,0.3631,8105030,0.8646,1269739,0.1354,12.6974,935633,0.0998,160.1,None,0.0,0,0,0,0,0.8895,14612275,1815049,cpu0_L1I,L1I,10976738,1.0,8967034,0.8169,2009704,0.1831,20.097,781720,0.0712,10976738,8967034,0.8169,2009704,0.1831,20.097,781720,0.0712,121.0,None,0.0,0,0,0,0,0.8169,8967034,2009704,cpu0_L2C,L2C,2487740,0.7478,1557464,0.6261,930276,0.3739,9.3028,0,0.0,334077,0.1004,100345,0.3004,233732,0.6996,2.3373,0,0.0,3326595,2061012,0.6196,1265583,0.3804,12.6558,0,0.0,15049,0.0045,2638,0.1753,12411,0.8247,0.1241,0,0.0,489729,0.1472,400565,0.8179,89164,0.1821,0.8916,0,0.0,303.2,None,0.0,0,0,0,0,0.5875,1657809,1164008,LLC,LLC,930275,0.6301,78818,0.0847,851457,0.9153,8.5146,0,0.0,233732,0.1583,12352,0.0528,221380,0.9472,2.2138,0,0.0,1476422,139835,0.0947,1336587,0.9053,13.3659,0,0.0,12411,0.0084,311,0.0251,12100,0.9749,0.121,0,0.0,300004,0.2032,48354,0.1612,251650,0.8388,2.5165,0,0.0,274.5,None,0.0,0,0,0,0,0.0783,91170,1072837,cpu0_STLB,STLB,272412,1.0,265605,0.975,6807,0.025,0.0681,0,0.0,272412,265605,0.975,6807,0.025,0.0681,0,0.0,708.5,None,0.0,0,0,0,0,0.975,265605,6807,66,0,0.4568,218895131,100000001,,core,1,core.1.v1.,v1,,l1d,n,l1d.n.v1.,v1,,l1i,n,l1i.n.v1.,v1,,l2c,n,l2c.n.v1.,v1,,llc,1,llc.1.v1.,v1,,memory,1,memory.1.v2.,v2,,tlbs,n,tlbs.n.v1.,v1,66,1,merced_066_1_066.raw,66,myscript_google,merced,0.0,0.0,/mnt/storage/traces/gtrace_v2_champsim_myscript/merced/merced.log,None,None,1,1,/mnt/storage/traces/gtrace_v2_champsim_myscript/merced/merced_0066.champsim.gz,0,0,True,
72.48,5.85,0.9684,3.321,0.717,0.4794,0.4816,0.2377,0.6138,cpu0_DTLB,DTLB,25787856,1.0,25115465,0.9739,672391,0.0261,6.7239,312317,0.0121,25787856,25115465,0.9739,672391,0.0261,6.7239,312317,0.0121,12.9,None,0.0,0,0,0,0,0.9739,25115465,672391,cpu0_ITLB,ITLB,11348101,1.0,11346912,0.9999,1189,0.0001,0.0119,823,0.0001,11348101,11346912,0.9999,1189,0.0001,0.0119,823,0.0001,31.49,None,0.0,0,0,0,0,0.9999,11346912,1189,cpu0_L1D,L1D,15319313,0.5588,13447490,0.8778,1871823,0.1222,18.7182,666616,0.0435,27415275,24302235,0.8864,3113040,0.1136,31.1304,1616998,0.059,8408,0.0003,80,0.0095,8328,0.9905,0.0833,84,0.01,12087554,0.4409,10854665,0.898,1232889,0.102,12.3289,950298,0.0786,143.0,None,0.0,0,0,0,0,0.8778,13447490,1871823,cpu0_L1I,L1I,13314048,1.0,10900180,0.8187,2413868,0.1813,24.1387,938297,0.0705,13314048,10900180,0.8187,2413868,0.1813,24.1387,938297,0.0705,38.03,None,0.0,0,0,0,0,0.8187,10900180,2413868,cpu0_L2C,L2C,2680773,0.766,2120264,0.7909,560509,0.2091,5.6051,0,0.0,282562,0.0807,74373,0.2632,208189,0.7368,2.0819,0,0.0,3499705,2646356,0.7562,853349,0.2438,8.5335,0,0.0,8244,0.0024,1285,0.1559,6959,0.8441,0.0696,0,0.0,528126,0.1509,450434,0.8529,77692,0.1471,0.7769,0,0.0,289.6,None,0.0,0,0,0,0,0.7406,2194637,768698,LLC,LLC,560509,0.5096,77991,0.1391,482518,0.8609,4.8252,0,0.0,208189,0.1893,7089,0.0341,201100,0.9659,2.011,0,0.0,1099903,149404,0.1358,950499,0.8642,9.505,0,0.0,6959,0.0063,147,0.0211,6812,0.9789,0.0681,0,0.0,324246,0.2948,64177,0.1979,260069,0.8021,2.6007,0,0.0,249.2,None,0.0,0,0,0,0,0.1107,85080,683618,cpu0_STLB,STLB,360440,1.0,356593,0.9893,3847,0.0107,0.0385,0,0.0,360440,356593,0.9893,3847,0.0107,0.0385,0,0.0,741.3,None,0.0,0,0,0,0,0.9893,356593,3847,43,0,0.6329,158001527,100000000,,core,1,core.1.v1.,v1,,l1d,n,l1d.n.v1.,v1,,l1i,n,l1i.n.v1.,v1,,l2c,n,l2c.n.v1.,v1,,llc,1,llc.1.v1.,v1,,memory,1,memory.1.v2.,v2,,tlbs,n,tlbs.n.v1.,v1,43,1,tango_043_1_043.raw,43,myscript_google,tango,0.0,0.0,/mnt/storage/traces/gtrace_v2_champsim_myscript/tango/tango.log,100000000,100000000,1,1,/mnt/storage/traces/gtrace_v2_champsim_myscript/tango/tango_0043.champsim.gz,0,0,True,
42.52,9.665,0.9467,6.53,0.8927,0.9411,0.3738,0.3216,0.6058,cpu0_DTLB,DTLB,25201185,1.0,24649002,0.9781,552183,0.0219,5.5218,231315,0.0092,25201185,24649002,0.9781,552183,0.0219,5.5218,231315,0.0092,21.79,None,0.0,0,0,0,0,0.9781,24649002,552183,cpu0_ITLB,ITLB,9750356,1.0,9750336,1.0,20,0.0,0.0002,8,0.0,9750356,9750336,1.0,20,0.0,0.0002,8,0.0,1036.0,None,0.0,0,0,0,0,1.0,9750336,20,cpu0_L1D,L1D,16766850,0.6313,14976122,0.8932,1790728,0.1068,17.9073,553596,0.033,26559272,23455919,0.8832,3103353,0.1168,31.0335,1503714,0.0566,17399,0.0007,143,0.0082,17256,0.9918,0.1726,11,0.0006,9775023,0.368,8479654,0.8675,1295369,0.1325,12.9537,950107,0.0972,168.0,None,0.0,0,0,0,0,0.8932,14976122,1790728,cpu0_L1I,L1I,11863557,1.0,9650809,0.8135,2212748,0.1865,22.1275,875245,0.0738,11863557,9650809,0.8135,2212748,0.1865,22.1275,875245,0.0738,110.2,None,0.0,0,0,0,0,0.8135,9650809,2212748,cpu0_L2C,L2C,2574622,0.7472,1654421,0.6426,920201,0.3574,9.202,0,0.0,345239,0.1002,103001,0.2983,242238,0.7017,2.4224,0,0.0,3445715,2179498,0.6325,1266217,0.3675,12.6622,0,0.0,17245,0.005,3061,0.1775,14184,0.8225,0.1418,0,0.0,508609,0.1476,419015,0.8238,89594,0.1762,0.8959,0,0.0,310.4,None,0.0,0,0,0,0,0.6019,1757422,1162439,LLC,LLC,920201,0.6195,78266,0.0851,841935,0.9149,8.4193,0,0.0,242238,0.1631,8727,0.036,233511,0.964,2.3351,0,0.0,1485401,128504,0.0865,1356897,0.9135,13.569,0,0.0,14184,0.0095,551,0.0388,13633,0.9612,0.1363,0,0.0,308778,0.2079,40960,0.1327,267818,0.8673,2.6782,0,0.0,277.3,None,0.0,0,0,0,0,0.0748,86993,1075446,cpu0_STLB,STLB,320880,1.0,313111,0.9758,7769,0.0242,0.0777,0,0.0,320880,313111,0.9758,7769,0.0242,0.0777,0,0.0,694.1,None,0.0,0,0,0,0,0.9758,313111,7769,9,0,0.4532,220646077,100000002,,core,1,core.1.v1.,v1,,l1d,n,l1d.n.v1.,v1,,l1i,n,l1i.n.v1.,v1,,l2c,n,l2c.n.v1.,v1,,llc,1,llc.1.v1.,v1,,memory,1,memory.1.v2.,v2,,tlbs,n,tlbs.n.v1.,v1,9,1,merced_009_1_009.raw,9,myscript_google,merced,0.0,0.0,/mnt/storage/traces/gtrace_v2_champsim_myscript/merced/merced.log,None,None,1,1,/mnt/storage/traces/gtrace_v2_champsim_myscript/merced/merced_0009.champsim.gz,0,0,True,
81.32,6.16,0.9679,4.507,0.2087,0.5179,0.3002,0.2201,0.4062,cpu0_DTLB,DTLB,26849946,1.0,26531490,0.9881,318456,0.0119,3.1846,142925,0.0053,26849946,26531490,0.9881,318456,0.0119,3.1846,142925,0.0053,6.966,None,0.0,0,0,0,0,0.9881,26531490,318456,cpu0_ITLB,ITLB,8679772,1.0,8679645,1.0,127,0.0,0.0013,11,0.0,8679772,8679645,1.0,127,0.0,0.0013,11,0.0,106.9,None,0.0,0,0,0,0,1.0,8679645,127,cpu0_L1D,L1D,14489225,0.5036,12500849,0.8628,1988376,0.1372,19.8838,914617,0.0631,28770653,25278181,0.8786,3492472,0.1214,34.9247,2152797,0.0748,1073,0.0,8,0.0075,1065,0.9925,0.0106,0,0.0,14280355,0.4964,12777324,0.8947,1503031,0.1053,15.0303,1238180,0.0867,275.8,None,0.0,0,0,0,0,0.8628,12500849,1988376,cpu0_L1I,L1I,9989424,1.0,9612349,0.9623,377075,0.0377,3.7707,130124,0.013,9989424,9612349,0.9623,377075,0.0377,3.7707,130124,0.013,165.2,None,0.0,0,0,0,0,0.9623,9612349,377075,cpu0_L2C,L2C,1320704,0.6083,349058,0.2643,971646,0.7357,9.7165,0,0.0,264847,0.122,27689,0.1045,237158,0.8955,2.3716,0,0.0,2171166,836044,0.3851,1335122,0.6149,13.3512,0,0.0,1065,0.0005,137,0.1286,928,0.8714,0.0093,0,0.0,584550,0.2692,459160,0.7855,125390,0.2145,1.2539,0,0.0,297.4,None,0.0,0,0,0,0,0.2376,376747,1208804,LLC,LLC,971646,0.5656,87363,0.0899,884283,0.9101,8.8428,0,0.0,237158,0.138,2009,0.0085,235149,0.9915,2.3515,0,0.0,1718010,123779,0.072,1594231,0.928,15.9423,0,0.0,928,0.0005,4,0.0043,924,0.9957,0.0092,0,0.0,508278,0.2959,34403,0.0677,473875,0.9323,4.7387,0,0.0,239.3,None,0.0,0,0,0,0,0.0739,89372,1119432,cpu0_STLB,STLB,175647,1.0,175149,0.9972,498,0.0028,0.005,0,0.0,175647,175149,0.9972,498,0.0028,0.005,0,0.0,715.6,None,0.0,0,0,0,0,0.9972,175149,498,37,0,0.4445,224970520,100000001,,core,1,core.1.v1.,v1,,l1d,n,l1d.n.v1.,v1,,l1i,n,l1i.n.v1.,v1,,l2c,n,l2c.n.v1.,v1,,llc,1,llc.1.v1.,v1,,memory,1,memory.1.v2.,v2,,tlbs,n,tlbs.n.v1.,v1,37,1,tahoe_037_1_037.raw,37,myscript_google,tahoe,0.0,0.0,/mnt/storage/traces/gtrace_v2_champsim_myscript/tahoe/tahoe.log,100000000,100000000,1,1,/mnt/storage/traces/gtrace_v2_champsim_myscript/tahoe/tahoe_0037.champsim.gz,0,0,True,
69.92,5.628,0.9689,3.107,0.7496,0.4877,0.3227,0.2924,0.6679,cpu0_DTLB,DTLB,25927012,1.0,25333263,0.9771,593749,0.0229,5.9375,274446,0.0106,25927012,25333263,0.9771,593749,0.0229,5.9375,274446,0.0106,14.41,None,0.0,0,0,0,0,0.9771,25333263,593749,cpu0_ITLB,ITLB,11883318,1.0,11882106,0.9999,1212,0.0001,0.0121,840,0.0001,11883318,11882106,0.9999,1212,0.0001,0.0121,840,0.0001,26.34,None,0.0,0,0,0,0,0.9999,11882106,1212,cpu0_L1D,L1D,14527406,0.5261,12948201,0.8913,1579205,0.1087,15.792,511160,0.0352,27613565,24672607,0.8935,2940958,0.1065,29.4096,1544614,0.0559,8889,0.0003,142,0.016,8747,0.984,0.0875,93,0.0105,13077270,0.4736,11724264,0.8965,1353006,0.1035,13.5301,1033361,0.079,201.9,None,0.0,0,0,0,0,0.8913,12948201,1579205,cpu0_L1I,L1I,13932250,1.0,11408647,0.8189,2523603,0.1811,25.236,985903,0.0708,13932250,11408647,0.8189,2523603,0.1811,25.236,985903,0.0708,51.0,None,0.0,0,0,0,0,0.8189,11408647,2523603,cpu0_L2C,L2C,2605736,0.7581,1888776,0.7249,716960,0.2751,7.1696,0,0.0,319628,0.093,72835,0.2279,246793,0.7721,2.4679,0,0.0,3437286,2381685,0.6929,1055601,0.3071,10.556,0,0.0,8654,0.0025,1481,0.1711,7173,0.8289,0.0717,0,0.0,503268,0.1464,418593,0.8317,84675,0.1683,0.8468,0,0.0,319.7,None,0.0,0,0,0,0,0.6706,1961611,963753,LLC,LLC,716960,0.5417,66595,0.0929,650365,0.9071,6.5037,0,0.0,246793,0.1865,7162,0.029,239631,0.971,2.3963,0,0.0,1323479,116276,0.0879,1207203,0.9121,12.072,0,0.0,7173,0.0054,217,0.0303,6956,0.9697,0.0696,0,0.0,352553,0.2664,42302,0.12,310251,0.88,3.1025,0,0.0,268.8,None,0.0,0,0,0,0,0.0765,73757,889996,cpu0_STLB,STLB,319675,1.0,315598,0.9872,4077,0.0128,0.0408,0,0.0,319675,315598,0.9872,4077,0.0128,0.0408,0,0.0,738.0,None,0.0,0,0,0,0,0.9872,315598,4077,1,0,0.5326,187772894,100000000,,core,1,core.1.v1.,v1,,l1d,n,l1d.n.v1.,v1,,l1i,n,l1i.n.v1.,v1,,l2c,n,l2c.n.v1.,v1,,llc,1,llc.1.v1.,v1,,memory,1,memory.1.v2.,v2,,tlbs,n,tlbs.n.v1.,v1,1,1,tango_001_1_001.raw,1,myscript_google,tango,0.0,0.0,/mnt/storage/traces/gtrace_v2_champsim_myscript/tango/tango.log,100000000,100000000,1,1,/mnt/storage/traces/gtrace_v2_champsim_myscript/tango/tango_0001.champsim.gz,0,0,True,
50.82,9.185,0.9511,5.342,1.123,1.45,0.2059,0.2586,0.8053,cpu0_DTLB,DTLB,24617804,1.0,23832520,0.9681,785284,0.0319,7.8528,323861,0.0132,24617804,23832520,0.9681,785284,0.0319,7.8528,323861,0.0132,6.915,None,0.0,0,0,0,0,0.9681,23832520,785284,cpu0_ITLB,ITLB,11371749,1.0,11371577,1.0,172,0.0,0.0017,80,0.0,11371749,11371577,1.0,172,0.0,0.0017,80,0.0,206.9,None,0.0,0,0,0,0,1.0,11371577,172,cpu0_L1D,L1D,15198526,0.5777,12447506,0.819,2751020,0.181,27.5102,722468,0.0475,26308249,22153392,0.8421,4154857,0.1579,41.5486,1721974,0.0655,2176,0.0001,4,0.0018,2172,0.9982,0.0217,0,0.0,11107547,0.4222,9705882,0.8738,1401665,0.1262,14.0166,999506,0.09,213.0,None,0.0,0,0,0,0,0.819,12447506,2751020,cpu0_L1I,L1I,13856387,1.0,8215460,0.5929,5640927,0.4071,56.4093,2263482,0.1634,13856387,8215460,0.5929,5640927,0.4071,56.4093,2263482,0.1634,44.99,None,0.0,0,0,0,0,0.5929,8215460,5640927,cpu0_L2C,L2C,5405975,0.8266,3760314,0.6956,1645661,0.3044,16.4566,0,0.0,402137,0.0615,188252,0.4681,213885,0.5319,2.1388,0,0.0,6540385,4572255,0.6991,1968130,0.3009,19.6813,0,0.0,2172,0.0003,81,0.0373,2091,0.9627,0.0209,0,0.0,730101,0.1116,623608,0.8541,106493,0.1459,1.0649,0,0.0,317.5,None,0.0,0,0,0,0,0.6798,3948566,1859546,LLC,LLC,1645661,0.7333,48317,0.0294,1597344,0.9706,15.9734,0,0.0,213885,0.0953,11889,0.0556,201996,0.9444,2.02,0,0.0,2244165,117947,0.0526,2126218,0.9474,21.2622,0,0.0,2091,0.0009,38,0.0182,2053,0.9818,0.0205,0,0.0,382528,0.1705,57703,0.1508,324825,0.8492,3.2482,0,0.0,281.1,None,0.0,0,0,0,0,0.0324,60206,1799340,cpu0_STLB,STLB,461515,1.0,460427,0.9976,1088,0.0024,0.0109,0,0.0,461515,460427,0.9976,1088,0.0024,0.0109,0,0.0,828.1,None,0.0,0,0,0,0,0.9976,460427,1088,11,0,0.3718,268944630,100000002,,core,1,core.1.v1.,v1,,l1d,n,l1d.n.v1.,v1,,l1i,n,l1i.n.v1.,v1,,l2c,n,l2c.n.v1.,v1,,llc,1,llc.1.v1.,v1,,memory,1,memory.1.v2.,v2,,tlbs,n,tlbs.n.v1.,v1,11,1,sierra.a.3_011_1_011.raw,11,myscript_google,sierra.a.3,0.0,0.0,/mnt/storage/traces/gtrace_v2_champsim_myscript/sierra.a.3/sierra.a.3.log,100000000,100000000,1,1,/mnt/storage/traces/gtrace_v2_champsim_myscript/sierra.a.3/sierra.a.3_0011.champsim.gz,0,0,True,
44.64,9.186,0.9526,5.237,1.05,0.895,0.4628,0.5535,0.9877,cpu0_DTLB,DTLB,27022420,1.0,26533362,0.9819,489058,0.0181,4.8906,205137,0.0076,27022420,26533362,0.9819,489058,0.0181,4.8906,205137,0.0076,14.08,None,0.0,0,0,0,0,0.9819,26533362,489058,cpu0_ITLB,ITLB,9890396,1.0,9890053,1.0,343,0.0,0.0034,95,0.0,9890396,9890053,1.0,343,0.0,0.0034,95,0.0,235.3,None,0.0,0,0,0,0,1.0,9890053,343,cpu0_L1D,L1D,16725052,0.5794,15083893,0.9019,1641159,0.0981,16.4116,508289,0.0304,28868459,25924942,0.898,2943517,0.102,29.4352,1455766,0.0504,7104,0.0002,68,0.0096,7036,0.9904,0.0704,7,0.001,12136303,0.4204,10840981,0.8933,1295322,0.1067,12.9532,947470,0.0781,219.2,None,0.0,0,0,0,0,0.9019,15083893,1641159,cpu0_L1I,L1I,11786573,1.0,9227919,0.7829,2558654,0.2171,25.5865,913833,0.0775,11786573,9227919,0.7829,2558654,0.2171,25.5865,913833,0.0775,89.45,None,0.0,0,0,0,0,0.7829,9227919,2558654,cpu0_L2C,L2C,2777678,0.7559,1778265,0.6402,999413,0.3598,9.9941,0,0.0,347836,0.0947,76433,0.2197,271403,0.7803,2.714,0,0.0,3674457,2287480,0.6225,1386977,0.3775,13.8698,0,0.0,7029,0.0019,1152,0.1639,5877,0.8361,0.0588,0,0.0,541914,0.1475,431630,0.7965,110284,0.2035,1.1028,0,0.0,323.5,None,0.0,0,0,0,0,0.5934,1854698,1270816,LLC,LLC,999413,0.607,76886,0.0769,922527,0.9231,9.2253,0,0.0,271403,0.1648,7675,0.0283,263728,0.9717,2.6373,0,0.0,1646597,132492,0.0805,1514105,0.9195,15.141,0,0.0,5877,0.0036,80,0.0136,5797,0.9864,0.058,0,0.0,369904,0.2246,47851,0.1294,322053,0.8706,3.2205,0,0.0,284.6,None,0.0,0,0,0,0,0.0665,84561,1186255,cpu0_STLB,STLB,284169,1.0,280991,0.9888,3178,0.0112,0.0318,0,0.0,284169,280991,0.9888,3178,0.0112,0.0318,0,0.0,827.9,None,0.0,0,0,0,0,0.9888,280991,3178,8,0,0.4401,227197660,100000004,,core,1,core.1.v1.,v1,,l1d,n,l1d.n.v1.,v1,,l1i,n,l1i.n.v1.,v1,,l2c,n,l2c.n.v1.,v1,,llc,1,llc.1.v1.,v1,,memory,1,memory.1.v2.,v2,,tlbs,n,tlbs.n.v1.,v1,8,1,tahoe_008_1_008.raw,8,myscript_google,tahoe,0.0,0.0,/mnt/storage/traces/gtrace_v2_champsim_myscript/tahoe/tahoe.log,100000000,100000000,1,1,/mnt/storage/traces/gtrace_v2_champsim_myscript/tahoe/tahoe_0008.champsim.gz,0,0,True,
70.84,7.441,0.9618,2.905,1.196,1.672,0.2727,0.3363,1.058,cpu0_DTLB,DTLB,27198813,1.0,26175034,0.9624,1023779,0.0376,10.2378,416755,0.0153,27198813,26175034,0.9624,1023779,0.0376,10.2378,416755,0.0153,5.289,None,0.0,0,0,0,0,0.9624,26175034,1023779,cpu0_ITLB,ITLB,13173142,1.0,13173102,1.0,40,0.0,0.0004,24,0.0,13173142,13173102,1.0,40,0.0,0.0004,24,0.0,856.6,None,0.0,0,0,0,0,1.0,13173102,40,cpu0_L1D,L1D,15804650,0.5423,13669910,0.8649,2134740,0.1351,21.3474,534692,0.0338,29144224,25261307,0.8668,3882917,0.1332,38.8292,1775293,0.0609,388,0.0,0,0.0,388,1.0,0.0039,0,0.0,13339186,0.4577,11591397,0.869,1747789,0.131,17.4779,1240601,0.093,129.3,None,0.0,0,0,0,0,0.8649,13669910,2134740,cpu0_L1I,L1I,16047732,1.0,7869321,0.4904,8178411,0.5096,81.7841,3331765,0.2076,16047732,7869321,0.4904,8178411,0.5096,81.7841,3331765,0.2076,33.11,None,0.0,0,0,0,0,0.4904,7869321,8178411,cpu0_L2C,L2C,6446654,0.8189,5560726,0.8626,885928,0.1374,8.8593,0,0.0,507150,0.0644,262170,0.5169,244980,0.4831,2.4498,0,0.0,7872601,6642147,0.8437,1230454,0.1563,12.3045,0,0.0,388,0.0,18,0.0464,370,0.9536,0.0037,0,0.0,918409,0.1167,819233,0.892,99176,0.108,0.9918,0,0.0,309.4,None,0.0,0,0,0,0,0.8374,5822896,1130908,LLC,LLC,885928,0.5569,71037,0.0802,814891,0.9198,8.1489,0,0.0,244980,0.154,18502,0.0755,226478,0.9245,2.2648,0,0.0,1590746,180242,0.1133,1410504,0.8867,14.105,0,0.0,370,0.0002,9,0.0243,361,0.9757,0.0036,0,0.0,459468,0.2888,90694,0.1974,368774,0.8026,3.6877,0,0.0,259.2,None,0.0,0,0,0,0,0.0792,89539,1041369,cpu0_STLB,STLB,607040,1.0,606847,0.9997,193,0.0003,0.0019,0,0.0,607040,606847,0.9997,193,0.0003,0.0019,0,0.0,976.3,None,0.0,0,0,0,0,0.9997,606847,193,6,0,0.5136,194712778,100000000,,core,1,core.1.v1.,v1,,l1d,n,l1d.n.v1.,v1,,l1i,n,l1i.n.v1.,v1,,l2c,n,l2c.n.v1.,v1,,llc,1,llc.1.v1.,v1,,memory,1,memory.1.v2.,v2,,tlbs,n,tlbs.n.v1.,v1,6,1,sierra.a.6_006_1_006.raw,6,myscript_google,sierra.a.6,0.0,0.0,/mnt/storage/traces/gtrace_v2_champsim_myscript/sierra.a.6/sierra.a.6.log,100000000,100000000,1,1,/mnt/storage/traces/gtrace_v2_champsim_myscript/sierra.a.6/sierra.a.6_0006.champsim.gz,0,0,True,
45.92,8.993,0.9496,5.103,1.429,0.7468,0.4532,0.4458,0.8152,cpu0_DTLB,DTLB,26169404,1.0,25746110,0.9838,423294,0.0162,4.2329,176732,0.0068,26169404,25746110,0.9838,423294,0.0162,4.2329,176732,0.0068,7.991,None,0.0,0,0,0,0,0.9838,25746110,423294,cpu0_ITLB,ITLB,9866327,1.0,9866258,1.0,69,0.0,0.0007,27,0.0,9866327,9866258,1.0,69,0.0,0.0007,27,0.0,162.5,None,0.0,0,0,0,0,1.0,9866258,69,cpu0_L1D,L1D,16325974,0.5903,14977556,0.9174,1348418,0.0826,13.4842,401862,0.0246,27658302,24821326,0.8974,2836976,0.1026,28.3698,1507961,0.0545,1752,0.0001,6,0.0034,1746,0.9966,0.0175,0,0.0,11330576,0.4097,9843764,0.8688,1486812,0.1312,14.8681,1106099,0.0976,222.4,None,0.0,0,0,0,0,0.9174,14977556,1348418,cpu0_L1I,L1I,11808388,1.0,9906787,0.839,1901601,0.161,19.016,713253,0.0604,11808388,9906787,0.839,1901601,0.161,19.016,713253,0.0604,142.3,None,0.0,0,0,0,0,0.839,9906787,1901601,cpu0_L2C,L2C,2134896,0.7004,1234000,0.578,900896,0.422,9.009,0,0.0,380687,0.1249,86447,0.2271,294240,0.7729,2.9424,0,0.0,3048173,1746463,0.573,1301710,0.427,13.0171,0,0.0,1746,0.0006,73,0.0418,1673,0.9582,0.0167,0,0.0,530844,0.1742,425943,0.8024,104901,0.1976,1.049,0,0.0,341.7,None,0.0,0,0,0,0,0.5249,1320447,1195136,LLC,LLC,900896,0.574,77604,0.0861,823292,0.9139,8.2329,0,0.0,294240,0.1875,8042,0.0273,286198,0.9727,2.862,0,0.0,1569586,132014,0.0841,1437572,0.9159,14.3757,0,0.0,1673,0.0011,17,0.0102,1656,0.9898,0.0166,0,0.0,372777,0.2375,46351,0.1243,326426,0.8757,3.2643,0,0.0,297.9,None,0.0,0,0,0,0,0.0717,85646,1109490,cpu0_STLB,STLB,246604,1.0,245769,0.9966,835,0.0034,0.0083,0,0.0,246604,245769,0.9966,835,0.0034,0.0083,0,0.0,890.1,None,0.0,0,0,0,0,0.9966,245769,835,30,0,0.4771,209605632,100000001,,core,1,core.1.v1.,v1,,l1d,n,l1d.n.v1.,v1,,l1i,n,l1i.n.v1.,v1,,l2c,n,l2c.n.v1.,v1,,llc,1,llc.1.v1.,v1,,memory,1,memory.1.v2.,v2,,tlbs,n,tlbs.n.v1.,v1,30,1,yankee_030_1_030.raw,30,myscript_google,yankee,0.0,0.0,/mnt/storage/traces/gtrace_v2_champsim_myscript/yankee/yankee.log,None,None,1,1,/mnt/storage/traces/gtrace_v2_champsim_myscript/yankee/yankee_0030.champsim.gz,0,0,True,
53.26,8.083,0.9592,4.925,0.8481,0.6703,0.4138,0.4034,0.8225,cpu0_DTLB,DTLB,26934663,1.0,26536478,0.9852,398185,0.0148,3.9818,164404,0.0061,26934663,26536478,0.9852,398185,0.0148,3.9818,164404,0.0061,15.68,None,0.0,0,0,0,0,0.9852,26536478,398185,cpu0_ITLB,ITLB,8332619,1.0,8332428,1.0,191,0.0,0.0019,38,0.0,8332619,8332428,1.0,191,0.0,0.0019,38,0.0,262.4,None,0.0,0,0,0,0,1.0,8332428,191,cpu0_L1D,L1D,16901634,0.5866,15554716,0.9203,1346918,0.0797,13.4692,442702,0.0262,28814168,26433484,0.9174,2380684,0.0826,23.8068,1196220,0.0415,6409,0.0002,64,0.01,6345,0.99,0.0634,18,0.0028,11906125,0.4132,10878704,0.9137,1027421,0.0863,10.2742,753500,0.0633,212.0,None,0.0,0,0,0,0,0.9203,15554716,1346918,cpu0_L1I,L1I,9955274,1.0,7892577,0.7928,2062697,0.2072,20.627,734785,0.0738,9955274,7892577,0.7928,2062697,0.2072,20.627,734785,0.0738,88.58,None,0.0,0,0,0,0,0.7928,7892577,2062697,cpu0_L2C,L2C,2232120,0.7643,1433938,0.6424,798182,0.3576,7.9818,0,0.0,273904,0.0938,62430,0.2279,211474,0.7721,2.1147,0,0.0,2920525,1828575,0.6261,1091950,0.3739,10.9195,0,0.0,6327,0.0022,1143,0.1807,5184,0.8193,0.0518,0,0.0,408174,0.1398,331064,0.8111,77110,0.1889,0.7711,0,0.0,319.7,None,0.0,0,0,0,0,0.5971,1496368,1009656,LLC,LLC,798182,0.617,44693,0.056,753489,0.944,7.5349,0,0.0,211474,0.1635,6043,0.0286,205431,0.9714,2.0543,0,0.0,1293652,88269,0.0682,1205383,0.9318,12.0538,0,0.0,5184,0.004,48,0.0093,5136,0.9907,0.0514,0,0.0,278812,0.2155,37485,0.1344,241327,0.8656,2.4133,0,0.0,277.7,None,0.0,0,0,0,0,0.0503,50736,958920,cpu0_STLB,STLB,233934,1.0,231011,0.9875,2923,0.0125,0.0292,0,0.0,233934,231011,0.9875,2923,0.0125,0.0292,0,0.0,866.4,None,0.0,0,0,0,0,0.9875,231011,2923,23,0,0.5126,195085300,100000002,,core,1,core.1.v1.,v1,,l1d,n,l1d.n.v1.,v1,,l1i,n,l1i.n.v1.,v1,,l2c,n,l2c.n.v1.,v1,,llc,1,llc.1.v1.,v1,,memory,1,memory.1.v2.,v2,,tlbs,n,tlbs.n.v1.,v1,23,1,tahoe_023_1_023.raw,23,myscript_google,tahoe,0.0,0.0,/mnt/storage/traces/gtrace_v2_champsim_myscript/tahoe/tahoe.log,100000000,100000000,1,1,/mnt/storage/traces/gtrace_v2_champsim_myscript/tahoe/tahoe_0023.champsim.gz,0,0,True,
63.19,5.977,0.9677,3.153,0.7886,0.5573,0.3944,0.3373,0.7461,cpu0_DTLB,DTLB,26307612,1.0,25809178,0.9811,498434,0.0189,4.9843,234109,0.0089,26307612,25809178,0.9811,498434,0.0189,4.9843,234109,0.0089,15.75,None,0.0,0,0,0,0,0.9811,25809178,498434,cpu0_ITLB,ITLB,11755011,1.0,11754113,0.9999,898,0.0001,0.009,603,0.0001,11755011,11754113,0.9999,898,0.0001,0.009,603,0.0001,88.98,None,0.0,0,0,0,0,0.9999,11754113,898,cpu0_L1D,L1D,14526970,0.5156,12524056,0.8621,2002914,0.1379,20.0291,813945,0.056,28172171,24691901,0.8765,3480270,0.1235,34.8027,1941579,0.0689,9183,0.0003,89,0.0097,9094,0.9903,0.0909,68,0.0074,13636018,0.484,12167756,0.8923,1468262,0.1077,14.6826,1127566,0.0827,225.2,None,0.0,0,0,0,0,0.8621,12524056,2002914,cpu0_L1I,L1I,13570558,1.0,11274655,0.8308,2295903,0.1692,22.959,870090,0.0641,13570558,11274655,0.8308,2295903,0.1692,22.959,870090,0.0641,55.44,None,0.0,0,0,0,0,0.8308,11274655,2295903,cpu0_L2C,L2C,2614774,0.7552,1676960,0.6413,937814,0.3587,9.3781,0,0.0,340681,0.0984,73780,0.2166,266901,0.7834,2.669,0,0.0,3462423,2152595,0.6217,1309828,0.3783,13.0983,0,0.0,9026,0.0026,1637,0.1814,7389,0.8186,0.0739,0,0.0,497942,0.1438,400218,0.8037,97724,0.1963,0.9772,0,0.0,307.1,None,0.0,0,0,0,0,0.5924,1750740,1204715,LLC,LLC,937813,0.5957,40950,0.0437,896863,0.9563,8.9686,0,0.0,266901,0.1695,11388,0.0427,255513,0.9573,2.5551,0,0.0,1574265,98420,0.0625,1475845,0.9375,14.7584,0,0.0,7389,0.0047,152,0.0206,7237,0.9794,0.0724,0,0.0,362162,0.2301,45930,0.1268,316232,0.8732,3.1623,0,0.0,261.1,None,0.0,0,0,0,0,0.0434,52338,1152376,cpu0_STLB,STLB,264620,1.0,260380,0.984,4240,0.016,0.0424,0,0.0,264620,260380,0.984,4240,0.016,0.0424,0,0.0,674.7,None,0.0,0,0,0,0,0.984,260380,4240,49,0,0.5354,186782022,100000004,,core,1,core.1.v1.,v1,,l1d,n,l1d.n.v1.,v1,,l1i,n,l1i.n.v1.,v1,,l2c,n,l2c.n.v1.,v1,,llc,1,llc.1.v1.,v1,,memory,1,memory.1.v2.,v2,,tlbs,n,tlbs.n.v1.,v1,49,1,tango_049_1_049.raw,49,myscript_google,tango,0.0,0.0,/mnt/storage/traces/gtrace_v2_champsim_myscript/tango/tango.log,100000000,100000000,1,1,/mnt/storage/traces/gtrace_v2_champsim_myscript/tango/tango_0049.champsim.gz,0,0,True,
46.79,8.816,0.9497,6.307,0.5839,0.8635,0.4185,0.2287,0.4145,cpu0_DTLB,DTLB,22937621,1.0,22524791,0.982,412830,0.018,4.1283,175480,0.0077,22937621,22524791,0.982,412830,0.018,4.1283,175480,0.0077,21.52,None,0.0,0,0,0,0,0.982,22524791,412830,cpu0_ITLB,ITLB,9526550,1.0,9526542,1.0,8,0.0,0.0001,5,0.0,9526550,9526542,1.0,8,0.0,0.0001,5,0.0,968.3,None,0.0,0,0,0,0,1.0,9526542,8,cpu0_L1D,L1D,15384217,0.635,14089724,0.9159,1294493,0.0841,12.9449,415039,0.027,24227265,21892970,0.9037,2334295,0.0963,23.3429,1189883,0.0491,11814,0.0005,68,0.0058,11746,0.9942,0.1175,7,0.0006,8831234,0.3645,7803178,0.8836,1028056,0.1164,10.2806,774837,0.0877,199.4,None,0.0,0,0,0,0,0.9159,14089724,1294493,cpu0_L1I,L1I,11607359,1.0,10146036,0.8741,1461323,0.1259,14.6132,578969,0.0499,11607359,10146036,0.8741,1461323,0.1259,14.6132,578969,0.0499,109.7,None,0.0,0,0,0,0,0.8741,10146036,1461323,cpu0_L2C,L2C,1761802,0.7358,1050321,0.5962,711481,0.4038,7.1148,0,0.0,253204,0.1058,61508,0.2429,191696,0.7571,1.917,0,0.0,2394306,1411305,0.5894,983001,0.4106,9.83,0,0.0,11739,0.0049,1983,0.1689,9756,0.8311,0.0976,0,0.0,367561,0.1535,297493,0.8094,70068,0.1906,0.7007,0,0.0,314.3,None,0.0,0,0,0,0,0.5518,1111829,903177,LLC,LLC,711481,0.6169,48851,0.0687,662630,0.9313,6.6263,0,0.0,191696,0.1662,4972,0.0259,186724,0.9741,1.8672,0,0.0,1153271,82287,0.0714,1070984,0.9286,10.7098,0,0.0,9756,0.0085,246,0.0252,9510,0.9748,0.0951,0,0.0,240338,0.2084,28218,0.1174,212120,0.8826,2.1212,0,0.0,276.4,None,0.0,0,0,0,0,0.0596,53823,849354,cpu0_STLB,STLB,237353,1.0,232050,0.9777,5303,0.0223,0.053,0,0.0,237353,232050,0.9777,5303,0.0223,0.053,0,0.0,738.9,None,0.0,0,0,0,0,0.9777,232050,5303,33,0,0.5359,186615966,100000000,,core,1,core.1.v1.,v1,,l1d,n,l1d.n.v1.,v1,,l1i,n,l1i.n.v1.,v1,,l2c,n,l2c.n.v1.,v1,,llc,1,llc.1.v1.,v1,,memory,1,memory.1.v2.,v2,,tlbs,n,tlbs.n.v1.,v1,33,1,merced_033_1_033.raw,33,myscript_google,merced,0.0,0.0,/mnt/storage/traces/gtrace_v2_champsim_myscript/merced/merced.log,None,None,1,1,/mnt/storage/traces/gtrace_v2_champsim_myscript/merced/merced_0033.champsim.gz,0,0,True,
70.07,8.248,0.9584,3.063,1.431,1.875,0.3002,0.3737,1.205,cpu0_DTLB,DTLB,27440948,1.0,26403757,0.9622,1037191,0.0378,10.3719,423312,0.0154,27440948,26403757,0.9622,1037191,0.0378,10.3719,423312,0.0154,5.236,None,0.0,0,0,0,0,0.9622,26403757,1037191,cpu0_ITLB,ITLB,13173361,1.0,13173352,1.0,9,0.0,0.0001,5,0.0,13173361,13173352,1.0,9,0.0,0.0001,5,0.0,867.0,None,0.0,0,0,0,0,1.0,13173352,9,cpu0_L1D,L1D,15909285,0.5414,13770363,0.8656,2138922,0.1344,21.3892,529890,0.0333,29384909,25494494,0.8676,3890415,0.1324,38.9041,1770687,0.0603,304,0.0,1,0.0033,303,0.9967,0.003,0,0.0,13475320,0.4586,11724130,0.87,1751190,0.13,17.5119,1240797,0.0921,122.2,None,0.0,0,0,0,0,0.8656,13770363,2138922,cpu0_L1I,L1I,16087423,1.0,7670175,0.4768,8417248,0.5232,84.1725,3420014,0.2126,16087423,7670175,0.4768,8417248,0.5232,84.1725,3420014,0.2126,31.14,None,0.0,0,0,0,0,0.4768,7670175,8417248,cpu0_L2C,L2C,6606222,0.8233,5760015,0.8719,846207,0.1281,8.4621,0,0.0,510352,0.0636,263011,0.5154,247341,0.4846,2.4734,0,0.0,8023830,6834881,0.8518,1188949,0.1482,11.8895,0,0.0,303,0.0,2,0.0066,301,0.9934,0.003,0,0.0,906953,0.113,811853,0.8951,95100,0.1049,0.951,0,0.0,303.7,None,0.0,0,0,0,0,0.8463,6023026,1093548,LLC,LLC,846207,0.5468,70044,0.0828,776163,0.9172,7.7616,0,0.0,247341,0.1598,22803,0.0922,224538,0.9078,2.2454,0,0.0,1547676,191197,0.1235,1356479,0.8765,13.5648,0,0.0,301,0.0002,7,0.0233,294,0.9767,0.0029,0,0.0,453827,0.2932,98343,0.2167,355484,0.7833,3.5548,0,0.0,255.4,None,0.0,0,0,0,0,0.0849,92847,1000701,cpu0_STLB,STLB,613883,1.0,613731,0.9998,152,0.0002,0.0015,0,0.0,613883,613731,0.9998,152,0.0002,0.0015,0,0.0,971.6,None,0.0,0,0,0,0,0.9998,613731,152,3,0,0.5204,192150868,100000001,,core,1,core.1.v1.,v1,,l1d,n,l1d.n.v1.,v1,,l1i,n,l1i.n.v1.,v1,,l2c,n,l2c.n.v1.,v1,,llc,1,llc.1.v1.,v1,,memory,1,memory.1.v2.,v2,,tlbs,n,tlbs.n.v1.,v1,3,1,sierra.a.6_003_1_003.raw,3,myscript_google,sierra.a.6,0.0,0.0,/mnt/storage/traces/gtrace_v2_champsim_myscript/sierra.a.6/sierra.a.6.log,100000000,100000000,1,1,/mnt/storage/traces/gtrace_v2_champsim_myscript/sierra.a.6/sierra.a.6_0003.champsim.gz,0,0,True,
40.72,10.25,0.9443,6.253,0.7885,0.8532,1.504,0.312,0.5414,cpu0_DTLB,DTLB,25038048,1.0,24587141,0.982,450907,0.018,4.5091,190231,0.0076,25038048,24587141,0.982,450907,0.018,4.5091,190231,0.0076,18.5,None,0.0,0,0,0,0,0.982,24587141,450907,cpu0_ITLB,ITLB,9016551,1.0,9016547,1.0,4,0.0,0.0,1,0.0,9016551,9016547,1.0,4,0.0,0.0,1,0.0,990.3,None,0.0,0,0,0,0,1.0,9016547,4,cpu0_L1D,L1D,16698479,0.6336,14846533,0.8891,1851946,0.1109,18.5195,580571,0.0348,26354319,23130026,0.8777,3224293,0.1223,32.2429,1569871,0.0596,10495,0.0004,94,0.009,10401,0.991,0.104,6,0.0006,9645345,0.366,8283399,0.8588,1361946,0.1412,13.6195,989294,0.1026,188.4,None,0.0,0,0,0,0,0.8891,14846533,1851946,cpu0_L1I,L1I,10885446,1.0,8950473,0.8222,1934973,0.1778,19.3497,761408,0.0699,10885446,8950473,0.8222,1934973,0.1778,19.3497,761408,0.0699,121.2,None,0.0,0,0,0,0,0.8222,8950473,1934973,cpu0_L2C,L2C,2444913,0.7261,1567922,0.6413,876991,0.3587,8.7699,0,0.0,372619,0.1107,120913,0.3245,251706,0.6755,2.5171,0,0.0,3367390,2145100,0.637,1222290,0.363,12.2229,0,0.0,10395,0.0031,1713,0.1648,8682,0.8352,0.0868,0,0.0,539463,0.1602,454552,0.8426,84911,0.1574,0.8491,0,0.0,352.9,None,0.0,0,0,0,0,0.5994,1688835,1128697,LLC,LLC,876991,0.6013,55538,0.0633,821453,0.9367,8.2145,0,0.0,251706,0.1726,7448,0.0296,244258,0.9704,2.4426,0,0.0,1458453,105414,0.0723,1353039,0.9277,13.5304,0,0.0,8682,0.006,158,0.0182,8524,0.9818,0.0852,0,0.0,321074,0.2201,42270,0.1317,278804,0.8683,2.788,0,0.0,307.0,None,0.0,0,0,0,0,0.0558,62986,1065711,cpu0_STLB,STLB,260679,1.0,255949,0.9819,4730,0.0181,0.0473,0,0.0,260679,255949,0.9819,4730,0.0181,0.0473,0,0.0,743.6,None,0.0,0,0,0,0,0.9819,255949,4730,27,0,0.4712,212225890,100000001,,core,1,core.1.v1.,v1,,l1d,n,l1d.n.v1.,v1,,l1i,n,l1i.n.v1.,v1,,l2c,n,l2c.n.v1.,v1,,llc,1,llc.1.v1.,v1,,memory,1,memory.1.v2.,v2,,tlbs,n,tlbs.n.v1.,v1,27,1,merced_027_1_027.raw,27,myscript_google,merced,0.0,0.0,/mnt/storage/traces/gtrace_v2_champsim_myscript/merced/merced.log,None,None,1,1,/mnt/storage/traces/gtrace_v2_champsim_myscript/merced/merced_0027.champsim.gz,0,0,True,
42.52,10.55,0.9421,6.079,1.62,0.9177,0.5222,0.4903,0.9232,cpu0_DTLB,DTLB,26807233,1.0,26314104,0.9816,493129,0.0184,4.9313,207966,0.0078,26807233,26314104,0.9816,493129,0.0184,4.9313,207966,0.0078,9.398,None,0.0,0,0,0,0,0.9816,26314104,493129,cpu0_ITLB,ITLB,9154756,1.0,9154624,1.0,132,0.0,0.0013,58,0.0,9154756,9154624,1.0,132,0.0,0.0013,58,0.0,153.4,None,0.0,0,0,0,0,1.0,9154624,132,cpu0_L1D,L1D,16611075,0.586,14968620,0.9011,1642455,0.0989,16.4245,500636,0.0301,28348620,24962536,0.8806,3386084,0.1194,33.8608,1804913,0.0637,3274,0.0001,13,0.004,3261,0.996,0.0326,4,0.0012,11734271,0.4139,9993903,0.8517,1740368,0.1483,17.4037,1304273,0.1112,210.4,None,0.0,0,0,0,0,0.9011,14968620,1642455,cpu0_L1I,L1I,11012185,1.0,8869912,0.8055,2142273,0.1945,21.4227,799077,0.0726,11012185,8869912,0.8055,2142273,0.1945,21.4227,799077,0.0726,132.4,None,0.0,0,0,0,0,0.8055,8869912,2142273,cpu0_L2C,L2C,2485003,0.704,1432228,0.5763,1052775,0.4237,10.5277,0,0.0,436076,0.1235,103829,0.2381,332247,0.7619,3.3225,0,0.0,3529741,2023150,0.5732,1506591,0.4268,15.0659,0,0.0,3257,0.0009,261,0.0801,2996,0.9199,0.03,0,0.0,605405,0.1715,486832,0.8041,118573,0.1959,1.1857,0,0.0,323.4,None,0.0,0,0,0,0,0.5259,1536057,1385022,LLC,LLC,1052775,0.5817,141115,0.134,911660,0.866,9.1166,0,0.0,332247,0.1836,11400,0.0343,320847,0.9657,3.2085,0,0.0,1809931,202861,0.1121,1607070,0.8879,16.0707,0,0.0,2996,0.0017,22,0.0073,2974,0.9927,0.0297,0,0.0,421913,0.2331,50324,0.1193,371589,0.8807,3.7159,0,0.0,291.2,None,0.0,0,0,0,0,0.1101,152515,1232507,cpu0_STLB,STLB,285237,1.0,283746,0.9948,1491,0.0052,0.0149,0,0.0,285237,283746,0.9948,1491,0.0052,0.0149,0,0.0,846.8,None,0.0,0,0,0,0,0.9948,283746,1491,20,0,0.4286,233316740,100000000,,core,1,core.1.v1.,v1,,l1d,n,l1d.n.v1.,v1,,l1i,n,l1i.n.v1.,v1,,l2c,n,l2c.n.v1.,v1,,llc,1,llc.1.v1.,v1,,memory,1,memory.1.v2.,v2,,tlbs,n,tlbs.n.v1.,v1,20,1,yankee_020_1_020.raw,20,myscript_google,yankee,0.0,0.0,/mnt/storage/traces/gtrace_v2_champsim_myscript/yankee/yankee.log,None,None,1,1,/mnt/storage/traces/gtrace_v2_champsim_myscript/yankee/yankee_0020.champsim.gz,0,0,True,
40.36,11.46,0.938,6.573,1.792,1.063,0.5209,0.5097,1.004,cpu0_DTLB,DTLB,27253588,1.0,26730322,0.9808,523266,0.0192,5.2327,221903,0.0081,27253588,26730322,0.9808,523266,0.0192,5.2327,221903,0.0081,8.522,None,0.0,0,0,0,0,0.9808,26730322,523266,cpu0_ITLB,ITLB,8922868,1.0,8922698,1.0,170,0.0,0.0017,84,0.0,8922868,8922698,1.0,170,0.0,0.0017,84,0.0,154.6,None,0.0,0,0,0,0,1.0,8922698,170,cpu0_L1D,L1D,16687516,0.5789,14931193,0.8948,1756323,0.1052,17.5632,533600,0.032,28824961,25248806,0.8759,3576155,0.1241,35.7615,1888977,0.0655,2808,0.0001,32,0.0114,2776,0.9886,0.0278,4,0.0014,12134637,0.421,10317581,0.8503,1817056,0.1497,18.1706,1355373,0.1117,200.8,None,0.0,0,0,0,0,0.8948,14931193,1756323,cpu0_L1I,L1I,10779998,1.0,8434922,0.7825,2345076,0.2175,23.4508,874404,0.0811,10779998,8434922,0.7825,2345076,0.2175,23.4508,874404,0.0811,128.9,None,0.0,0,0,0,0,0.7825,8434922,2345076,cpu0_L2C,L2C,2693380,0.7076,1598376,0.5934,1095004,0.4066,10.95,0,0.0,461655,0.1213,116804,0.253,344851,0.747,3.4485,0,0.0,3806327,2243212,0.5893,1563115,0.4107,15.6311,0,0.0,2772,0.0007,207,0.0747,2565,0.9253,0.0256,0,0.0,648520,0.1704,527825,0.8139,120695,0.1861,1.2069,0,0.0,322.0,None,0.0,0,0,0,0,0.5436,1715180,1439855,LLC,LLC,1095004,0.5809,141375,0.1291,953629,0.8709,9.5363,0,0.0,344851,0.1829,11391,0.033,333460,0.967,3.3346,0,0.0,1884954,206579,0.1096,1678375,0.8904,16.7837,0,0.0,2565,0.0014,15,0.0058,2550,0.9942,0.0255,0,0.0,442534,0.2348,53798,0.1216,388736,0.8784,3.8874,0,0.0,288.0,None,0.0,0,0,0,0,0.1061,152766,1287089,cpu0_STLB,STLB,301449,1.0,300130,0.9956,1319,0.0044,0.0132,0,0.0,301449,300130,0.9956,1319,0.0044,0.0132,0,0.0,813.3,None,0.0,0,0,0,0,0.9956,300130,1319,43,0,0.4083,244918224,100000003,,core,1,core.1.v1.,v1,,l1d,n,l1d.n.v1.,v1,,l1i,n,l1i.n.v1.,v1,,l2c,n,l2c.n.v1.,v1,,llc,1,llc.1.v1.,v1,,memory,1,memory.1.v2.,v2,,tlbs,n,tlbs.n.v1.,v1,43,1,yankee_043_1_043.raw,43,myscript_google,yankee,0.0,0.0,/mnt/storage/traces/gtrace_v2_champsim_myscript/yankee/yankee.log,None,None,1,1,/mnt/storage/traces/gtrace_v2_champsim_myscript/yankee/yankee_0043.champsim.gz,0,0,True,
56.25,5.675,0.9667,3.761,0.6801,0.4022,0.227,0.2176,0.3877,cpu0_DTLB,DTLB,22361831,1.0,22044896,0.9858,316935,0.0142,3.1693,114991,0.0051,22361831,22044896,0.9858,316935,0.0142,3.1693,114991,0.0051,7.656,None,0.0,0,0,0,0,0.9858,22044896,316935,cpu0_ITLB,ITLB,11334839,1.0,11334770,1.0,69,0.0,0.0007,33,0.0,11334839,11334770,1.0,69,0.0,0.0007,33,0.0,135.2,None,0.0,0,0,0,0,1.0,11334770,69,cpu0_L1D,L1D,14964635,0.6321,14132586,0.9444,832049,0.0556,8.3205,216228,0.0144,23673032,21977878,0.9284,1695154,0.0716,16.9515,858883,0.0363,1395,0.0001,2,0.0014,1393,0.9986,0.0139,3,0.0022,8707002,0.3678,7845290,0.901,861712,0.099,8.6171,642652,0.0738,188.0,None,0.0,0,0,0,0,0.9444,14132586,832049,cpu0_L1I,L1I,13385597,1.0,12201947,0.9116,1183650,0.0884,11.8365,457708,0.0342,13385597,12201947,0.9116,1183650,0.0884,11.8365,457708,0.0342,120.6,None,0.0,0,0,0,0,0.9116,12201947,1183650,cpu0_L2C,L2C,1341755,0.7066,859165,0.6403,482590,0.3597,4.8259,0,0.0,219048,0.1154,53670,0.245,165378,0.755,1.6538,0,0.0,1898905,1191957,0.6277,706948,0.3723,7.0695,0,0.0,1390,0.0007,135,0.0971,1255,0.9029,0.0125,0,0.0,336712,0.1773,278987,0.8286,57725,0.1714,0.5772,0,0.0,328.8,None,0.0,0,0,0,0,0.5848,912835,647968,LLC,LLC,482590,0.559,53856,0.1116,428734,0.8884,4.2873,0,0.0,165378,0.1916,4137,0.025,161241,0.975,1.6124,0,0.0,863305,81562,0.0945,781743,0.9055,7.8174,0,0.0,1255,0.0015,16,0.0127,1239,0.9873,0.0124,0,0.0,214082,0.248,23553,0.11,190529,0.89,1.9053,0,0.0,286.0,None,0.0,0,0,0,0,0.0895,57993,589975,cpu0_STLB,STLB,201980,1.0,201295,0.9966,685,0.0034,0.0068,0,0.0,201980,201295,0.9966,685,0.0034,0.0068,0,0.0,788.7,None,0.0,0,0,0,0,0.9966,201295,685,31,0,0.7682,130174492,100000001,,core,1,core.1.v1.,v1,,l1d,n,l1d.n.v1.,v1,,l1i,n,l1i.n.v1.,v1,,l2c,n,l2c.n.v1.,v1,,llc,1,llc.1.v1.,v1,,memory,1,memory.1.v2.,v2,,tlbs,n,tlbs.n.v1.,v1,31,1,yankee_031_1_031.raw,31,myscript_google,yankee,0.0,0.0,/mnt/storage/traces/gtrace_v2_champsim_myscript/yankee/yankee.log,None,None,1,1,/mnt/storage/traces/gtrace_v2_champsim_myscript/yankee/yankee_0031.champsim.gz,0,0,True,
43.69,9.559,0.9473,5.821,1.295,0.7978,0.5074,0.3966,0.7408,cpu0_DTLB,DTLB,25807827,1.0,25360497,0.9827,447330,0.0173,4.4733,185872,0.0072,25807827,25360497,0.9827,447330,0.0173,4.4733,185872,0.0072,8.777,None,0.0,0,0,0,0,0.9827,25360497,447330,cpu0_ITLB,ITLB,9191536,1.0,9191456,1.0,80,0.0,0.0008,37,0.0,9191536,9191456,1.0,80,0.0,0.0008,37,0.0,166.0,None,0.0,0,0,0,0,1.0,9191456,80,cpu0_L1D,L1D,16285339,0.5969,14849380,0.9118,1435959,0.0882,14.3596,433802,0.0266,27282739,24258699,0.8892,3024040,0.1108,30.2404,1624850,0.0596,2390,0.0001,8,0.0033,2382,0.9967,0.0238,6,0.0025,10995010,0.403,9409311,0.8558,1585699,0.1442,15.857,1191042,0.1083,208.9,None,0.0,0,0,0,0,0.9118,14849380,1435959,cpu0_L1I,L1I,11105809,1.0,9357736,0.8426,1748073,0.1574,17.4807,654279,0.0589,11105809,9357736,0.8426,1748073,0.1574,17.4807,654279,0.0589,131.3,None,0.0,0,0,0,0,0.8426,9357736,1748073,cpu0_L2C,L2C,2095940,0.6866,1207752,0.5762,888188,0.4238,8.8819,0,0.0,394639,0.1293,101359,0.2568,293280,0.7432,2.9328,0,0.0,3052449,1766078,0.5786,1286371,0.4214,12.8637,0,0.0,2376,0.0008,161,0.0678,2215,0.9322,0.0221,0,0.0,559494,0.1833,456806,0.8165,102688,0.1835,1.0269,0,0.0,323.5,None,0.0,0,0,0,0,0.5256,1309111,1181468,LLC,LLC,888188,0.5679,153919,0.1733,734269,0.8267,7.3427,0,0.0,293279,0.1875,11190,0.0382,282089,0.9618,2.8209,0,0.0,1563851,211343,0.1351,1352508,0.8649,13.5251,0,0.0,2215,0.0014,33,0.0149,2182,0.9851,0.0218,0,0.0,380169,0.2431,46201,0.1215,333968,0.8785,3.3397,0,0.0,295.7,None,0.0,0,0,0,0,0.1397,165109,1016358,cpu0_STLB,STLB,261501,1.0,260383,0.9957,1118,0.0043,0.0112,0,0.0,261501,260383,0.9957,1118,0.0043,0.0112,0,0.0,888.3,None,0.0,0,0,0,0,0.9957,260383,1118,9,0,0.4969,201231119,100000000,,core,1,core.1.v1.,v1,,l1d,n,l1d.n.v1.,v1,,l1i,n,l1i.n.v1.,v1,,l2c,n,l2c.n.v1.,v1,,llc,1,llc.1.v1.,v1,,memory,1,memory.1.v2.,v2,,tlbs,n,tlbs.n.v1.,v1,9,1,yankee_009_1_009.raw,9,myscript_google,yankee,0.0,0.0,/mnt/storage/traces/gtrace_v2_champsim_myscript/yankee/yankee.log,None,None,1,1,/mnt/storage/traces/gtrace_v2_champsim_myscript/yankee/yankee_0009.champsim.gz,0,0,True,
55.35,6.43,0.9652,3.2,0.8928,1.092,0.2026,0.2833,0.7583,cpu0_DTLB,DTLB,27285764,1.0,26484555,0.9706,801209,0.0294,8.0121,335997,0.0123,27285764,26484555,0.9706,801209,0.0294,8.0121,335997,0.0123,7.13,None,0.0,0,0,0,0,0.9706,26484555,801209,cpu0_ITLB,ITLB,13205060,1.0,13204913,1.0,147,0.0,0.0015,65,0.0,13205060,13204913,1.0,147,0.0,0.0015,65,0.0,179.6,None,0.0,0,0,0,0,1.0,13204913,147,cpu0_L1D,L1D,16052599,0.5494,14283794,0.8898,1768805,0.1102,17.688,452505,0.0282,29218758,25735468,0.8808,3483290,0.1192,34.8329,1585337,0.0543,2360,0.0001,6,0.0025,2354,0.9975,0.0235,2,0.0008,13163799,0.4505,11451668,0.8699,1712131,0.1301,17.1213,1132830,0.0861,168.6,None,0.0,0,0,0,0,0.8898,14283794,1768805,cpu0_L1I,L1I,15812777,1.0,10559638,0.6678,5253139,0.3322,52.5314,2110096,0.1334,15812777,10559638,0.6678,5253139,0.3322,52.5314,2110096,0.1334,50.45,None,0.0,0,0,0,0,0.6678,10559638,5253139,cpu0_L2C,L2C,4459310,0.7567,3617235,0.8112,842075,0.1888,8.4207,0,0.0,579255,0.0983,320325,0.553,258930,0.447,2.5893,0,0.0,5893326,4697575,0.7971,1195751,0.2029,11.9575,0,0.0,2352,0.0004,190,0.0808,2162,0.9192,0.0216,0,0.0,852409,0.1446,759825,0.8914,92584,0.1086,0.9258,0,0.0,366.1,None,0.0,0,0,0,0,0.7815,3937560,1101005,LLC,LLC,842075,0.5762,58039,0.0689,784036,0.9311,7.8404,0,0.0,258930,0.1772,13396,0.0517,245534,0.9483,2.4553,0,0.0,1461431,124573,0.0852,1336858,0.9148,13.3686,0,0.0,2162,0.0015,27,0.0125,2135,0.9875,0.0213,0,0.0,358264,0.2451,53111,0.1482,305153,0.8518,3.0515,0,0.0,316.1,None,0.0,0,0,0,0,0.0649,71435,1029570,cpu0_STLB,STLB,465294,1.0,464114,0.9975,1180,0.0025,0.0118,0,0.0,465294,464114,0.9975,1180,0.0025,0.0118,0,0.0,850.8,None,0.0,0,0,0,0,0.9975,464114,1180,1,0,0.5324,187840125,100000003,,core,1,core.1.v1.,v1,,l1d,n,l1d.n.v1.,v1,,l1i,n,l1i.n.v1.,v1,,l2c,n,l2c.n.v1.,v1,,llc,1,llc.1.v1.,v1,,memory,1,memory.1.v2.,v2,,tlbs,n,tlbs.n.v1.,v1,1,1,sierra.a.3_001_1_001.raw,1,myscript_google,sierra.a.3,0.0,0.0,/mnt/storage/traces/gtrace_v2_champsim_myscript/sierra.a.3/sierra.a.3.log,100000000,100000000,1,1,/mnt/storage/traces/gtrace_v2_champsim_myscript/sierra.a.3/sierra.a.3_0001.champsim.gz,0,0,True,
42.38,10.16,0.9419,7.025,0.8581,1.033,0.3614,0.3197,0.5657,cpu0_DTLB,DTLB,22176793,1.0,21714060,0.9791,462733,0.0209,4.6273,197580,0.0089,22176793,21714060,0.9791,462733,0.0209,4.6273,197580,0.0089,24.49,None,0.0,0,0,0,0,0.9791,21714060,462733,cpu0_ITLB,ITLB,9137936,1.0,9137926,1.0,10,0.0,0.0001,3,0.0,9137936,9137926,1.0,10,0.0,0.0001,3,0.0,1047.0,None,0.0,0,0,0,0,1.0,9137926,10,cpu0_L1D,L1D,14720533,0.6316,13156641,0.8938,1563892,0.1062,15.6389,482085,0.0327,23307339,20442437,0.8771,2864902,0.1229,28.649,1451446,0.0623,16997,0.0007,127,0.0075,16870,0.9925,0.1687,6,0.0004,8569809,0.3677,7285669,0.8502,1284140,0.1498,12.8414,969355,0.1131,204.8,None,0.0,0,0,0,0,0.8938,13156641,1563892,cpu0_L1I,L1I,11118617,1.0,9142695,0.8223,1975922,0.1777,19.7592,775570,0.0698,11118617,9142695,0.8223,1975922,0.1777,19.7592,775570,0.0698,114.2,None,0.0,0,0,0,0,0.8223,9142695,1975922,cpu0_L2C,L2C,2282154,0.7408,1362719,0.5971,919435,0.4029,9.1944,0,0.0,314773,0.1022,82136,0.2609,232637,0.7391,2.3264,0,0.0,3080613,1828379,0.5935,1252234,0.4065,12.5223,0,0.0,16864,0.0055,2953,0.1751,13911,0.8249,0.1391,0,0.0,466822,0.1515,380571,0.8152,86251,0.1848,0.8625,0,0.0,324.1,None,0.0,0,0,0,0,0.5564,1444855,1152072,LLC,LLC,919435,0.6252,50612,0.055,868823,0.945,8.6882,0,0.0,232637,0.1582,7019,0.0302,225618,0.9698,2.2562,0,0.0,1470573,95624,0.065,1374949,0.935,13.7495,0,0.0,13911,0.0095,372,0.0267,13539,0.9733,0.1354,0,0.0,304590,0.2071,37621,0.1235,266969,0.8765,2.6697,0,0.0,283.1,None,0.0,0,0,0,0,0.05,57631,1094441,cpu0_STLB,STLB,265160,1.0,257520,0.9712,7640,0.0288,0.0764,0,0.0,265160,257520,0.9712,7640,0.0288,0.0764,0,0.0,676.3,None,0.0,0,0,0,0,0.9712,257520,7640,58,0,0.4418,226361702,100000000,,core,1,core.1.v1.,v1,,l1d,n,l1d.n.v1.,v1,,l1i,n,l1i.n.v1.,v1,,l2c,n,l2c.n.v1.,v1,,llc,1,llc.1.v1.,v1,,memory,1,memory.1.v2.,v2,,tlbs,n,tlbs.n.v1.,v1,58,1,merced_058_1_058.raw,58,myscript_google,merced,0.0,0.0,/mnt/storage/traces/gtrace_v2_champsim_myscript/merced/merced.log,None,None,1,1,/mnt/storage/traces/gtrace_v2_champsim_myscript/merced/merced_0058.champsim.gz,0,0,True,
50.87,8.172,0.9527,5.371,0.718,0.7945,0.3613,0.3034,0.6236,cpu0_DTLB,DTLB,24047043,1.0,23415720,0.9737,631323,0.0263,6.3132,273561,0.0114,24047043,23415720,0.9737,631323,0.0263,6.3132,273561,0.0114,19.58,None,0.0,0,0,0,0,0.9737,23415720,631323,cpu0_ITLB,ITLB,9915253,1.0,9915243,1.0,10,0.0,0.0001,5,0.0,9915253,9915243,1.0,10,0.0,0.0001,5,0.0,1079.0,None,0.0,0,0,0,0,1.0,9915243,10,cpu0_L1D,L1D,15782123,0.6241,13442196,0.8517,2339927,0.1483,23.3993,825290,0.0523,25287616,21665313,0.8568,3622303,0.1432,36.223,1766518,0.0699,15694,0.0006,106,0.0068,15588,0.9932,0.1559,8,0.0005,9489799,0.3753,8223011,0.8665,1266788,0.1335,12.6679,941220,0.0992,195.5,None,0.0,0,0,0,0,0.8517,13442196,2339927,cpu0_L1I,L1I,11831981,1.0,9713755,0.821,2118226,0.179,21.1823,852054,0.072,11831981,9713755,0.821,2118226,0.179,21.1823,852054,0.072,111.2,None,0.0,0,0,0,0,0.821,9713755,2118226,cpu0_L2C,L2C,2780797,0.7543,1588368,0.5712,1192429,0.4288,11.9243,0,0.0,325547,0.0883,100749,0.3095,224798,0.6905,2.248,0,0.0,3686559,2154349,0.5844,1532210,0.4156,15.3221,0,0.0,15580,0.0042,2895,0.1858,12685,0.8142,0.1268,0,0.0,564635,0.1532,462337,0.8188,102298,0.1812,1.023,0,0.0,312.4,None,0.0,0,0,0,0,0.5438,1689117,1417227,LLC,LLC,1192430,0.659,51192,0.0429,1141238,0.9571,11.4124,0,0.0,224798,0.1242,7268,0.0323,217530,0.9677,2.1753,0,0.0,1809479,103739,0.0573,1705740,0.9427,17.0574,0,0.0,12685,0.007,212,0.0167,12473,0.9833,0.1247,0,0.0,379566,0.2098,45067,0.1187,334499,0.8813,3.345,0,0.0,268.7,None,0.0,0,0,0,0,0.0412,58460,1358768,cpu0_STLB,STLB,357767,1.0,350727,0.9803,7040,0.0197,0.0704,0,0.0,357767,350727,0.9803,7040,0.0197,0.0704,0,0.0,740.9,None,0.0,0,0,0,0,0.9803,350727,7040,52,0,0.3751,266626249,100000000,,core,1,core.1.v1.,v1,,l1d,n,l1d.n.v1.,v1,,l1i,n,l1i.n.v1.,v1,,l2c,n,l2c.n.v1.,v1,,llc,1,llc.1.v1.,v1,,memory,1,memory.1.v2.,v2,,tlbs,n,tlbs.n.v1.,v1,52,1,merced_052_1_052.raw,52,myscript_google,merced,0.0,0.0,/mnt/storage/traces/gtrace_v2_champsim_myscript/merced/merced.log,None,None,1,1,/mnt/storage/traces/gtrace_v2_champsim_myscript/merced/merced_0052.champsim.gz,0,0,True,
119.2,3.264,0.9825,1.907,0.0669,0.1949,0.589,0.3982,0.1073,cpu0_DTLB,DTLB,23544697,1.0,23501640,0.9982,43057,0.0018,0.4306,20934,0.0009,23544697,23501640,0.9982,43057,0.0018,0.4306,20934,0.0009,89.1,None,0.0,0,0,0,0,0.9982,23501640,43057,cpu0_ITLB,ITLB,10375596,1.0,10375592,1.0,4,0.0,0.0,1,0.0,10375596,10375592,1.0,4,0.0,0.0,1,0.0,1209.0,None,0.0,0,0,0,0,1.0,10375592,4,cpu0_L1D,L1D,14489138,0.5793,13196206,0.9108,1292932,0.0892,12.9293,605783,0.0418,25011864,22024505,0.8806,2987359,0.1194,29.8736,1931492,0.0772,4088,0.0002,23,0.0056,4065,0.9944,0.0406,1,0.0002,10518638,0.4205,8828276,0.8393,1690362,0.1607,16.9036,1325708,0.126,383.8,None,0.0,0,0,0,0,0.9108,13196206,1292932,cpu0_L1I,L1I,12172574,1.0,11529109,0.9471,643465,0.0529,6.4346,270662,0.0222,12172574,11529109,0.9471,643465,0.0529,6.4346,270662,0.0222,82.76,None,0.0,0,0,0,0,0.9471,11529109,643465,cpu0_L2C,L2C,1059949,0.5592,531758,0.5017,528191,0.4983,5.2819,0,0.0,364646,0.1924,14320,0.0393,350326,0.9607,3.5033,0,0.0,1895334,952184,0.5024,943150,0.4976,9.4315,0,0.0,4064,0.0021,550,0.1353,3514,0.8647,0.0351,0,0.0,466675,0.2462,405556,0.869,61119,0.131,0.6112,0,0.0,449.9,None,0.0,0,0,0,0,0.3833,546078,878517,LLC,LLC,528191,0.4038,15045,0.0285,513146,0.9715,5.1315,0,0.0,350326,0.2678,1161,0.0033,349165,0.9967,3.4916,0,0.0,1308068,23988,0.0183,1284080,0.9817,12.8408,0,0.0,3514,0.0027,27,0.0077,3487,0.9923,0.0349,0,0.0,426037,0.3257,7755,0.0182,418282,0.9818,4.1828,0,0.0,322.2,None,0.0,0,0,0,0,0.0184,16206,862311,cpu0_STLB,STLB,22126,1.0,20085,0.9078,2041,0.0922,0.0204,0,0.0,22126,20085,0.9078,2041,0.0922,0.0204,0,0.0,912.3,None,0.0,0,0,0,0,0.9078,20085,2041,10,0,0.59,169482410,100000002,,core,1,core.1.v1.,v1,,l1d,n,l1d.n.v1.,v1,,l1i,n,l1i.n.v1.,v1,,l2c,n,l2c.n.v1.,v1,,llc,1,llc.1.v1.,v1,,memory,1,memory.1.v2.,v2,,tlbs,n,tlbs.n.v1.,v1,10,1,charlie_010_1_010.raw,10,myscript_google,charlie,0.0,0.0,/mnt/storage/traces/gtrace_v2_champsim_myscript/charlie/charlie.log,100000000,100000000,1,1,/mnt/storage/traces/gtrace_v2_champsim_myscript/charlie/charlie_0010.champsim.gz,0,0,True,
65.99,5.98,0.9685,3.333,0.8169,0.5342,0.345,0.2588,0.6916,cpu0_DTLB,DTLB,25268026,1.0,24677188,0.9766,590838,0.0234,5.9084,267742,0.0106,25268026,24677188,0.9766,590838,0.0234,5.9084,267742,0.0106,12.91,None,0.0,0,0,0,0,0.9766,24677188,590838,cpu0_ITLB,ITLB,11899576,1.0,11898211,0.9999,1365,0.0001,0.0136,955,0.0001,11899576,11898211,0.9999,1365,0.0001,0.0136,955,0.0001,22.25,None,0.0,0,0,0,0,0.9999,11898211,1365,cpu0_L1D,L1D,14341937,0.5328,12990487,0.9058,1351450,0.0942,13.5145,431563,0.0301,26919267,24325807,0.9037,2593460,0.0963,25.9346,1375984,0.0511,7596,0.0003,69,0.0091,7527,0.9909,0.0753,57,0.0075,12569734,0.4669,11335251,0.9018,1234483,0.0982,12.3448,944364,0.0751,168.8,None,0.0,0,0,0,0,0.9058,12990487,1351450,cpu0_L1I,L1I,13927980,1.0,11165994,0.8017,2761986,0.1983,27.6199,1080897,0.0776,13927980,11165994,0.8017,2761986,0.1983,27.6199,1080897,0.0776,29.27,None,0.0,0,0,0,0,0.8017,11165994,2761986,cpu0_L2C,L2C,2600965,0.7693,2137285,0.8217,463680,0.1783,4.6368,0,0.0,290096,0.0858,75042,0.2587,215054,0.7413,2.1505,0,0.0,3381119,2617072,0.774,764047,0.226,7.6405,0,0.0,7470,0.0022,1062,0.1422,6408,0.8578,0.0641,0,0.0,482588,0.1427,403683,0.8365,78905,0.1635,0.789,0,0.0,304.5,None,0.0,0,0,0,0,0.7652,2212327,678734,LLC,LLC,463680,0.4634,49913,0.1076,413767,0.8924,4.1377,0,0.0,215054,0.2149,9304,0.0433,205750,0.9567,2.0575,0,0.0,1000658,106175,0.1061,894483,0.8939,8.9448,0,0.0,6408,0.0064,225,0.0351,6183,0.9649,0.0618,0,0.0,315516,0.3153,46733,0.1481,268783,0.8519,2.6878,0,0.0,250.2,None,0.0,0,0,0,0,0.0872,59217,619517,cpu0_STLB,STLB,323507,1.0,320059,0.9893,3448,0.0107,0.0345,0,0.0,323507,320059,0.9893,3448,0.0107,0.0345,0,0.0,742.3,None,0.0,0,0,0,0,0.9893,320059,3448,26,0,0.6871,145538747,100000001,,core,1,core.1.v1.,v1,,l1d,n,l1d.n.v1.,v1,,l1i,n,l1i.n.v1.,v1,,l2c,n,l2c.n.v1.,v1,,llc,1,llc.1.v1.,v1,,memory,1,memory.1.v2.,v2,,tlbs,n,tlbs.n.v1.,v1,26,1,tango_026_1_026.raw,26,myscript_google,tango,0.0,0.0,/mnt/storage/traces/gtrace_v2_champsim_myscript/tango/tango.log,100000000,100000000,1,1,/mnt/storage/traces/gtrace_v2_champsim_myscript/tango/tango_0026.champsim.gz,0,0,True,
43.37,9.644,0.9478,5.772,1.373,0.7519,0.5148,0.4561,0.7761,cpu0_DTLB,DTLB,25703022,1.0,25218963,0.9812,484059,0.0188,4.8406,206584,0.008,25703022,25218963,0.9812,484059,0.0188,4.8406,206584,0.008,8.389,None,0.0,0,0,0,0,0.9812,25218963,484059,cpu0_ITLB,ITLB,9355519,1.0,9355444,1.0,75,0.0,0.0008,39,0.0,9355519,9355444,1.0,75,0.0,0.0008,39,0.0,146.8,None,0.0,0,0,0,0,1.0,9355444,75,cpu0_L1D,L1D,16232102,0.598,14834066,0.9139,1398036,0.0861,13.9804,398900,0.0246,27145343,24213086,0.892,2932257,0.108,29.3226,1548913,0.0571,2439,0.0001,4,0.0016,2435,0.9984,0.0244,6,0.0025,10910802,0.4019,9379016,0.8596,1531786,0.1404,15.3179,1150007,0.1054,200.6,None,0.0,0,0,0,0,0.9139,14834066,1398036,cpu0_L1I,L1I,11304401,1.0,9501017,0.8405,1803384,0.1595,18.0338,670122,0.0593,11304401,9501017,0.8405,1803384,0.1595,18.0338,670122,0.0593,146.8,None,0.0,0,0,0,0,0.8405,9501017,1803384,cpu0_L2C,L2C,2132385,0.6988,1241568,0.5822,890817,0.4178,8.9082,0,0.0,381757,0.1251,90622,0.2374,291135,0.7626,2.9114,0,0.0,3051284,1762762,0.5777,1288522,0.4223,12.8852,0,0.0,2429,0.0008,254,0.1046,2175,0.8954,0.0217,0,0.0,534713,0.1752,430318,0.8048,104395,0.1952,1.0439,0,0.0,329.0,None,0.0,0,0,0,0,0.5299,1332190,1181952,LLC,LLC,890817,0.5725,77836,0.0874,812981,0.9126,8.1298,0,0.0,291135,0.1871,10919,0.0375,280216,0.9625,2.8022,0,0.0,1555916,134700,0.0866,1421216,0.9134,14.2122,0,0.0,2175,0.0014,21,0.0097,2154,0.9903,0.0215,0,0.0,371789,0.239,45924,0.1235,325865,0.8765,3.2586,0,0.0,286.8,None,0.0,0,0,0,0,0.0751,88755,1093197,cpu0_STLB,STLB,277511,1.0,276380,0.9959,1131,0.0041,0.0113,0,0.0,277511,276380,0.9959,1131,0.0041,0.0113,0,0.0,834.8,None,0.0,0,0,0,0,0.9959,276380,1131,1,0,0.478,209226055,100000000,,core,1,core.1.v1.,v1,,l1d,n,l1d.n.v1.,v1,,l1i,n,l1i.n.v1.,v1,,l2c,n,l2c.n.v1.,v1,,llc,1,llc.1.v1.,v1,,memory,1,memory.1.v2.,v2,,tlbs,n,tlbs.n.v1.,v1,1,1,yankee_001_1_001.raw,1,myscript_google,yankee,0.0,0.0,/mnt/storage/traces/gtrace_v2_champsim_myscript/yankee/yankee.log,None,None,1,1,/mnt/storage/traces/gtrace_v2_champsim_myscript/yankee/yankee_0001.champsim.gz,0,0,True,
48.59,10.16,0.9484,6.954,0.8106,1.203,0.1996,0.2316,0.7563,cpu0_DTLB,DTLB,23971270,1.0,23190213,0.9674,781057,0.0326,7.8106,318677,0.0133,23971270,23190213,0.9674,781057,0.0326,7.8106,318677,0.0133,5.465,None,0.0,0,0,0,0,0.9674,23190213,781057,cpu0_ITLB,ITLB,10845697,1.0,10845681,1.0,16,0.0,0.0002,7,0.0,10845697,10845681,1.0,16,0.0,0.0002,7,0.0,916.3,None,0.0,0,0,0,0,1.0,10845681,16,cpu0_L1D,L1D,14711838,0.5754,11451629,0.7784,3260209,0.2216,32.6021,725877,0.0493,25568085,20990387,0.821,4577698,0.179,45.777,1659697,0.0649,445,0.0,3,0.0067,442,0.9933,0.0044,0,0.0,10855802,0.4246,9538755,0.8787,1317047,0.1213,13.1705,933820,0.086,230.3,None,0.0,0,0,0,0,0.7784,11451629,3260209,cpu0_L1I,L1I,13252364,1.0,7092443,0.5352,6159921,0.4648,61.5992,2514672,0.1898,13252364,7092443,0.5352,6159921,0.4648,61.5992,2514672,0.1898,33.41,None,0.0,0,0,0,0,0.5352,7092443,6159921,cpu0_L2C,L2C,6179537,0.8474,4200260,0.6797,1979277,0.3203,19.7928,0,0.0,383196,0.0525,192533,0.5024,190663,0.4976,1.9066,0,0.0,7292378,5019822,0.6884,2272556,0.3116,22.7256,0,0.0,442,0.0001,7,0.0158,435,0.9842,0.0043,0,0.0,729203,0.1,627022,0.8599,102181,0.1401,1.0218,0,0.0,326.7,None,0.0,0,0,0,0,0.6694,4392793,2169940,LLC,LLC,1979277,0.7739,47418,0.024,1931859,0.976,19.3186,0,0.0,190663,0.0746,12987,0.0681,177676,0.9319,1.7768,0,0.0,2557483,125953,0.0492,2431530,0.9508,24.3153,0,0.0,435,0.0002,15,0.0345,420,0.9655,0.0042,0,0.0,387108,0.1514,65533,0.1693,321575,0.8307,3.2157,0,0.0,292.1,None,0.0,0,0,0,0,0.0278,60405,2109535,cpu0_STLB,STLB,462389,1.0,462167,0.9995,222,0.0005,0.0022,0,0.0,462389,462167,0.9995,222,0.0005,0.0022,0,0.0,1003.0,None,0.0,0,0,0,0,0.9995,462167,222,0,0,0.3315,301645444,100000000,,core,1,core.1.v1.,v1,,l1d,n,l1d.n.v1.,v1,,l1i,n,l1i.n.v1.,v1,,l2c,n,l2c.n.v1.,v1,,llc,1,llc.1.v1.,v1,,memory,1,memory.1.v2.,v2,,tlbs,n,tlbs.n.v1.,v1,0,1,sierra.a.6_000_1_000.raw,0,myscript_google,sierra.a.6,0.0,0.0,/mnt/storage/traces/gtrace_v2_champsim_myscript/sierra.a.6/sierra.a.6.log,100000000,100000000,1,1,/mnt/storage/traces/gtrace_v2_champsim_myscript/sierra.a.6/sierra.a.6_0000.champsim.gz,0,0,True,
41.68,10.15,0.944,6.683,1.11,0.9375,0.341,0.3553,0.7189,cpu0_DTLB,DTLB,25433012,1.0,24847665,0.977,585347,0.023,5.8535,243830,0.0096,25433012,24847665,0.977,585347,0.023,5.8535,243830,0.0096,24.63,None,0.0,0,0,0,0,0.977,24847665,585347,cpu0_ITLB,ITLB,9551205,1.0,9551188,1.0,17,0.0,0.0002,6,0.0,9551205,9551188,1.0,17,0.0,0.0002,6,0.0,1058.0,None,0.0,0,0,0,0,1.0,9551188,17,cpu0_L1D,L1D,16664372,0.6214,14638461,0.8784,2025911,0.1216,20.2591,630175,0.0378,26817185,23249131,0.8669,3568054,0.1331,35.6805,1762524,0.0657,21675,0.0008,199,0.0092,21476,0.9908,0.2148,6,0.0003,10131138,0.3778,8610471,0.8499,1520667,0.1501,15.2067,1132343,0.1118,174.0,None,0.0,0,0,0,0,0.8784,14638461,2025911,cpu0_L1I,L1I,11589415,1.0,9289052,0.8015,2300363,0.1985,23.0036,901097,0.0778,11589415,9289052,0.8015,2300363,0.1985,23.0036,901097,0.0778,118.1,None,0.0,0,0,0,0,0.8015,9289052,2300363,cpu0_L2C,L2C,2794987,0.7398,1743729,0.6239,1051258,0.3761,10.5126,0,0.0,388309,0.1028,103452,0.2664,284857,0.7336,2.8486,0,0.0,3778174,2318800,0.6137,1459374,0.3863,14.5937,0,0.0,21470,0.0057,4098,0.1909,17372,0.8091,0.1737,0,0.0,573408,0.1518,467521,0.8153,105887,0.1847,1.0589,0,0.0,311.2,None,0.0,0,0,0,0,0.5803,1847181,1336115,LLC,LLC,1051258,0.6095,94915,0.0903,956343,0.9097,9.5634,0,0.0,284857,0.1652,11960,0.042,272897,0.958,2.729,0,0.0,1724791,157563,0.0914,1567228,0.9086,15.6723,0,0.0,17372,0.0101,603,0.0347,16769,0.9653,0.1677,0,0.0,371304,0.2153,50085,0.1349,321219,0.8651,3.2122,0,0.0,277.6,None,0.0,0,0,0,0,0.08,106875,1229240,cpu0_STLB,STLB,341528,1.0,331709,0.9712,9819,0.0288,0.0982,0,0.0,341528,331709,0.9712,9819,0.0288,0.0982,0,0.0,682.9,None,0.0,0,0,0,0,0.9712,331709,9819,1,0,0.4111,243276608,100000000,,core,1,core.1.v1.,v1,,l1d,n,l1d.n.v1.,v1,,l1i,n,l1i.n.v1.,v1,,l2c,n,l2c.n.v1.,v1,,llc,1,llc.1.v1.,v1,,memory,1,memory.1.v2.,v2,,tlbs,n,tlbs.n.v1.,v1,1,1,merced_001_1_001.raw,1,myscript_google,merced,0.0,0.0,/mnt/storage/traces/gtrace_v2_champsim_myscript/merced/merced.log,None,None,1,1,/mnt/storage/traces/gtrace_v2_champsim_myscript/merced/merced_0001.champsim.gz,0,0,True,
34.08,11.24,0.9271,4.898,1.936,2.479,0.2516,0.3894,1.286,cpu0_DTLB,DTLB,27664206,1.0,26839151,0.9702,825055,0.0298,8.2505,338320,0.0122,27664206,26839151,0.9702,825055,0.0298,8.2505,338320,0.0122,11.87,None,0.0,0,0,0,0,0.9702,26839151,825055,cpu0_ITLB,ITLB,13051392,1.0,13051203,1.0,189,0.0,0.0019,94,0.0,13051392,13051203,1.0,189,0.0,0.0019,94,0.0,532.3,None,0.0,0,0,0,0,1.0,13051203,189,cpu0_L1D,L1D,16799731,0.5718,14309995,0.8518,2489736,0.1482,24.8974,691168,0.0411,29378260,24287444,0.8267,5090816,0.1733,50.9082,2257073,0.0768,9560,0.0003,21,0.0022,9539,0.9978,0.0954,1,0.0001,12568969,0.4278,9977428,0.7938,2591541,0.2062,25.9154,1565904,0.1246,241.0,None,0.0,0,0,0,0,0.8518,14309995,2489736,cpu0_L1I,L1I,15791686,1.0,10681077,0.6764,5110609,0.3236,51.1061,1921409,0.1217,15791686,10681077,0.6764,5110609,0.3236,51.1061,1921409,0.1217,100.1,None,0.0,0,0,0,0,0.6764,10681077,5110609,cpu0_L2C,L2C,4987734,0.6713,3444614,0.6906,1543120,0.3094,15.4312,0,0.0,1025501,0.138,504562,0.492,520939,0.508,5.2094,0,0.0,7430025,5191812,0.6988,2238213,0.3012,22.3821,0,0.0,9538,0.0013,570,0.0598,8968,0.9402,0.0897,0,0.0,1407252,0.1894,1242066,0.8826,165186,0.1174,1.6519,0,0.0,424.0,None,0.0,0,0,0,0,0.6567,3949176,2064059,LLC,LLC,1543120,0.559,130854,0.0848,1412266,0.9152,14.1227,0,0.0,520939,0.1887,36464,0.07,484475,0.93,4.8447,0,0.0,2760497,275110,0.0997,2485387,0.9003,24.8539,0,0.0,8968,0.0032,82,0.0091,8886,0.9909,0.0889,0,0.0,687470,0.249,107710,0.1567,579760,0.8433,5.7976,0,0.0,370.4,None,0.0,0,0,0,0,0.0811,167318,1896741,cpu0_STLB,STLB,486830,1.0,482050,0.9902,4780,0.0098,0.0478,0,0.0,486830,482050,0.9902,4780,0.0098,0.0478,0,0.0,709.2,None,0.0,0,0,0,0,0.9902,482050,4780,17,0,0.3156,316888341,100000003,,core,1,core.1.v1.,v1,,l1d,n,l1d.n.v1.,v1,,l1i,n,l1i.n.v1.,v1,,l2c,n,l2c.n.v1.,v1,,llc,1,llc.1.v1.,v1,,memory,1,memory.1.v2.,v2,,tlbs,n,tlbs.n.v1.,v1,17,1,sierra.a.4_017_1_017.raw,17,myscript_google,sierra.a.4,0.0,0.0,/mnt/storage/traces/gtrace_v2_champsim_myscript/sierra.a.4/sierra.a.4.log,100000000,100000000,1,1,/mnt/storage/traces/gtrace_v2_champsim_myscript/sierra.a.4/sierra.a.4_0017.champsim.gz,0,0,True,
68.22,3.287,0.9858,2.546,0.1496,0.1344,0.0393,0.1525,0.2659,cpu0_DTLB,DTLB,22179721,1.0,20293824,0.915,1885897,0.085,18.859,230641,0.0104,22179721,20293824,0.915,1885897,0.085,18.859,230641,0.0104,11.12,None,0.0,0,0,0,0,0.915,20293824,1885897,cpu0_ITLB,ITLB,12847478,1.0,12846368,0.9999,1110,0.0001,0.0111,479,0.0,12847478,12846368,0.9999,1110,0.0001,0.0111,479,0.0,301.1,None,0.0,0,0,0,0,0.9999,12846368,1110,cpu0_L1D,L1D,15063548,0.645,12233682,0.8121,2829866,0.1879,28.2987,540223,0.0359,23353443,20030415,0.8577,3323028,0.1423,33.2303,840374,0.036,59821,0.0026,610,0.0102,59211,0.9898,0.5921,23,0.0004,8230074,0.3524,7796123,0.9473,433951,0.0527,4.3395,300128,0.0365,93.82,None,0.0,0,0,0,0,0.8121,12233682,2829866,cpu0_L1I,L1I,15121537,1.0,14742909,0.975,378628,0.025,3.7863,144648,0.0096,15121537,14742909,0.975,378628,0.025,3.7863,144648,0.0096,127.1,None,0.0,0,0,0,0,0.975,14742909,378628,cpu0_L2C,L2C,2523620,0.8469,1910123,0.7569,613497,0.2431,6.135,0,0.0,133814,0.0449,35004,0.2616,98810,0.7384,0.9881,0,0.0,2979773,2189835,0.7349,789938,0.2651,7.8994,0,0.0,59188,0.0199,27180,0.4592,32008,0.5408,0.3201,0,0.0,263151,0.0883,217528,0.8266,45623,0.1734,0.4562,0,0.0,304.3,None,0.0,0,0,0,0,0.732,1945127,712307,LLC,LLC,613497,0.6667,21587,0.0352,591910,0.9648,5.9191,0,0.0,98810,0.1074,4225,0.0428,94585,0.9572,0.9458,0,0.0,920266,50251,0.0546,870015,0.9454,8.7001,0,0.0,32008,0.0348,4264,0.1332,27744,0.8668,0.2774,0,0.0,175951,0.1912,20175,0.1147,155776,0.8853,1.5578,0,0.0,264.0,None,0.0,0,0,0,0,0.0362,25812,686495,cpu0_STLB,STLB,1655887,1.0,1626284,0.9821,29603,0.0179,0.296,0,0.0,1655887,1626284,0.9821,29603,0.0179,0.296,0,0.0,347.4,None,0.0,0,0,0,0,0.9821,1626284,29603,0,0,0.6004,166554220,100000002,,core,1,core.1.v1.,v1,,l1d,n,l1d.n.v1.,v1,,l1i,n,l1i.n.v1.,v1,,l2c,n,l2c.n.v1.,v1,,llc,1,llc.1.v1.,v1,,memory,1,memory.1.v2.,v2,,tlbs,n,tlbs.n.v1.,v1,0,1,whiskey_000_1_000.raw,0,myscript_google,whiskey,0.0,0.0,/mnt/storage/traces/gtrace_v2_champsim_myscript/whiskey/whiskey.log,100000000,100000000,1,1,/mnt/storage/traces/gtrace_v2_champsim_myscript/whiskey/whiskey_0000.champsim.gz,0,0,True,
42.6,10.85,0.9406,6.286,1.65,0.9115,0.5403,0.5332,0.9322,cpu0_DTLB,DTLB,26903464,1.0,26409226,0.9816,494238,0.0184,4.9424,210387,0.0078,26903464,26409226,0.9816,494238,0.0184,4.9424,210387,0.0078,9.015,None,0.0,0,0,0,0,0.9816,26409226,494238,cpu0_ITLB,ITLB,8879892,1.0,8879772,1.0,120,0.0,0.0012,58,0.0,8879892,8879772,1.0,120,0.0,0.0012,58,0.0,140.4,None,0.0,0,0,0,0,1.0,8879772,120,cpu0_L1D,L1D,16561429,0.5821,14939142,0.902,1622287,0.098,16.2229,495297,0.0299,28449216,25087446,0.8818,3361770,0.1182,33.6177,1808701,0.0636,2774,0.0001,18,0.0065,2756,0.9935,0.0276,2,0.0007,11885013,0.4178,10148286,0.8539,1736727,0.1461,17.3673,1313402,0.1105,200.5,None,0.0,0,0,0,0,0.902,14939142,1622287,cpu0_L1I,L1I,10697572,1.0,8552847,0.7995,2144725,0.2005,21.4473,795783,0.0744,10697572,8552847,0.7995,2144725,0.2005,21.4473,795783,0.0744,126.3,None,0.0,0,0,0,0,0.7995,8552847,2144725,cpu0_L2C,L2C,2475921,0.706,1391863,0.5622,1084058,0.4378,10.8406,0,0.0,423292,0.1207,101910,0.2408,321382,0.7592,3.2138,0,0.0,3506802,1983095,0.5655,1523707,0.4345,15.2371,0,0.0,2754,0.0008,253,0.0919,2501,0.9081,0.025,0,0.0,604835,0.1725,489069,0.8086,115766,0.1914,1.1577,0,0.0,301.0,None,0.0,0,0,0,0,0.5152,1493773,1405440,LLC,LLC,1084058,0.5924,198332,0.183,885726,0.817,8.8573,0,0.0,321382,0.1756,8540,0.0266,312842,0.9734,3.1284,0,0.0,1830018,252845,0.1382,1577173,0.8618,15.7717,0,0.0,2501,0.0014,18,0.0072,2483,0.9928,0.0248,0,0.0,422077,0.2306,45955,0.1089,376122,0.8911,3.7612,0,0.0,278.5,None,0.0,0,0,0,0,0.1472,206872,1198568,cpu0_STLB,STLB,283913,1.0,282614,0.9954,1299,0.0046,0.013,0,0.0,283913,282614,0.9954,1299,0.0046,0.013,0,0.0,882.8,None,0.0,0,0,0,0,0.9954,282614,1299,45,0,0.4308,232143917,100000000,,core,1,core.1.v1.,v1,,l1d,n,l1d.n.v1.,v1,,l1i,n,l1i.n.v1.,v1,,l2c,n,l2c.n.v1.,v1,,llc,1,llc.1.v1.,v1,,memory,1,memory.1.v2.,v2,,tlbs,n,tlbs.n.v1.,v1,45,1,yankee_045_1_045.raw,45,myscript_google,yankee,0.0,0.0,/mnt/storage/traces/gtrace_v2_champsim_myscript/yankee/yankee.log,None,None,1,1,/mnt/storage/traces/gtrace_v2_champsim_myscript/yankee/yankee_0045.champsim.gz,0,0,True,
45.43,9.587,0.9461,5.726,1.418,0.8515,0.4108,0.4199,0.7604,cpu0_DTLB,DTLB,26472200,1.0,26042152,0.9838,430048,0.0162,4.3005,185214,0.007,26472200,26042152,0.9838,430048,0.0162,4.3005,185214,0.007,9.023,None,0.0,0,0,0,0,0.9838,26042152,430048,cpu0_ITLB,ITLB,9199947,1.0,9199903,1.0,44,0.0,0.0004,5,0.0,9199947,9199903,1.0,44,0.0,0.0004,5,0.0,222.4,None,0.0,0,0,0,0,1.0,9199903,44,cpu0_L1D,L1D,16312752,0.5786,14870048,0.9116,1442704,0.0884,14.427,419084,0.0257,28192131,25094857,0.8901,3097274,0.1099,30.9727,1649885,0.0585,2364,0.0001,4,0.0017,2360,0.9983,0.0236,2,0.0008,11877015,0.4213,10224805,0.8609,1652210,0.1391,16.5221,1230799,0.1036,205.9,None,0.0,0,0,0,0,0.9116,14870048,1442704,cpu0_L1I,L1I,11154014,1.0,9115035,0.8172,2038979,0.1828,20.3898,769334,0.069,11154014,9115035,0.8172,2038979,0.1828,20.3898,769334,0.069,115.7,None,0.0,0,0,0,0,0.8172,9115035,2038979,cpu0_L2C,L2C,2293246,0.6965,1440521,0.6282,852725,0.3718,8.5272,0,0.0,421382,0.128,101548,0.241,319834,0.759,3.1983,0,0.0,3292444,2011795,0.611,1280649,0.389,12.8065,0,0.0,2358,0.0007,179,0.0759,2179,0.9241,0.0218,0,0.0,575458,0.1748,469547,0.816,105911,0.184,1.0591,0,0.0,330.6,None,0.0,0,0,0,0,0.5681,1542069,1172559,LLC,LLC,852725,0.5421,126930,0.1489,725795,0.8511,7.2579,0,0.0,319834,0.2033,14192,0.0444,305642,0.9556,3.0564,0,0.0,1573072,195200,0.1241,1377872,0.8759,13.7787,0,0.0,2179,0.0014,19,0.0087,2160,0.9913,0.0216,0,0.0,398334,0.2532,54059,0.1357,344275,0.8643,3.4427,0,0.0,295.7,None,0.0,0,0,0,0,0.1204,141122,1031437,cpu0_STLB,STLB,244873,1.0,243723,0.9953,1150,0.0047,0.0115,0,0.0,244873,243723,0.9953,1150,0.0047,0.0115,0,0.0,862.7,None,0.0,0,0,0,0,0.9953,243723,1150,3,0,0.5047,198128643,100000002,,core,1,core.1.v1.,v1,,l1d,n,l1d.n.v1.,v1,,l1i,n,l1i.n.v1.,v1,,l2c,n,l2c.n.v1.,v1,,llc,1,llc.1.v1.,v1,,memory,1,memory.1.v2.,v2,,tlbs,n,tlbs.n.v1.,v1,3,1,yankee_003_1_003.raw,3,myscript_google,yankee,0.0,0.0,/mnt/storage/traces/gtrace_v2_champsim_myscript/yankee/yankee.log,None,None,1,1,/mnt/storage/traces/gtrace_v2_champsim_myscript/yankee/yankee_0003.champsim.gz,0,0,True,
69.62,7.049,0.9621,2.968,1.069,1.506,0.2468,0.3097,0.9502,cpu0_DTLB,DTLB,26267815,1.0,25393233,0.9667,874582,0.0333,8.7458,355682,0.0135,26267815,25393233,0.9667,874582,0.0333,8.7458,355682,0.0135,5.36,None,0.0,0,0,0,0,0.9667,25393233,874582,cpu0_ITLB,ITLB,13146529,1.0,13146521,1.0,8,0.0,0.0001,4,0.0,13146529,13146521,1.0,8,0.0,0.0001,4,0.0,1095.0,None,0.0,0,0,0,0,1.0,13146521,8,cpu0_L1D,L1D,15386344,0.5446,13539758,0.88,1846586,0.12,18.4659,456459,0.0297,28251673,24822613,0.8786,3429060,0.1214,34.2906,1580572,0.0559,396,0.0,1,0.0025,395,0.9975,0.0039,0,0.0,12864933,0.4554,11282854,0.877,1582079,0.123,15.8208,1124113,0.0874,125.1,None,0.0,0,0,0,0,0.88,13539758,1846586,cpu0_L1I,L1I,15933844,1.0,8565185,0.5375,7368659,0.4625,73.6866,3008164,0.1888,15933844,8565185,0.5375,7368659,0.4625,73.6866,3008164,0.1888,30.04,None,0.0,0,0,0,0,0.5375,8565185,7368659,cpu0_L2C,L2C,5750587,0.8182,5037715,0.876,712872,0.124,7.1287,0,0.0,457929,0.0652,234987,0.5132,222942,0.4868,2.2294,0,0.0,7028262,6007899,0.8548,1020363,0.1452,10.2036,0,0.0,395,0.0001,16,0.0405,379,0.9595,0.0038,0,0.0,819351,0.1166,735181,0.8973,84170,0.1027,0.8417,0,0.0,309.3,None,0.0,0,0,0,0,0.8493,5272702,935814,LLC,LLC,712872,0.5332,59789,0.0839,653083,0.9161,6.5308,0,0.0,222942,0.1668,17997,0.0807,204945,0.9193,2.0494,0,0.0,1336969,157177,0.1176,1179792,0.8824,11.7979,0,0.0,379,0.0003,6,0.0158,373,0.9842,0.0037,0,0.0,400776,0.2998,79385,0.1981,321391,0.8019,3.2139,0,0.0,257.1,None,0.0,0,0,0,0,0.0831,77786,858028,cpu0_STLB,STLB,518904,1.0,518706,0.9996,198,0.0004,0.002,0,0.0,518904,518706,0.9996,198,0.0004,0.002,0,0.0,964.4,None,0.0,0,0,0,0,0.9996,518706,198,5,0,0.597,167515794,100000002,,core,1,core.1.v1.,v1,,l1d,n,l1d.n.v1.,v1,,l1i,n,l1i.n.v1.,v1,,l2c,n,l2c.n.v1.,v1,,llc,1,llc.1.v1.,v1,,memory,1,memory.1.v2.,v2,,tlbs,n,tlbs.n.v1.,v1,5,1,sierra.a.6_005_1_005.raw,5,myscript_google,sierra.a.6,0.0,0.0,/mnt/storage/traces/gtrace_v2_champsim_myscript/sierra.a.6/sierra.a.6.log,100000000,100000000,1,1,/mnt/storage/traces/gtrace_v2_champsim_myscript/sierra.a.6/sierra.a.6_0005.champsim.gz,0,0,True,
44.95,9.311,0.9501,6.381,0.8639,0.7933,0.3504,0.3214,0.6014,cpu0_DTLB,DTLB,26504055,1.0,26051049,0.9829,453006,0.0171,4.5301,187641,0.0071,26504055,26051049,0.9829,453006,0.0171,4.5301,187641,0.0071,21.02,None,0.0,0,0,0,0,0.9829,26051049,453006,cpu0_ITLB,ITLB,9548816,1.0,9548807,1.0,9,0.0,0.0001,3,0.0,9548816,9548807,1.0,9,0.0,0.0001,3,0.0,1131.0,None,0.0,0,0,0,0,1.0,9548807,9,cpu0_L1D,L1D,17741681,0.6355,15784062,0.8897,1957619,0.1103,19.5762,624251,0.0352,27918065,24575253,0.8803,3342812,0.1197,33.4281,1630594,0.0584,13390,0.0005,70,0.0052,13320,0.9948,0.1332,15,0.0011,10162994,0.364,8791121,0.865,1371873,0.135,13.7187,1006328,0.099,161.6,None,0.0,0,0,0,0,0.8897,15784062,1957619,cpu0_L1I,L1I,11576377,1.0,9577437,0.8273,1998940,0.1727,19.9894,774400,0.0669,11576377,9577437,0.8273,1998940,0.1727,19.9894,774400,0.0669,129.7,None,0.0,0,0,0,0,0.8273,9577437,1998940,cpu0_L2C,L2C,2557899,0.7385,1616428,0.6319,941471,0.3681,9.4147,0,0.0,365499,0.1055,110482,0.3023,255017,0.6977,2.5502,0,0.0,3463725,2162408,0.6243,1301317,0.3757,13.0132,0,0.0,13305,0.0038,1934,0.1454,11371,0.8546,0.1137,0,0.0,527022,0.1522,433564,0.8227,93458,0.1773,0.9346,0,0.0,316.8,None,0.0,0,0,0,0,0.5907,1726910,1196488,LLC,LLC,941471,0.6143,72315,0.0768,869156,0.9232,8.6916,0,0.0,255017,0.1664,10394,0.0408,244623,0.9592,2.4462,0,0.0,1532502,127855,0.0834,1404647,0.9166,14.0465,0,0.0,11371,0.0074,467,0.0411,10904,0.9589,0.109,0,0.0,324643,0.2118,44679,0.1376,279964,0.8624,2.7996,0,0.0,281.3,None,0.0,0,0,0,0,0.0691,82709,1113779,cpu0_STLB,STLB,265371,1.0,259345,0.9773,6026,0.0227,0.0603,0,0.0,265371,259345,0.9773,6026,0.0227,0.0603,0,0.0,705.6,None,0.0,0,0,0,0,0.9773,259345,6026,16,0,0.4471,223643534,100000002,,core,1,core.1.v1.,v1,,l1d,n,l1d.n.v1.,v1,,l1i,n,l1i.n.v1.,v1,,l2c,n,l2c.n.v1.,v1,,llc,1,llc.1.v1.,v1,,memory,1,memory.1.v2.,v2,,tlbs,n,tlbs.n.v1.,v1,16,1,merced_016_1_016.raw,16,myscript_google,merced,0.0,0.0,/mnt/storage/traces/gtrace_v2_champsim_myscript/merced/merced.log,None,None,1,1,/mnt/storage/traces/gtrace_v2_champsim_myscript/merced/merced_0016.champsim.gz,0,0,True,
75.24,5.579,0.9734,4.204,0.1259,0.2184,0.497,0.3622,0.1722,cpu0_DTLB,DTLB,23646963,1.0,23566401,0.9966,80562,0.0034,0.8056,36648,0.0015,23646963,23566401,0.9966,80562,0.0034,0.8056,36648,0.0015,60.85,None,0.0,0,0,0,0,0.9966,23566401,80562,cpu0_ITLB,ITLB,8157026,1.0,8157021,1.0,5,0.0,0.0,1,0.0,8157026,8157021,1.0,5,0.0,0.0,1,0.0,1010.0,None,0.0,0,0,0,0,1.0,8157021,5,cpu0_L1D,L1D,15776598,0.6284,15007532,0.9513,769066,0.0487,7.6907,336745,0.0213,25106542,22799236,0.9081,2307306,0.0919,23.0731,1539000,0.0613,6354,0.0003,30,0.0047,6324,0.9953,0.0632,3,0.0005,9323590,0.3714,7791674,0.8357,1531916,0.1643,15.3192,1202252,0.1289,332.2,None,0.0,0,0,0,0,0.9513,15007532,769066,cpu0_L1I,L1I,9621013,1.0,8787528,0.9134,833485,0.0866,8.3348,354221,0.0368,9621013,8787528,0.9134,833485,0.0866,8.3348,354221,0.0368,68.81,None,0.0,0,0,0,0,0.9134,8787528,833485,cpu0_L2C,L2C,911582,0.5513,645685,0.7083,265897,0.2917,2.659,0,0.0,329662,0.1994,18341,0.0556,311321,0.9444,3.1132,0,0.0,1653433,1015529,0.6142,637904,0.3858,6.379,0,0.0,6321,0.0038,1137,0.1799,5184,0.8201,0.0518,0,0.0,405868,0.2455,350366,0.8633,55502,0.1367,0.555,0,0.0,436.1,None,0.0,0,0,0,0,0.535,664026,577218,LLC,LLC,265897,0.2827,9264,0.0348,256633,0.9652,2.5663,0,0.0,311321,0.331,2030,0.0065,309291,0.9935,3.0929,0,0.0,940569,22574,0.024,917995,0.976,9.1799,0,0.0,5184,0.0055,61,0.0118,5123,0.9882,0.0512,0,0.0,358167,0.3808,11219,0.0313,346948,0.9687,3.4695,0,0.0,296.1,None,0.0,0,0,0,0,0.0196,11294,565924,cpu0_STLB,STLB,43918,1.0,40748,0.9278,3170,0.0722,0.0317,0,0.0,43918,40748,0.9278,3170,0.0722,0.0317,0,0.0,774.0,None,0.0,0,0,0,0,0.9278,40748,3170,0,0,0.8293,120589194,100000002,,core,1,core.1.v1.,v1,,l1d,n,l1d.n.v1.,v1,,l1i,n,l1i.n.v1.,v1,,l2c,n,l2c.n.v1.,v1,,llc,1,llc.1.v1.,v1,,memory,1,memory.1.v2.,v2,,tlbs,n,tlbs.n.v1.,v1,0,1,charlie_000_1_000.raw,0,myscript_google,charlie,0.0,0.0,/mnt/storage/traces/gtrace_v2_champsim_myscript/charlie/charlie.log,100000000,100000000,1,1,/mnt/storage/traces/gtrace_v2_champsim_myscript/charlie/charlie_0000.champsim.gz,0,0,True,
41.94,11.17,0.94,6.57,1.626,1.092,0.4916,0.4899,0.8986,cpu0_DTLB,DTLB,26792206,1.0,26323548,0.9825,468658,0.0175,4.6866,196998,0.0074,26792206,26323548,0.9825,468658,0.0175,4.6866,196998,0.0074,9.301,None,0.0,0,0,0,0,0.9825,26323548,468658,cpu0_ITLB,ITLB,8712284,1.0,8712210,1.0,74,0.0,0.0007,30,0.0,8712284,8712210,1.0,74,0.0,0.0007,30,0.0,204.0,None,0.0,0,0,0,0,1.0,8712210,74,cpu0_L1D,L1D,16657002,0.5876,15018373,0.9016,1638629,0.0984,16.3863,490892,0.0295,28345411,25017198,0.8826,3328213,0.1174,33.2821,1740630,0.0614,3235,0.0001,31,0.0096,3204,0.9904,0.032,2,0.0006,11685174,0.4122,9998794,0.8557,1686380,0.1443,16.8638,1249736,0.107,197.9,None,0.0,0,0,0,0,0.9016,15018373,1638629,cpu0_L1I,L1I,10572103,1.0,8429011,0.7973,2143092,0.2027,21.4309,795501,0.0752,10572103,8429011,0.7973,2143092,0.2027,21.4309,795501,0.0752,130.2,None,0.0,0,0,0,0,0.7973,8429011,2143092,cpu0_L2C,L2C,2495313,0.7047,1533994,0.6148,961319,0.3852,9.6132,0,0.0,436612,0.1233,114261,0.2617,322351,0.7383,3.2235,0,0.0,3540717,2148771,0.6069,1391946,0.3931,13.9195,0,0.0,3202,0.0009,292,0.0912,2910,0.9088,0.0291,0,0.0,605590,0.171,500224,0.826,105366,0.174,1.0537,0,0.0,335.1,None,0.0,0,0,0,0,0.5622,1648255,1283670,LLC,LLC,961319,0.5673,96490,0.1004,864829,0.8996,8.6483,0,0.0,322351,0.1902,10349,0.0321,312002,0.9679,3.12,0,0.0,1694482,156657,0.0925,1537825,0.9075,15.3782,0,0.0,2910,0.0017,35,0.012,2875,0.988,0.0288,0,0.0,407902,0.2407,49783,0.122,358119,0.878,3.5812,0,0.0,291.9,None,0.0,0,0,0,0,0.0832,106839,1176831,cpu0_STLB,STLB,271704,1.0,270234,0.9946,1470,0.0054,0.0147,0,0.0,271704,270234,0.9946,1470,0.0054,0.0147,0,0.0,799.7,None,0.0,0,0,0,0,0.9946,270234,1470,60,0,0.4449,224763050,100000000,,core,1,core.1.v1.,v1,,l1d,n,l1d.n.v1.,v1,,l1i,n,l1i.n.v1.,v1,,l2c,n,l2c.n.v1.,v1,,llc,1,llc.1.v1.,v1,,memory,1,memory.1.v2.,v2,,tlbs,n,tlbs.n.v1.,v1,60,1,yankee_060_1_060.raw,60,myscript_google,yankee,0.0,0.0,/mnt/storage/traces/gtrace_v2_champsim_myscript/yankee/yankee.log,None,None,1,1,/mnt/storage/traces/gtrace_v2_champsim_myscript/yankee/yankee_0060.champsim.gz,0,0,True,
42.78,10.26,0.9453,6.211,1.407,0.933,0.4821,0.4311,0.7995,cpu0_DTLB,DTLB,26828672,1.0,26351566,0.9822,477106,0.0178,4.7711,201654,0.0075,26828672,26351566,0.9822,477106,0.0178,4.7711,201654,0.0075,8.579,None,0.0,0,0,0,0,0.9822,26351566,477106,cpu0_ITLB,ITLB,8948507,1.0,8948409,1.0,98,0.0,0.001,38,0.0,8948507,8948409,1.0,98,0.0,0.001,38,0.0,236.6,None,0.0,0,0,0,0,1.0,8948409,98,cpu0_L1D,L1D,16955816,0.5983,15380055,0.9071,1575761,0.0929,15.7576,461216,0.0272,28338729,25119226,0.8864,3219503,0.1136,32.195,1689446,0.0596,2221,0.0001,9,0.0041,2212,0.9959,0.0221,3,0.0014,11380692,0.4016,9739162,0.8558,1641530,0.1442,16.4153,1228227,0.1079,200.8,None,0.0,0,0,0,0,0.9071,15380055,1575761,cpu0_L1I,L1I,10792373,1.0,8695229,0.8057,2097144,0.1943,20.9714,793576,0.0735,10792373,8695229,0.8057,2097144,0.1943,20.9714,793576,0.0735,128.4,None,0.0,0,0,0,0,0.8057,8695229,2097144,cpu0_L2C,L2C,2418097,0.7073,1446862,0.5983,971235,0.4017,9.7123,0,0.0,413265,0.1209,101797,0.2463,311468,0.7537,3.1147,0,0.0,3418746,2026505,0.5928,1392241,0.4072,13.9224,0,0.0,2209,0.0006,144,0.0652,2065,0.9348,0.0206,0,0.0,585175,0.1712,477702,0.8163,107473,0.1837,1.0747,0,0.0,324.9,None,0.0,0,0,0,0,0.547,1548659,1282703,LLC,LLC,971235,0.5774,144594,0.1489,826641,0.8511,8.2664,0,0.0,311468,0.1852,10013,0.0321,301455,0.9679,3.0145,0,0.0,1682026,202119,0.1202,1479907,0.8798,14.7991,0,0.0,2065,0.0012,9,0.0044,2056,0.9956,0.0206,0,0.0,397258,0.2362,47503,0.1196,349755,0.8804,3.4975,0,0.0,293.7,None,0.0,0,0,0,0,0.1205,154607,1128096,cpu0_STLB,STLB,275512,1.0,274438,0.9961,1074,0.0039,0.0107,0,0.0,275512,274438,0.9961,1074,0.0039,0.0107,0,0.0,929.8,None,0.0,0,0,0,0,0.9961,274438,1074,19,0,0.464,215527332,100000001,,core,1,core.1.v1.,v1,,l1d,n,l1d.n.v1.,v1,,l1i,n,l1i.n.v1.,v1,,l2c,n,l2c.n.v1.,v1,,llc,1,llc.1.v1.,v1,,memory,1,memory.1.v2.,v2,,tlbs,n,tlbs.n.v1.,v1,19,1,yankee_019_1_019.raw,19,myscript_google,yankee,0.0,0.0,/mnt/storage/traces/gtrace_v2_champsim_myscript/yankee/yankee.log,None,None,1,1,/mnt/storage/traces/gtrace_v2_champsim_myscript/yankee/yankee_0019.champsim.gz,0,0,True,
43.94,9.773,0.9463,5.744,1.457,0.8171,0.4754,0.4656,0.8148,cpu0_DTLB,DTLB,25969981,1.0,25472976,0.9809,497005,0.0191,4.97,208095,0.008,25969981,25472976,0.9809,497005,0.0191,4.97,208095,0.008,8.177,None,0.0,0,0,0,0,0.9809,25472976,497005,cpu0_ITLB,ITLB,9514294,1.0,9514207,1.0,87,0.0,0.0009,32,0.0,9514294,9514207,1.0,87,0.0,0.0009,32,0.0,128.0,None,0.0,0,0,0,0,1.0,9514207,87,cpu0_L1D,L1D,16288122,0.5934,14815415,0.9096,1472707,0.0904,14.7271,428400,0.0263,27449877,24416231,0.8895,3033646,0.1105,30.3365,1602256,0.0584,2269,0.0001,13,0.0057,2256,0.9943,0.0226,2,0.0009,11159486,0.4065,9600803,0.8603,1558683,0.1397,15.5868,1173854,0.1052,200.4,None,0.0,0,0,0,0,0.9096,14815415,1472707,cpu0_L1I,L1I,11412605,1.0,9342845,0.8186,2069760,0.1814,20.6976,781983,0.0685,11412605,9342845,0.8186,2069760,0.1814,20.6976,781983,0.0685,127.5,None,0.0,0,0,0,0,0.8186,9342845,2069760,cpu0_L2C,L2C,2332075,0.713,1397960,0.5994,934115,0.4006,9.3411,0,0.0,384791,0.1177,89470,0.2325,295321,0.7675,2.9532,0,0.0,3270566,1933295,0.5911,1337271,0.4089,13.3727,0,0.0,2254,0.0007,170,0.0754,2084,0.9246,0.0208,0,0.0,551446,0.1686,445695,0.8082,105751,0.1918,1.0575,0,0.0,321.3,None,0.0,0,0,0,0,0.5475,1487430,1229436,LLC,LLC,934115,0.5765,112089,0.12,822026,0.88,8.2203,0,0.0,295321,0.1823,8649,0.0293,286672,0.9707,2.8667,0,0.0,1620333,163678,0.101,1456655,0.899,14.5665,0,0.0,2084,0.0013,8,0.0038,2076,0.9962,0.0208,0,0.0,388813,0.24,42932,0.1104,345881,0.8896,3.4588,0,0.0,283.4,None,0.0,0,0,0,0,0.0982,120738,1108698,cpu0_STLB,STLB,288965,1.0,287878,0.9962,1087,0.0038,0.0109,0,0.0,288965,287878,0.9962,1087,0.0038,0.0109,0,0.0,849.5,None,0.0,0,0,0,0,0.9962,287878,1087,26,0,0.4708,212420226,100000002,,core,1,core.1.v1.,v1,,l1d,n,l1d.n.v1.,v1,,l1i,n,l1i.n.v1.,v1,,l2c,n,l2c.n.v1.,v1,,llc,1,llc.1.v1.,v1,,memory,1,memory.1.v2.,v2,,tlbs,n,tlbs.n.v1.,v1,26,1,yankee_026_1_026.raw,26,myscript_google,yankee,0.0,0.0,/mnt/storage/traces/gtrace_v2_champsim_myscript/yankee/yankee.log,None,None,1,1,/mnt/storage/traces/gtrace_v2_champsim_myscript/yankee/yankee_0026.champsim.gz,0,0,True,
44.31,9.208,0.9477,6.327,0.7047,1.18,0.2853,0.239,0.4721,cpu0_DTLB,DTLB,22455844,1.0,21934787,0.9768,521057,0.0232,5.2106,217426,0.0097,22455844,21934787,0.9768,521057,0.0232,5.2106,217426,0.0097,24.95,None,0.0,0,0,0,0,0.9768,21934787,521057,cpu0_ITLB,ITLB,9600734,1.0,9600717,1.0,17,0.0,0.0002,8,0.0,9600734,9600717,1.0,17,0.0,0.0002,8,0.0,924.7,None,0.0,0,0,0,0,1.0,9600717,17,cpu0_L1D,L1D,15180468,0.6426,13583477,0.8948,1596991,0.1052,15.9699,501313,0.033,23623641,20894144,0.8845,2729497,0.1155,27.295,1324243,0.0561,18769,0.0008,126,0.0067,18643,0.9933,0.1864,17,0.0009,8424404,0.3566,7310541,0.8678,1113863,0.1322,11.1386,822913,0.0977,172.6,None,0.0,0,0,0,0,0.8948,13583477,1596991,cpu0_L1I,L1I,11620008,1.0,9803085,0.8436,1816923,0.1564,18.1692,732340,0.063,11620008,9803085,0.8436,1816923,0.1564,18.1692,732340,0.063,105.9,None,0.0,0,0,0,0,0.8436,9803085,1816923,cpu0_L2C,L2C,2180185,0.7469,1391351,0.6382,788834,0.3618,7.8883,0,0.0,290928,0.0997,91683,0.3151,199245,0.6849,1.9925,0,0.0,2919140,1839563,0.6302,1079577,0.3698,10.7958,0,0.0,18626,0.0064,3611,0.1939,15015,0.8061,0.1502,0,0.0,429401,0.1471,352918,0.8219,76483,0.1781,0.7648,0,0.0,312.8,None,0.0,0,0,0,0,0.6001,1483034,988079,LLC,LLC,788834,0.6242,42872,0.0543,745962,0.9457,7.4596,0,0.0,199245,0.1577,9028,0.0453,190217,0.9547,1.9022,0,0.0,1263753,89273,0.0706,1174480,0.9294,11.7448,0,0.0,15015,0.0119,440,0.0293,14575,0.9707,0.1457,0,0.0,260659,0.2063,36933,0.1417,223726,0.8583,2.2373,0,0.0,275.3,None,0.0,0,0,0,0,0.0525,51900,936179,cpu0_STLB,STLB,303640,1.0,295367,0.9728,8273,0.0272,0.0827,0,0.0,303640,295367,0.9728,8273,0.0272,0.0827,0,0.0,732.2,None,0.0,0,0,0,0,0.9728,295367,8273,48,0,0.4934,202655173,100000000,,core,1,core.1.v1.,v1,,l1d,n,l1d.n.v1.,v1,,l1i,n,l1i.n.v1.,v1,,l2c,n,l2c.n.v1.,v1,,llc,1,llc.1.v1.,v1,,memory,1,memory.1.v2.,v2,,tlbs,n,tlbs.n.v1.,v1,48,1,merced_048_1_048.raw,48,myscript_google,merced,0.0,0.0,/mnt/storage/traces/gtrace_v2_champsim_myscript/merced/merced.log,None,None,1,1,/mnt/storage/traces/gtrace_v2_champsim_myscript/merced/merced_0048.champsim.gz,0,0,True,
44.85,9.989,0.945,6.869,0.8333,1.07,0.3965,0.2863,0.5332,cpu0_DTLB,DTLB,24614714,1.0,24143680,0.9809,471034,0.0191,4.7103,195490,0.0079,24614714,24143680,0.9809,471034,0.0191,4.7103,195490,0.0079,22.01,None,0.0,0,0,0,0,0.9809,24143680,471034,cpu0_ITLB,ITLB,8572496,1.0,8572491,1.0,5,0.0,0.0,3,0.0,8572496,8572491,1.0,5,0.0,0.0,3,0.0,904.5,None,0.0,0,0,0,0,1.0,8572491,5,cpu0_L1D,L1D,16608405,0.641,14475788,0.8716,2132617,0.1284,21.3262,725819,0.0437,25911925,22472255,0.8673,3439670,0.1327,34.3967,1682856,0.0649,14337,0.0006,84,0.0059,14253,0.9941,0.1425,17,0.0012,9289183,0.3585,7996383,0.8608,1292800,0.1392,12.928,957020,0.103,154.1,None,0.0,0,0,0,0,0.8716,14475788,2132617,cpu0_L1I,L1I,10442631,1.0,8597187,0.8233,1845444,0.1767,18.4544,723523,0.0693,10442631,8597187,0.8233,1845444,0.1767,18.4544,723523,0.0693,116.4,None,0.0,0,0,0,0,0.8233,8597187,1845444,cpu0_L2C,L2C,2528705,0.7496,1655492,0.6547,873213,0.3453,8.7321,0,0.0,335760,0.0995,96427,0.2872,239333,0.7128,2.3933,0,0.0,3373570,2162789,0.6411,1210781,0.3589,12.1078,0,0.0,14236,0.0042,2502,0.1758,11734,0.8242,0.1173,0,0.0,494869,0.1467,408368,0.8252,86501,0.1748,0.865,0,0.0,312.6,None,0.0,0,0,0,0,0.6116,1751919,1112546,LLC,LLC,873213,0.6101,85258,0.0976,787955,0.9024,7.8795,0,0.0,239333,0.1672,10600,0.0443,228733,0.9557,2.2873,0,0.0,1431176,141879,0.0991,1289297,0.9009,12.893,0,0.0,11734,0.0082,269,0.0229,11465,0.9771,0.1146,0,0.0,306896,0.2144,45752,0.1491,261144,0.8509,2.6114,0,0.0,281.2,None,0.0,0,0,0,0,0.0862,95858,1016688,cpu0_STLB,STLB,275546,1.0,269154,0.9768,6392,0.0232,0.0639,0,0.0,275546,269154,0.9768,6392,0.0232,0.0639,0,0.0,732.5,None,0.0,0,0,0,0,0.9768,269154,6392,67,0,0.4676,213850426,100000001,,core,1,core.1.v1.,v1,,l1d,n,l1d.n.v1.,v1,,l1i,n,l1i.n.v1.,v1,,l2c,n,l2c.n.v1.,v1,,llc,1,llc.1.v1.,v1,,memory,1,memory.1.v2.,v2,,tlbs,n,tlbs.n.v1.,v1,67,1,merced_067_1_067.raw,67,myscript_google,merced,0.0,0.0,/mnt/storage/traces/gtrace_v2_champsim_myscript/merced/merced.log,None,None,1,1,/mnt/storage/traces/gtrace_v2_champsim_myscript/merced/merced_0067.champsim.gz,0,0,True,
70.76,5.059,0.9736,3.164,0.3937,0.4513,0.3081,0.3365,0.4051,cpu0_DTLB,DTLB,25059292,1.0,24667634,0.9844,391658,0.0156,3.9166,168782,0.0067,25059292,24667634,0.9844,391658,0.0156,3.9166,168782,0.0067,28.6,None,0.0,0,0,0,0,0.9844,24667634,391658,cpu0_ITLB,ITLB,11235496,1.0,11235488,1.0,8,0.0,0.0001,1,0.0,11235496,11235488,1.0,8,0.0,0.0001,1,0.0,968.3,None,0.0,0,0,0,0,1.0,11235488,8,cpu0_L1D,L1D,15664172,0.5865,14145668,0.9031,1518504,0.0969,15.185,497363,0.0318,26709541,23658402,0.8858,3051139,0.1142,30.5114,1633917,0.0612,16963,0.0006,95,0.0056,16868,0.9944,0.1687,10,0.0006,11028406,0.4129,9512639,0.8626,1515767,0.1374,15.1577,1136544,0.1031,270.1,None,0.0,0,0,0,0,0.9031,14145668,1518504,cpu0_L1I,L1I,13366520,1.0,12115631,0.9064,1250889,0.0936,12.5089,511946,0.0383,13366520,12115631,0.9064,1250889,0.0936,12.5089,511946,0.0383,108.6,None,0.0,0,0,0,0,0.9064,12115631,1250889,cpu0_L2C,L2C,1760080,0.6533,962640,0.5469,797440,0.4531,7.9744,0,0.0,379214,0.1408,44969,0.1186,334245,0.8814,3.3424,0,0.0,2694227,1463012,0.543,1231215,0.457,12.3121,0,0.0,16858,0.0063,3373,0.2001,13485,0.7999,0.1348,0,0.0,538075,0.1997,452030,0.8401,86045,0.1599,0.8604,0,0.0,361.9,None,0.0,0,0,0,0,0.471,1007609,1131685,LLC,LLC,797440,0.5031,28886,0.0362,768554,0.9638,7.6855,0,0.0,334245,0.2109,4745,0.0142,329500,0.9858,3.295,0,0.0,1584945,63479,0.0401,1521466,0.9599,15.2147,0,0.0,13485,0.0085,322,0.0239,13163,0.9761,0.1316,0,0.0,439775,0.2775,29526,0.0671,410249,0.9329,4.1025,0,0.0,283.0,None,0.0,0,0,0,0,0.0297,33631,1098054,cpu0_STLB,STLB,222883,1.0,214411,0.962,8472,0.038,0.0847,0,0.0,222883,214411,0.962,8472,0.038,0.0847,0,0.0,620.6,None,0.0,0,0,0,0,0.962,214411,8472,21,0,0.4575,218574193,100000001,,core,1,core.1.v1.,v1,,l1d,n,l1d.n.v1.,v1,,l1i,n,l1i.n.v1.,v1,,l2c,n,l2c.n.v1.,v1,,llc,1,llc.1.v1.,v1,,memory,1,memory.1.v2.,v2,,tlbs,n,tlbs.n.v1.,v1,21,1,charlie_021_1_021.raw,21,myscript_google,charlie,0.0,0.0,/mnt/storage/traces/gtrace_v2_champsim_myscript/charlie/charlie.log,100000000,100000000,1,1,/mnt/storage/traces/gtrace_v2_champsim_myscript/charlie/charlie_0021.champsim.gz,0,0,True,
48.99,8.478,0.9587,5.145,0.8582,0.7123,0.3669,0.5746,0.8209,cpu0_DTLB,DTLB,27461982,1.0,27006552,0.9834,455430,0.0166,4.5543,186904,0.0068,27461982,27006552,0.9834,455430,0.0166,4.5543,186904,0.0068,13.5,None,0.0,0,0,0,0,0.9834,27006552,455430,cpu0_ITLB,ITLB,8780557,1.0,8780339,1.0,218,0.0,0.0022,55,0.0,8780557,8780339,1.0,218,0.0,0.0022,55,0.0,250.9,None,0.0,0,0,0,0,1.0,8780339,218,cpu0_L1D,L1D,17822208,0.6023,16601738,0.9315,1220470,0.0685,12.2047,375728,0.0211,29588989,27454348,0.9279,2134641,0.0721,21.3464,1035536,0.035,6206,0.0002,80,0.0129,6126,0.9871,0.0613,18,0.0029,11760575,0.3975,10852530,0.9228,908045,0.0772,9.0804,659790,0.0561,198.5,None,0.0,0,0,0,0,0.9315,16601738,1220470,cpu0_L1I,L1I,10463404,1.0,8473039,0.8098,1990365,0.1902,19.9036,702888,0.0672,10463404,8473039,0.8098,1990365,0.1902,19.9036,702888,0.0672,89.57,None,0.0,0,0,0,0,0.8098,8473039,1990365,cpu0_L2C,L2C,2132211,0.771,1346631,0.6316,785580,0.3684,7.8558,0,0.0,248241,0.0898,63093,0.2542,185148,0.7458,1.8515,0,0.0,2765556,1713605,0.6196,1051951,0.3804,10.5195,0,0.0,6108,0.0022,1147,0.1878,4961,0.8122,0.0496,0,0.0,378996,0.137,302734,0.7988,76262,0.2012,0.7626,0,0.0,299.3,None,0.0,0,0,0,0,0.5922,1409724,970728,LLC,LLC,785580,0.6377,65143,0.0829,720437,0.9171,7.2044,0,0.0,185148,0.1503,6258,0.0338,178890,0.9662,1.7889,0,0.0,1231943,105081,0.0853,1126862,0.9147,11.2686,0,0.0,4961,0.004,58,0.0117,4903,0.9883,0.049,0,0.0,256254,0.208,33622,0.1312,222632,0.8688,2.2263,0,0.0,267.2,None,0.0,0,0,0,0,0.0736,71401,899327,cpu0_STLB,STLB,268689,1.0,265859,0.9895,2830,0.0105,0.0283,0,0.0,268689,265859,0.9895,2830,0.0105,0.0283,0,0.0,820.0,None,0.0,0,0,0,0,0.9895,265859,2830,13,0,0.5211,191908749,100000003,,core,1,core.1.v1.,v1,,l1d,n,l1d.n.v1.,v1,,l1i,n,l1i.n.v1.,v1,,l2c,n,l2c.n.v1.,v1,,llc,1,llc.1.v1.,v1,,memory,1,memory.1.v2.,v2,,tlbs,n,tlbs.n.v1.,v1,13,1,tahoe_013_1_013.raw,13,myscript_google,tahoe,0.0,0.0,/mnt/storage/traces/gtrace_v2_champsim_myscript/tahoe/tahoe.log,100000000,100000000,1,1,/mnt/storage/traces/gtrace_v2_champsim_myscript/tahoe/tahoe_0013.champsim.gz,0,0,True,
45.37,9.165,0.9487,6.287,0.7389,1.108,0.2827,0.2538,0.4952,cpu0_DTLB,DTLB,22243368,1.0,21730525,0.9769,512843,0.0231,5.1284,216124,0.0097,22243368,21730525,0.9769,512843,0.0231,5.1284,216124,0.0097,25.03,None,0.0,0,0,0,0,0.9769,21730525,512843,cpu0_ITLB,ITLB,9528416,1.0,9528408,1.0,8,0.0,0.0001,4,0.0,9528416,9528408,1.0,8,0.0,0.0001,4,0.0,1037.0,None,0.0,0,0,0,0,1.0,9528408,8,cpu0_L1D,L1D,14937718,0.6371,13439616,0.8997,1498102,0.1003,14.981,455555,0.0305,23446212,20932894,0.8928,2513318,0.1072,25.1332,1197960,0.0511,18296,0.0008,107,0.0058,18189,0.9942,0.1819,30,0.0016,8490198,0.3621,7493171,0.8826,997027,0.1174,9.9703,742375,0.0874,163.9,None,0.0,0,0,0,0,0.8997,13439616,1498102,cpu0_L1I,L1I,11572526,1.0,9667484,0.8354,1905042,0.1646,19.0504,770155,0.0666,11572526,9667484,0.8354,1905042,0.1646,19.0504,770155,0.0666,90.72,None,0.0,0,0,0,0,0.8354,9667484,1905042,cpu0_L2C,L2C,2177423,0.7682,1450526,0.6662,726897,0.3338,7.269,0,0.0,254635,0.0898,69998,0.2749,184637,0.7251,1.8464,0,0.0,2834510,1838646,0.6487,995864,0.3513,9.9586,0,0.0,18159,0.0064,3476,0.1914,14683,0.8086,0.1468,0,0.0,384293,0.1356,314646,0.8188,69647,0.1812,0.6965,0,0.0,300.5,None,0.0,0,0,0,0,0.6252,1520524,911534,LLC,LLC,726897,0.626,57353,0.0789,669544,0.9211,6.6954,0,0.0,184637,0.159,5886,0.0319,178751,0.9681,1.7875,0,0.0,1161093,94297,0.0812,1066796,0.9188,10.668,0,0.0,14683,0.0126,385,0.0262,14298,0.9738,0.143,0,0.0,234876,0.2023,30673,0.1306,204203,0.8694,2.042,0,0.0,268.2,None,0.0,0,0,0,0,0.0694,63239,848295,cpu0_STLB,STLB,296723,1.0,288583,0.9726,8140,0.0274,0.0814,0,0.0,296723,288583,0.9726,8140,0.0274,0.0814,0,0.0,729.6,None,0.0,0,0,0,0,0.9726,288583,8140,41,0,0.5296,188835661,100000003,,core,1,core.1.v1.,v1,,l1d,n,l1d.n.v1.,v1,,l1i,n,l1i.n.v1.,v1,,l2c,n,l2c.n.v1.,v1,,llc,1,llc.1.v1.,v1,,memory,1,memory.1.v2.,v2,,tlbs,n,tlbs.n.v1.,v1,41,1,merced_041_1_041.raw,41,myscript_google,merced,0.0,0.0,/mnt/storage/traces/gtrace_v2_champsim_myscript/merced/merced.log,None,None,1,1,/mnt/storage/traces/gtrace_v2_champsim_myscript/merced/merced_0041.champsim.gz,0,0,True,
70.37,5.711,0.9684,4.356,0.0963,0.2736,0.2075,0.1502,0.6282,cpu0_DTLB,DTLB,26189338,1.0,25601177,0.9775,588161,0.0225,5.8816,194400,0.0074,26189338,25601177,0.9775,588161,0.0225,5.8816,194400,0.0074,5.231,None,0.0,0,0,0,0,0.9775,25601177,588161,cpu0_ITLB,ITLB,9757213,1.0,9757207,1.0,6,0.0,0.0001,1,0.0,9757213,9757207,1.0,6,0.0,0.0001,1,0.0,870.4,None,0.0,0,0,0,0,1.0,9757207,6,cpu0_L1D,L1D,16659110,0.5991,14022854,0.8418,2636256,0.1582,26.3626,982158,0.059,27808818,23888638,0.859,3920180,0.141,39.2018,1971717,0.0709,192,0.0,0,0.0,192,1.0,0.0019,0,0.0,11149516,0.4009,9865784,0.8849,1283732,0.1151,12.8373,989559,0.0888,168.4,None,0.0,0,0,0,0,0.8418,14022854,2636256,cpu0_L1I,L1I,11374948,1.0,9724210,0.8549,1650738,0.1451,16.5074,684157,0.0601,11374948,9724210,0.8549,1650738,0.1451,16.5074,684157,0.0601,32.68,None,0.0,0,0,0,0,0.8549,9724210,1650738,cpu0_L2C,L2C,2620647,0.7246,1653671,0.631,966976,0.369,9.6698,0,0.0,294155,0.0813,134506,0.4573,159649,0.5427,1.5965,0,0.0,3616436,2416067,0.6681,1200369,0.3319,12.0037,0,0.0,192,0.0001,4,0.0208,188,0.9792,0.0019,0,0.0,701442,0.194,627886,0.8951,73556,0.1049,0.7356,0,0.0,280.1,None,0.0,0,0,0,0,0.6135,1788177,1126625,LLC,LLC,966976,0.6496,81257,0.084,885719,0.916,8.8572,0,0.0,159649,0.1072,26994,0.1691,132655,0.8309,1.3265,0,0.0,1488659,193477,0.13,1295182,0.87,12.9518,0,0.0,188,0.0001,0,0.0,188,1.0,0.0019,0,0.0,361846,0.2431,85226,0.2355,276620,0.7645,2.7662,0,0.0,247.5,None,0.0,0,0,0,0,0.0961,108251,1018374,cpu0_STLB,STLB,393766,1.0,393671,0.9998,95,0.0002,0.0009,0,0.0,393766,393671,0.9998,95,0.0002,0.0009,0,0.0,1003.0,None,0.0,0,0,0,0,0.9998,393671,95,0,0,0.4667,214281909,100000002,,core,1,core.1.v1.,v1,,l1d,n,l1d.n.v1.,v1,,l1i,n,l1i.n.v1.,v1,,l2c,n,l2c.n.v1.,v1,,llc,1,llc.1.v1.,v1,,memory,1,memory.1.v2.,v2,,tlbs,n,tlbs.n.v1.,v1,0,1,delta_000_1_000.raw,0,myscript_google,delta,0.0,0.0,/mnt/storage/traces/gtrace_v2_champsim_myscript/delta/delta.log,100000000,100000000,1,1,/mnt/storage/traces/gtrace_v2_champsim_myscript/delta/delta_0000.champsim.gz,0,0,True,
38.5,7.249,0.9646,5.4,0.5027,0.6941,0.1029,0.1181,0.431,cpu0_DTLB,DTLB,20505531,1.0,20111935,0.9808,393596,0.0192,3.936,165818,0.0081,20505531,20111935,0.9808,393596,0.0192,3.936,165818,0.0081,8.498,None,0.0,0,0,0,0,0.9808,20111935,393596,cpu0_ITLB,ITLB,13815628,1.0,13815576,1.0,52,0.0,0.0005,25,0.0,13815628,13815576,1.0,52,0.0,0.0005,25,0.0,941.8,None,0.0,0,0,0,0,1.0,13815576,52,cpu0_L1D,L1D,13901628,0.6503,9786921,0.704,4114707,0.296,41.1471,1881424,0.1353,21375698,16387971,0.7667,4987727,0.2333,49.8773,2469400,0.1155,1699,0.0001,6,0.0035,1693,0.9965,0.0169,3,0.0018,7472371,0.3496,6601044,0.8834,871327,0.1166,8.7133,587973,0.0787,276.1,None,0.0,0,0,0,0,0.704,9786921,4114707,cpu0_L1I,L1I,15808241,1.0,13304325,0.8416,2503916,0.1584,25.0392,987303,0.0625,15808241,13304325,0.8416,2503916,0.1584,25.0392,987303,0.0625,69.19,None,0.0,0,0,0,0,0.8416,13304325,2503916,cpu0_L2C,L2C,3749885,0.8256,1617055,0.4312,2132830,0.5688,21.3283,0,0.0,283343,0.0624,79728,0.2814,203615,0.7186,2.0361,0,0.0,4542058,2088824,0.4599,2453234,0.5401,24.5323,0,0.0,1690,0.0004,266,0.1574,1424,0.8426,0.0142,0,0.0,507140,0.1117,391775,0.7725,115365,0.2275,1.1536,0,0.0,312.8,None,0.0,0,0,0,0,0.4207,1696783,2336445,LLC,LLC,2132830,0.7912,35501,0.0166,2097329,0.9834,20.9733,0,0.0,203615,0.0755,7226,0.0355,196389,0.9645,1.9639,0,0.0,2695552,84065,0.0312,2611487,0.9688,26.1149,0,0.0,1424,0.0005,9,0.0063,1415,0.9937,0.0141,0,0.0,357683,0.1327,41329,0.1155,316354,0.8845,3.1635,0,0.0,280.5,None,0.0,0,0,0,0,0.0183,42727,2293718,cpu0_STLB,STLB,227805,1.0,226960,0.9963,845,0.0037,0.0084,0,0.0,227805,226960,0.9963,845,0.0037,0.0084,0,0.0,971.7,None,0.0,0,0,0,0,0.9963,226960,845,10,0,0.2769,361076261,100000001,,core,1,core.1.v1.,v1,,l1d,n,l1d.n.v1.,v1,,l1i,n,l1i.n.v1.,v1,,l2c,n,l2c.n.v1.,v1,,llc,1,llc.1.v1.,v1,,memory,1,memory.1.v2.,v2,,tlbs,n,tlbs.n.v1.,v1,10,1,sierra.a.6_010_1_010.raw,10,myscript_google,sierra.a.6,0.0,0.0,/mnt/storage/traces/gtrace_v2_champsim_myscript/sierra.a.6/sierra.a.6.log,100000000,100000000,1,1,/mnt/storage/traces/gtrace_v2_champsim_myscript/sierra.a.6/sierra.a.6_0010.champsim.gz,0,0,True,
46.03,8.584,0.9539,5.211,0.9624,0.7433,0.4293,0.362,0.8758,cpu0_DTLB,DTLB,26527624,1.0,26109081,0.9842,418543,0.0158,4.1854,176231,0.0066,26527624,26109081,0.9842,418543,0.0158,4.1854,176231,0.0066,16.48,None,0.0,0,0,0,0,0.9842,26109081,418543,cpu0_ITLB,ITLB,9674189,1.0,9673931,1.0,258,0.0,0.0026,58,0.0,9674189,9673931,1.0,258,0.0,0.0026,58,0.0,258.5,None,0.0,0,0,0,0,1.0,9673931,258,cpu0_L1D,L1D,16011320,0.5668,14232838,0.8889,1778482,0.1111,17.7848,602341,0.0376,28247461,25386872,0.8987,2860589,0.1013,28.6059,1380342,0.0489,7448,0.0003,71,0.0095,7377,0.9905,0.0738,10,0.0013,12228693,0.4329,11153963,0.9121,1074730,0.0879,10.7473,777991,0.0636,244.5,None,0.0,0,0,0,0,0.8889,14232838,1778482,cpu0_L1I,L1I,11620854,1.0,9490032,0.8166,2130822,0.1834,21.3082,759307,0.0653,11620854,9490032,0.8166,2130822,0.1834,21.3082,759307,0.0653,102.1,None,0.0,0,0,0,0,0.8166,9490032,2130822,cpu0_L2C,L2C,2547644,0.7612,1433195,0.5626,1114449,0.4374,11.1445,0,0.0,296724,0.0887,68948,0.2324,227776,0.7676,2.2778,0,0.0,3346666,1872790,0.5596,1473876,0.4404,14.7388,0,0.0,7367,0.0022,1189,0.1614,6178,0.8386,0.0618,0,0.0,494931,0.1479,369458,0.7465,125473,0.2535,1.2547,0,0.0,325.3,None,0.0,0,0,0,0,0.5281,1502143,1342225,LLC,LLC,1114449,0.6539,48224,0.0433,1066225,0.9567,10.6622,0,0.0,227776,0.1336,6193,0.0272,221583,0.9728,2.2158,0,0.0,1704428,93437,0.0548,1610991,0.9452,16.1099,0,0.0,6178,0.0036,29,0.0047,6149,0.9953,0.0615,0,0.0,356025,0.2089,38991,0.1095,317034,0.8905,3.1703,0,0.0,285.7,None,0.0,0,0,0,0,0.0405,54417,1287808,cpu0_STLB,STLB,242512,1.0,239156,0.9862,3356,0.0138,0.0336,0,0.0,242512,239156,0.9862,3356,0.0138,0.0336,0,0.0,842.9,None,0.0,0,0,0,0,0.9862,239156,3356,15,0,0.4302,232471616,100000001,,core,1,core.1.v1.,v1,,l1d,n,l1d.n.v1.,v1,,l1i,n,l1i.n.v1.,v1,,l2c,n,l2c.n.v1.,v1,,llc,1,llc.1.v1.,v1,,memory,1,memory.1.v2.,v2,,tlbs,n,tlbs.n.v1.,v1,15,1,tahoe_015_1_015.raw,15,myscript_google,tahoe,0.0,0.0,/mnt/storage/traces/gtrace_v2_champsim_myscript/tahoe/tahoe.log,100000000,100000000,1,1,/mnt/storage/traces/gtrace_v2_champsim_myscript/tahoe/tahoe_0015.champsim.gz,0,0,True,
45.96,9.615,0.946,6.768,0.7287,1.001,0.3553,0.263,0.4979,cpu0_DTLB,DTLB,23013487,1.0,22553443,0.98,460044,0.02,4.6004,190311,0.0083,23013487,22553443,0.98,460044,0.02,4.6004,190311,0.0083,22.81,None,0.0,0,0,0,0,0.98,22553443,460044,cpu0_ITLB,ITLB,8854961,1.0,8854955,1.0,6,0.0,0.0001,2,0.0,8854961,8854955,1.0,6,0.0,0.0001,2,0.0,1216.0,None,0.0,0,0,0,0,1.0,8854955,6,cpu0_L1D,L1D,15592761,0.6443,13876321,0.8899,1716440,0.1101,17.1644,523420,0.0336,24202739,21335481,0.8815,2867258,0.1185,28.6726,1371635,0.0567,14330,0.0006,67,0.0047,14263,0.9953,0.1426,8,0.0006,8595648,0.3552,7459093,0.8678,1136555,0.1322,11.3655,848207,0.0987,173.1,None,0.0,0,0,0,0,0.8899,13876321,1716440,cpu0_L1I,L1I,10743376,1.0,8784123,0.8176,1959253,0.1824,19.5925,781497,0.0727,10743376,8784123,0.8176,1959253,0.1824,19.5925,781497,0.0727,97.73,None,0.0,0,0,0,0,0.8176,8784123,1959253,cpu0_L2C,L2C,2370765,0.7636,1510268,0.637,860497,0.363,8.605,0,0.0,288330,0.0929,79026,0.2741,209304,0.7259,2.093,0,0.0,3104662,1944571,0.6263,1160091,0.3737,11.6009,0,0.0,14255,0.0046,2455,0.1722,11800,0.8278,0.118,0,0.0,431312,0.1389,352822,0.818,78490,0.182,0.7849,0,0.0,304.2,None,0.0,0,0,0,0,0.5977,1589294,1069801,LLC,LLC,860497,0.636,47068,0.0547,813429,0.9453,8.1343,0,0.0,209304,0.1547,7891,0.0377,201413,0.9623,2.0141,0,0.0,1353047,91492,0.0676,1261555,0.9324,12.6155,0,0.0,11800,0.0087,125,0.0106,11675,0.9894,0.1167,0,0.0,271446,0.2006,36408,0.1341,235038,0.8659,2.3504,0,0.0,267.5,None,0.0,0,0,0,0,0.0514,54959,1014842,cpu0_STLB,STLB,269737,1.0,263382,0.9764,6355,0.0236,0.0635,0,0.0,269737,263382,0.9764,6355,0.0236,0.0635,0,0.0,755.5,None,0.0,0,0,0,0,0.9764,263382,6355,39,0,0.4579,218373451,100000003,,core,1,core.1.v1.,v1,,l1d,n,l1d.n.v1.,v1,,l1i,n,l1i.n.v1.,v1,,l2c,n,l2c.n.v1.,v1,,llc,1,llc.1.v1.,v1,,memory,1,memory.1.v2.,v2,,tlbs,n,tlbs.n.v1.,v1,39,1,merced_039_1_039.raw,39,myscript_google,merced,0.0,0.0,/mnt/storage/traces/gtrace_v2_champsim_myscript/merced/merced.log,None,None,1,1,/mnt/storage/traces/gtrace_v2_champsim_myscript/merced/merced_0039.champsim.gz,0,0,True,
42.98,10.06,0.947,5.768,1.215,0.9816,0.4278,0.5742,1.097,cpu0_DTLB,DTLB,27503089,1.0,27009758,0.9821,493331,0.0179,4.9333,204650,0.0074,27503089,27009758,0.9821,493331,0.0179,4.9333,204650,0.0074,15.01,None,0.0,0,0,0,0,0.9821,27009758,493331,cpu0_ITLB,ITLB,9601553,1.0,9601201,1.0,352,0.0,0.0035,115,0.0,9601553,9601201,1.0,352,0.0,0.0035,115,0.0,161.2,None,0.0,0,0,0,0,1.0,9601201,352,cpu0_L1D,L1D,17120599,0.5821,15580192,0.91,1540407,0.09,15.4041,461463,0.027,29412608,26651660,0.9061,2760948,0.0939,27.6095,1347734,0.0458,8231,0.0003,110,0.0134,8121,0.9866,0.0812,16,0.0019,12283778,0.4176,11071358,0.9013,1212420,0.0987,12.1242,886255,0.0721,194.7,None,0.0,0,0,0,0,0.91,15580192,1540407,cpu0_L1I,L1I,11528470,1.0,8856445,0.7682,2672025,0.2318,26.7202,944018,0.0819,11528470,8856445,0.7682,2672025,0.2318,26.7202,944018,0.0819,91.55,None,0.0,0,0,0,0,0.7682,8856445,2672025,cpu0_L2C,L2C,2806941,0.7737,1802422,0.6421,1004519,0.3579,10.0452,0,0.0,326146,0.0899,79378,0.2434,246768,0.7566,2.4677,0,0.0,3628167,2271601,0.6261,1356566,0.3739,13.5657,0,0.0,8105,0.0022,1308,0.1614,6797,0.8386,0.068,0,0.0,486975,0.1342,388493,0.7978,98482,0.2022,0.9848,0,0.0,301.4,None,0.0,0,0,0,0,0.6006,1881800,1251287,LLC,LLC,1004519,0.6338,62863,0.0626,941656,0.9374,9.4166,0,0.0,246768,0.1557,9473,0.0384,237295,0.9616,2.3729,0,0.0,1584989,119235,0.0752,1465754,0.9248,14.6575,0,0.0,6797,0.0043,66,0.0097,6731,0.9903,0.0673,0,0.0,326905,0.2063,46833,0.1433,280072,0.8567,2.8007,0,0.0,266.7,None,0.0,0,0,0,0,0.0578,72336,1178951,cpu0_STLB,STLB,288918,1.0,285193,0.9871,3725,0.0129,0.0372,0,0.0,288918,285193,0.9871,3725,0.0129,0.0372,0,0.0,784.9,None,0.0,0,0,0,0,0.9871,285193,3725,34,0,0.428,233660075,100000002,,core,1,core.1.v1.,v1,,l1d,n,l1d.n.v1.,v1,,l1i,n,l1i.n.v1.,v1,,l2c,n,l2c.n.v1.,v1,,llc,1,llc.1.v1.,v1,,memory,1,memory.1.v2.,v2,,tlbs,n,tlbs.n.v1.,v1,34,1,tahoe_034_1_034.raw,34,myscript_google,tahoe,0.0,0.0,/mnt/storage/traces/gtrace_v2_champsim_myscript/tahoe/tahoe.log,100000000,100000000,1,1,/mnt/storage/traces/gtrace_v2_champsim_myscript/tahoe/tahoe_0034.champsim.gz,0,0,True,
41.42,10.78,0.9422,6.424,1.461,1.002,0.5478,0.4758,0.8657,cpu0_DTLB,DTLB,26686722,1.0,26197897,0.9817,488825,0.0183,4.8883,209233,0.0078,26686722,26197897,0.9817,488825,0.0183,4.8883,209233,0.0078,8.895,None,0.0,0,0,0,0,0.9817,26197897,488825,cpu0_ITLB,ITLB,8696048,1.0,8695951,1.0,97,0.0,0.001,49,0.0,8696048,8695951,1.0,97,0.0,0.001,49,0.0,159.7,None,0.0,0,0,0,0,1.0,8695951,97,cpu0_L1D,L1D,16674932,0.5919,15014716,0.9004,1660216,0.0996,16.6022,519852,0.0312,28173640,24824228,0.8811,3349412,0.1189,33.4941,1798401,0.0638,2840,0.0001,11,0.0039,2829,0.9961,0.0283,5,0.0018,11495868,0.408,9809501,0.8533,1686367,0.1467,16.8637,1278544,0.1112,205.4,None,0.0,0,0,0,0,0.9004,15014716,1660216,cpu0_L1I,L1I,10468275,1.0,8471438,0.8092,1996837,0.1908,19.9684,747390,0.0714,10468275,8471438,0.8092,1996837,0.1908,19.9684,747390,0.0714,129.3,None,0.0,0,0,0,0,0.8092,8471438,1996837,cpu0_L2C,L2C,2389800,0.7067,1385707,0.5798,1004093,0.4202,10.0409,0,0.0,407791,0.1206,91380,0.2241,316411,0.7759,3.1641,0,0.0,3381632,1944840,0.5751,1436792,0.4249,14.3679,0,0.0,2824,0.0008,189,0.0669,2635,0.9331,0.0263,0,0.0,581217,0.1719,467564,0.8045,113653,0.1955,1.1365,0,0.0,318.7,None,0.0,0,0,0,0,0.528,1477087,1320504,LLC,LLC,1004093,0.5781,164752,0.1641,839341,0.8359,8.3934,0,0.0,316411,0.1822,8430,0.0266,307981,0.9734,3.0798,0,0.0,1736929,219646,0.1265,1517283,0.8735,15.1728,0,0.0,2635,0.0015,19,0.0072,2616,0.9928,0.0262,0,0.0,413790,0.2382,46445,0.1122,367345,0.8878,3.6734,0,0.0,289.9,None,0.0,0,0,0,0,0.1311,173182,1147322,cpu0_STLB,STLB,279640,1.0,278317,0.9953,1323,0.0047,0.0132,0,0.0,279640,278317,0.9953,1323,0.0047,0.0132,0,0.0,827.7,None,0.0,0,0,0,0,0.9953,278317,1323,16,0,0.4464,224018984,100000000,,core,1,core.1.v1.,v1,,l1d,n,l1d.n.v1.,v1,,l1i,n,l1i.n.v1.,v1,,l2c,n,l2c.n.v1.,v1,,llc,1,llc.1.v1.,v1,,memory,1,memory.1.v2.,v2,,tlbs,n,tlbs.n.v1.,v1,16,1,yankee_016_1_016.raw,16,myscript_google,yankee,0.0,0.0,/mnt/storage/traces/gtrace_v2_champsim_myscript/yankee/yankee.log,None,None,1,1,/mnt/storage/traces/gtrace_v2_champsim_myscript/yankee/yankee_0016.champsim.gz,0,0,True,
59.7,8.175,0.9597,5.542,0.6329,0.5116,0.3176,0.4748,0.6965,cpu0_DTLB,DTLB,28109740,1.0,27606573,0.9821,503167,0.0179,5.0317,203838,0.0073,28109740,27606573,0.9821,503167,0.0179,5.0317,203838,0.0073,12.04,None,0.0,0,0,0,0,0.9821,27606573,503167,cpu0_ITLB,ITLB,6614515,1.0,6614373,1.0,142,0.0,0.0014,32,0.0,6614515,6614373,1.0,142,0.0,0.0014,32,0.0,245.7,None,0.0,0,0,0,0,1.0,6614373,142,cpu0_L1D,L1D,18993033,0.6353,17653255,0.9295,1339778,0.0705,13.3978,454431,0.0239,29896182,27814045,0.9304,2082137,0.0696,20.8214,989519,0.0331,5537,0.0002,40,0.0072,5497,0.9928,0.055,21,0.0038,10897612,0.3645,10160750,0.9324,736862,0.0676,7.3686,535067,0.0491,189.0,None,0.0,0,0,0,0,0.9295,17653255,1339778,cpu0_L1I,L1I,7863364,1.0,6379749,0.8113,1483615,0.1887,14.8361,527643,0.0671,7863364,6379749,0.8113,1483615,0.1887,14.8361,527643,0.0671,89.03,None,0.0,0,0,0,0,0.8113,6379749,1483615,cpu0_L2C,L2C,1841308,0.7753,1124464,0.6107,716844,0.3893,7.1684,0,0.0,201787,0.085,52701,0.2612,149086,0.7388,1.4909,0,0.0,2374957,1444246,0.6081,930711,0.3919,9.3071,0,0.0,5476,0.0023,998,0.1822,4478,0.8178,0.0448,0,0.0,326386,0.1374,266083,0.8152,60303,0.1848,0.603,0,0.0,296.0,None,0.0,0,0,0,0,0.5762,1177165,865930,LLC,LLC,716844,0.6625,49324,0.0688,667520,0.9312,6.6752,0,0.0,149085,0.1378,7785,0.0522,141300,0.9478,1.413,0,0.0,1082072,92696,0.0857,989376,0.9143,9.8938,0,0.0,4478,0.0041,37,0.0083,4441,0.9917,0.0444,0,0.0,211665,0.1956,35550,0.168,176115,0.832,1.7611,0,0.0,265.7,None,0.0,0,0,0,0,0.066,57109,808820,cpu0_STLB,STLB,299439,1.0,296967,0.9917,2472,0.0083,0.0247,0,0.0,299439,296967,0.9917,2472,0.0083,0.0247,0,0.0,862.4,None,0.0,0,0,0,0,0.9917,296967,2472,26,0,0.5498,181894551,100000000,,core,1,core.1.v1.,v1,,l1d,n,l1d.n.v1.,v1,,l1i,n,l1i.n.v1.,v1,,l2c,n,l2c.n.v1.,v1,,llc,1,llc.1.v1.,v1,,memory,1,memory.1.v2.,v2,,tlbs,n,tlbs.n.v1.,v1,26,1,tahoe_026_1_026.raw,26,myscript_google,tahoe,0.0,0.0,/mnt/storage/traces/gtrace_v2_champsim_myscript/tahoe/tahoe.log,100000000,100000000,1,1,/mnt/storage/traces/gtrace_v2_champsim_myscript/tahoe/tahoe_0026.champsim.gz,0,0,True,
70.7,6.02,0.9684,3.514,0.3024,0.8153,0.5151,0.3363,0.537,cpu0_DTLB,DTLB,24763123,1.0,24029723,0.9704,733400,0.0296,7.334,315908,0.0128,24763123,24029723,0.9704,733400,0.0296,7.334,315908,0.0128,6.97,None,0.0,0,0,0,0,0.9704,24029723,733400,cpu0_ITLB,ITLB,10762398,1.0,10762295,1.0,103,0.0,0.001,29,0.0,10762398,10762295,1.0,103,0.0,0.001,29,0.0,223.0,None,0.0,0,0,0,0,1.0,10762295,103,cpu0_L1D,L1D,15808571,0.6047,13327780,0.8431,2480791,0.1569,24.8079,925769,0.0586,26144394,22776328,0.8712,3368066,0.1288,33.6807,1586899,0.0607,2146,0.0001,41,0.0191,2105,0.9809,0.021,4,0.0019,10333677,0.3953,9448507,0.9143,885170,0.0857,8.8517,661126,0.064,140.4,None,0.0,0,0,0,0,0.8431,13327780,2480791,cpu0_L1I,L1I,12599112,1.0,10939735,0.8683,1659377,0.1317,16.5938,648095,0.0514,12599112,10939735,0.8683,1659377,0.1317,16.5938,648095,0.0514,64.81,None,0.0,0,0,0,0,0.8683,10939735,1659377,cpu0_L2C,L2C,2566295,0.754,1806745,0.704,759550,0.296,7.5955,0,0.0,224029,0.0658,78505,0.3504,145524,0.6496,1.4552,0,0.0,3403789,2432779,0.7147,971010,0.2853,9.7101,0,0.0,2101,0.0006,458,0.218,1643,0.782,0.0164,0,0.0,611364,0.1796,547071,0.8948,64293,0.1052,0.6429,0,0.0,302.3,None,0.0,0,0,0,0,0.6756,1885250,905074,LLC,LLC,759550,0.6517,33702,0.0444,725848,0.9556,7.2585,0,0.0,145524,0.1249,5506,0.0378,140018,0.9622,1.4002,0,0.0,1165407,74058,0.0635,1091349,0.9365,10.9135,0,0.0,1643,0.0014,22,0.0134,1621,0.9866,0.0162,0,0.0,258690,0.222,34828,0.1346,223862,0.8654,2.2386,0,0.0,257.3,None,0.0,0,0,0,0,0.0433,39208,865866,cpu0_STLB,STLB,417566,1.0,416576,0.9976,990,0.0024,0.0099,0,0.0,417566,416576,0.9976,990,0.0024,0.0099,0,0.0,846.0,None,0.0,0,0,0,0,0.9976,416576,990,4,0,0.5508,181541287,100000001,,core,1,core.1.v1.,v1,,l1d,n,l1d.n.v1.,v1,,l1i,n,l1i.n.v1.,v1,,l2c,n,l2c.n.v1.,v1,,llc,1,llc.1.v1.,v1,,memory,1,memory.1.v2.,v2,,tlbs,n,tlbs.n.v1.,v1,4,1,tahoe_004_1_004.raw,4,myscript_google,tahoe,0.0,0.0,/mnt/storage/traces/gtrace_v2_champsim_myscript/tahoe/tahoe.log,100000000,100000000,1,1,/mnt/storage/traces/gtrace_v2_champsim_myscript/tahoe/tahoe_0004.champsim.gz,0,0,True,
46.8,8.888,0.9511,6.19,0.7686,0.7456,0.3621,0.2803,0.5412,cpu0_DTLB,DTLB,24855562,1.0,24380096,0.9809,475466,0.0191,4.7547,199080,0.008,24855562,24380096,0.9809,475466,0.0191,4.7547,199080,0.008,24.64,None,0.0,0,0,0,0,0.9809,24380096,475466,cpu0_ITLB,ITLB,9578852,1.0,9578840,1.0,12,0.0,0.0001,6,0.0,9578852,9578840,1.0,12,0.0,0.0001,6,0.0,1479.0,None,0.0,0,0,0,0,1.0,9578840,12,cpu0_L1D,L1D,16348019,0.6231,14589486,0.8924,1758533,0.1076,17.5853,548531,0.0336,26236422,23094820,0.8803,3141602,0.1197,31.416,1561459,0.0595,17329,0.0007,102,0.0059,17227,0.9941,0.1723,16,0.0009,9871074,0.3762,8505232,0.8616,1365842,0.1384,13.6584,1012912,0.1026,172.9,None,0.0,0,0,0,0,0.8924,14589486,1758533,cpu0_L1I,L1I,11610005,1.0,9639211,0.8303,1970794,0.1697,19.7079,780517,0.0672,11610005,9639211,0.8303,1970794,0.1697,19.7079,780517,0.0672,115.8,None,0.0,0,0,0,0,0.8303,9639211,1970794,cpu0_L2C,L2C,2400260,0.732,1510099,0.6291,890161,0.3709,8.9016,0,0.0,352890,0.1076,103068,0.2921,249822,0.7079,2.4982,0,0.0,3279012,2035597,0.6208,1243415,0.3792,12.4342,0,0.0,17211,0.0052,3035,0.1763,14176,0.8237,0.1418,0,0.0,508651,0.1551,419395,0.8245,89256,0.1755,0.8926,0,0.0,312.9,None,0.0,0,0,0,0,0.5859,1613167,1139983,LLC,LLC,890161,0.6059,64586,0.0726,825575,0.9274,8.2558,0,0.0,249822,0.1701,8770,0.0351,241052,0.9649,2.4105,0,0.0,1469051,115971,0.0789,1353080,0.9211,13.5308,0,0.0,14176,0.0096,342,0.0241,13834,0.9759,0.1383,0,0.0,314892,0.2144,42273,0.1342,272619,0.8658,2.7262,0,0.0,275.5,None,0.0,0,0,0,0,0.0643,73356,1066627,cpu0_STLB,STLB,276392,1.0,268641,0.972,7751,0.028,0.0775,0,0.0,276392,268641,0.972,7751,0.028,0.0775,0,0.0,700.5,None,0.0,0,0,0,0,0.972,268641,7751,64,0,0.4573,218669616,100000000,,core,1,core.1.v1.,v1,,l1d,n,l1d.n.v1.,v1,,l1i,n,l1i.n.v1.,v1,,l2c,n,l2c.n.v1.,v1,,llc,1,llc.1.v1.,v1,,memory,1,memory.1.v2.,v2,,tlbs,n,tlbs.n.v1.,v1,64,1,merced_064_1_064.raw,64,myscript_google,merced,0.0,0.0,/mnt/storage/traces/gtrace_v2_champsim_myscript/merced/merced.log,None,None,1,1,/mnt/storage/traces/gtrace_v2_champsim_myscript/merced/merced_0064.champsim.gz,0,0,True,
41.95,9.864,0.9444,6.855,0.8125,0.9991,0.3686,0.2883,0.5407,cpu0_DTLB,DTLB,23323614,1.0,22932867,0.9832,390747,0.0168,3.9075,164886,0.0071,23323614,22932867,0.9832,390747,0.0168,3.9075,164886,0.0071,24.13,None,0.0,0,0,0,0,0.9832,22932867,390747,cpu0_ITLB,ITLB,9088279,1.0,9088271,1.0,8,0.0,0.0001,1,0.0,9088279,9088271,1.0,8,0.0,0.0001,1,0.0,951.1,None,0.0,0,0,0,0,1.0,9088271,8,cpu0_L1D,L1D,15597747,0.6354,14125570,0.9056,1472177,0.0944,14.7218,443986,0.0285,24547679,21902130,0.8922,2645549,0.1078,26.4555,1299104,0.0529,12590,0.0005,87,0.0069,12503,0.9931,0.125,6,0.0005,8937342,0.3641,7776473,0.8701,1160869,0.1299,11.6087,855112,0.0957,178.3,None,0.0,0,0,0,0,0.9056,14125570,1472177,cpu0_L1I,L1I,10993565,1.0,9355728,0.851,1637837,0.149,16.3784,629769,0.0573,10993565,9355728,0.851,1637837,0.149,16.3784,629769,0.0573,116.4,None,0.0,0,0,0,0,0.851,9355728,1637837,cpu0_L2C,L2C,2036236,0.7288,1250664,0.6142,785572,0.3858,7.8557,0,0.0,305723,0.1094,79116,0.2588,226607,0.7412,2.2661,0,0.0,2793858,1690042,0.6049,1103816,0.3951,11.0382,0,0.0,12497,0.0045,2096,0.1677,10401,0.8323,0.104,0,0.0,439402,0.1573,358166,0.8151,81236,0.1849,0.8124,0,0.0,306.9,None,0.0,0,0,0,0,0.5678,1329780,1012179,LLC,LLC,785572,0.6032,79897,0.1017,705675,0.8983,7.0567,0,0.0,226607,0.174,8559,0.0378,218048,0.9622,2.1805,0,0.0,1302327,125386,0.0963,1176941,0.9037,11.7694,0,0.0,10401,0.008,234,0.0225,10167,0.9775,0.1017,0,0.0,279747,0.2148,36696,0.1312,243051,0.8688,2.4305,0,0.0,275.6,None,0.0,0,0,0,0,0.0874,88456,923723,cpu0_STLB,STLB,225868,1.0,220226,0.975,5642,0.025,0.0564,0,0.0,225868,220226,0.975,5642,0.025,0.0564,0,0.0,766.1,None,0.0,0,0,0,0,0.975,220226,5642,10,0,0.5095,196258914,100000004,,core,1,core.1.v1.,v1,,l1d,n,l1d.n.v1.,v1,,l1i,n,l1i.n.v1.,v1,,l2c,n,l2c.n.v1.,v1,,llc,1,llc.1.v1.,v1,,memory,1,memory.1.v2.,v2,,tlbs,n,tlbs.n.v1.,v1,10,1,merced_010_1_010.raw,10,myscript_google,merced,0.0,0.0,/mnt/storage/traces/gtrace_v2_champsim_myscript/merced/merced.log,None,None,1,1,/mnt/storage/traces/gtrace_v2_champsim_myscript/merced/merced_0010.champsim.gz,0,0,True,
51.14,7.724,0.9569,5.62,0.5441,0.7551,0.1997,0.2184,0.3861,cpu0_DTLB,DTLB,24068435,1.0,23580456,0.9797,487979,0.0203,4.8798,213575,0.0089,24068435,23580456,0.9797,487979,0.0203,4.8798,213575,0.0089,19.52,None,0.0,0,0,0,0,0.9797,23580456,487979,cpu0_ITLB,ITLB,9706292,1.0,9706289,1.0,3,0.0,0.0,0,0.0,9706292,9706289,1.0,3,0.0,0.0,0,0.0,954.3,None,0.0,0,0,0,0,1.0,9706289,3,cpu0_L1D,L1D,15202461,0.5933,13405937,0.8818,1796524,0.1182,17.9652,646276,0.0425,25625192,22082042,0.8617,3543150,0.1383,35.4315,1944607,0.0759,11432,0.0004,90,0.0079,11342,0.9921,0.1134,6,0.0005,10411299,0.4063,8676015,0.8333,1735284,0.1667,17.3528,1298325,0.1247,284.9,None,0.0,0,0,0,0,0.8818,13405937,1796524,cpu0_L1I,L1I,11786825,1.0,10289821,0.873,1497004,0.127,14.97,599022,0.0508,11786825,10289821,0.873,1497004,0.127,14.97,599022,0.0508,128.4,None,0.0,0,0,0,0,0.873,10289821,1497004,cpu0_L2C,L2C,2048214,0.6432,1134357,0.5538,913857,0.4462,9.1386,0,0.0,436939,0.1372,101747,0.2329,335192,0.7671,3.3519,0,0.0,3184601,1772089,0.5565,1412512,0.4435,14.1251,0,0.0,11336,0.0036,2055,0.1813,9281,0.8187,0.0928,0,0.0,688112,0.2161,533930,0.7759,154182,0.2241,1.5418,0,0.0,390.0,None,0.0,0,0,0,0,0.4974,1236104,1249049,LLC,LLC,913857,0.5212,30246,0.0331,883611,0.9669,8.8361,0,0.0,335192,0.1912,7304,0.0218,327888,0.9782,3.2789,0,0.0,1753268,69595,0.0397,1683673,0.9603,16.8367,0,0.0,9281,0.0053,76,0.0082,9205,0.9918,0.092,0,0.0,494938,0.2823,31969,0.0646,462969,0.9354,4.6297,0,0.0,317.4,None,0.0,0,0,0,0,0.0301,37550,1211499,cpu0_STLB,STLB,274407,1.0,269229,0.9811,5178,0.0189,0.0518,0,0.0,274407,269229,0.9811,5178,0.0189,0.0518,0,0.0,768.9,None,0.0,0,0,0,0,0.9811,269229,5178,20,0,0.4557,219423252,100000003,,core,1,core.1.v1.,v1,,l1d,n,l1d.n.v1.,v1,,l1i,n,l1i.n.v1.,v1,,l2c,n,l2c.n.v1.,v1,,llc,1,llc.1.v1.,v1,,memory,1,memory.1.v2.,v2,,tlbs,n,tlbs.n.v1.,v1,20,1,merced_020_1_020.raw,20,myscript_google,merced,0.0,0.0,/mnt/storage/traces/gtrace_v2_champsim_myscript/merced/merced.log,None,None,1,1,/mnt/storage/traces/gtrace_v2_champsim_myscript/merced/merced_0020.champsim.gz,0,0,True,
40.99,11.46,0.9373,6.465,1.826,0.9794,0.5885,0.5474,1.056,cpu0_DTLB,DTLB,27330130,1.0,26766487,0.9794,563643,0.0206,5.6364,238477,0.0087,27330130,26766487,0.9794,563643,0.0206,5.6364,238477,0.0087,10.54,None,0.0,0,0,0,0,0.9794,26766487,563643,cpu0_ITLB,ITLB,9039120,1.0,9038974,1.0,146,0.0,0.0015,69,0.0,9039120,9038974,1.0,146,0.0,0.0015,69,0.0,214.0,None,0.0,0,0,0,0,1.0,9038974,146,cpu0_L1D,L1D,16652994,0.5761,14885251,0.8938,1767743,0.1062,17.6774,529006,0.0318,28904031,25265811,0.8741,3638220,0.1259,36.3822,1918929,0.0664,4794,0.0002,25,0.0052,4769,0.9948,0.0477,8,0.0017,12246243,0.4237,10380535,0.8477,1865708,0.1523,18.6571,1389915,0.1135,201.4,None,0.0,0,0,0,0,0.8938,14885251,1767743,cpu0_L1I,L1I,10906775,1.0,8483259,0.7778,2423516,0.2222,24.2352,904176,0.0829,10906775,8483259,0.7778,2423516,0.2222,24.2352,904176,0.0829,129.6,None,0.0,0,0,0,0,0.7778,8483259,2423516,cpu0_L2C,L2C,2758066,0.706,1597307,0.5791,1160759,0.4209,11.6076,0,0.0,475763,0.1218,122001,0.2564,353762,0.7436,3.5376,0,0.0,3906862,2261880,0.579,1644982,0.421,16.4498,0,0.0,4761,0.0012,429,0.0901,4332,0.9099,0.0433,0,0.0,668272,0.1711,542143,0.8113,126129,0.1887,1.2613,0,0.0,314.6,None,0.0,0,0,0,0,0.5317,1719308,1514521,LLC,LLC,1160759,0.5878,165753,0.1428,995006,0.8572,9.9501,0,0.0,353762,0.1791,14459,0.0409,339303,0.9591,3.393,0,0.0,1974712,239951,0.1215,1734761,0.8785,17.3476,0,0.0,4332,0.0022,30,0.0069,4302,0.9931,0.043,0,0.0,455859,0.2308,59709,0.131,396150,0.869,3.9615,0,0.0,286.2,None,0.0,0,0,0,0,0.119,180212,1334309,cpu0_STLB,STLB,325243,1.0,323061,0.9933,2182,0.0067,0.0218,0,0.0,325243,323061,0.9933,2182,0.0067,0.0218,0,0.0,831.5,None,0.0,0,0,0,0,0.9933,323061,2182,44,0,0.3967,252083408,100000000,,core,1,core.1.v1.,v1,,l1d,n,l1d.n.v1.,v1,,l1i,n,l1i.n.v1.,v1,,l2c,n,l2c.n.v1.,v1,,llc,1,llc.1.v1.,v1,,memory,1,memory.1.v2.,v2,,tlbs,n,tlbs.n.v1.,v1,44,1,yankee_044_1_044.raw,44,myscript_google,yankee,0.0,0.0,/mnt/storage/traces/gtrace_v2_champsim_myscript/yankee/yankee.log,None,None,1,1,/mnt/storage/traces/gtrace_v2_champsim_myscript/yankee/yankee_0044.champsim.gz,0,0,True,
43.41,10.12,0.9439,5.846,1.577,0.8353,0.4985,0.4907,0.8697,cpu0_DTLB,DTLB,26484950,1.0,25970714,0.9806,514236,0.0194,5.1424,218468,0.0082,26484950,25970714,0.9806,514236,0.0194,5.1424,218468,0.0082,8.068,None,0.0,0,0,0,0,0.9806,25970714,514236,cpu0_ITLB,ITLB,9436213,1.0,9436129,1.0,84,0.0,0.0008,20,0.0,9436213,9436129,1.0,84,0.0,0.0008,20,0.0,180.9,None,0.0,0,0,0,0,1.0,9436129,84,cpu0_L1D,L1D,16372078,0.5849,14833221,0.906,1538857,0.094,15.3886,450578,0.0275,27992319,24812653,0.8864,3179666,0.1136,31.7967,1681320,0.0601,2247,0.0001,3,0.0013,2244,0.9987,0.0224,3,0.0013,11617994,0.415,9979429,0.859,1638565,0.141,16.3856,1230739,0.1059,199.7,None,0.0,0,0,0,0,0.906,14833221,1538857,cpu0_L1I,L1I,11363354,1.0,9146811,0.8049,2216543,0.1951,22.1654,834562,0.0734,11363354,9146811,0.8049,2216543,0.1951,22.1654,834562,0.0734,115.4,None,0.0,0,0,0,0,0.8049,9146811,2216543,cpu0_L2C,L2C,2470247,0.7135,1431860,0.5796,1038387,0.4204,10.3839,0,0.0,407796,0.1178,96335,0.2362,311461,0.7638,3.1146,0,0.0,3462334,1993147,0.5757,1469187,0.4243,14.6919,0,0.0,2241,0.0006,149,0.0665,2092,0.9335,0.0209,0,0.0,582050,0.1681,464803,0.7986,117247,0.2014,1.1725,0,0.0,296.7,None,0.0,0,0,0,0,0.531,1528195,1349848,LLC,LLC,1038387,0.5881,237189,0.2284,801198,0.7716,8.012,0,0.0,311461,0.1764,8994,0.0289,302467,0.9711,3.0247,0,0.0,1765677,290767,0.1647,1474910,0.8353,14.7491,0,0.0,2092,0.0012,12,0.0057,2080,0.9943,0.0208,0,0.0,413737,0.2343,44572,0.1077,369165,0.8923,3.6916,0,0.0,283.0,None,0.0,0,0,0,0,0.1824,246183,1103665,cpu0_STLB,STLB,295832,1.0,294741,0.9963,1091,0.0037,0.0109,0,0.0,295832,294741,0.9963,1091,0.0037,0.0109,0,0.0,840.8,None,0.0,0,0,0,0,0.9963,294741,1091,82,0,0.4654,214878053,100000003,,core,1,core.1.v1.,v1,,l1d,n,l1d.n.v1.,v1,,l1i,n,l1i.n.v1.,v1,,l2c,n,l2c.n.v1.,v1,,llc,1,llc.1.v1.,v1,,memory,1,memory.1.v2.,v2,,tlbs,n,tlbs.n.v1.,v1,82,1,yankee_082_1_082.raw,82,myscript_google,yankee,0.0,0.0,/mnt/storage/traces/gtrace_v2_champsim_myscript/yankee/yankee.log,None,None,1,1,/mnt/storage/traces/gtrace_v2_champsim_myscript/yankee/yankee_0082.champsim.gz,0,0,True,
43.33,9.859,0.9449,6.958,0.7984,0.9789,0.3102,0.2638,0.549,cpu0_DTLB,DTLB,24446590,1.0,23874251,0.9766,572339,0.0234,5.7234,239860,0.0098,24446590,23874251,0.9766,572339,0.0234,5.7234,239860,0.0098,24.02,None,0.0,0,0,0,0,0.9766,23874251,572339,cpu0_ITLB,ITLB,8885353,1.0,8885343,1.0,10,0.0,0.0001,5,0.0,8885353,8885343,1.0,10,0.0,0.0001,5,0.0,1404.0,None,0.0,0,0,0,0,1.0,8885343,10,cpu0_L1D,L1D,16466088,0.6404,14394555,0.8742,2071533,0.1258,20.7153,630272,0.0383,25710512,22197229,0.8634,3513283,0.1366,35.1328,1665310,0.0648,19657,0.0008,125,0.0064,19532,0.9936,0.1953,17,0.0009,9224767,0.3588,7802549,0.8458,1422218,0.1542,14.2222,1035021,0.1122,196.3,None,0.0,0,0,0,0,0.8742,14394555,2071533,cpu0_L1I,L1I,10790454,1.0,8835394,0.8188,1955060,0.1812,19.5506,778066,0.0721,10790454,8835394,0.8188,1955060,0.1812,19.5506,778066,0.0721,117.5,None,0.0,0,0,0,0,0.8188,8835394,1955060,cpu0_L2C,L2C,2618235,0.7312,1669726,0.6377,948509,0.3623,9.4851,0,0.0,387158,0.1081,108389,0.28,278769,0.72,2.7877,0,0.0,3580827,2229608,0.6227,1351219,0.3773,13.5122,0,0.0,19515,0.0054,3858,0.1977,15657,0.8023,0.1566,0,0.0,555919,0.1552,447635,0.8052,108284,0.1948,1.0828,0,0.0,353.0,None,0.0,0,0,0,0,0.5916,1778115,1227278,LLC,LLC,948509,0.5967,85868,0.0905,862641,0.9095,8.6264,0,0.0,278769,0.1754,11969,0.0429,266800,0.9571,2.668,0,0.0,1589642,142830,0.0899,1446812,0.9101,14.4681,0,0.0,15657,0.0098,355,0.0227,15302,0.9773,0.153,0,0.0,346707,0.2181,44638,0.1287,302069,0.8713,3.0207,0,0.0,317.6,None,0.0,0,0,0,0,0.0797,97837,1129441,cpu0_STLB,STLB,332484,1.0,323727,0.9737,8757,0.0263,0.0876,0,0.0,332484,323727,0.9737,8757,0.0263,0.0876,0,0.0,721.9,None,0.0,0,0,0,0,0.9737,323727,8757,44,0,0.4406,226946327,100000000,,core,1,core.1.v1.,v1,,l1d,n,l1d.n.v1.,v1,,l1i,n,l1i.n.v1.,v1,,l2c,n,l2c.n.v1.,v1,,llc,1,llc.1.v1.,v1,,memory,1,memory.1.v2.,v2,,tlbs,n,tlbs.n.v1.,v1,44,1,merced_044_1_044.raw,44,myscript_google,merced,0.0,0.0,/mnt/storage/traces/gtrace_v2_champsim_myscript/merced/merced.log,None,None,1,1,/mnt/storage/traces/gtrace_v2_champsim_myscript/merced/merced_0044.champsim.gz,0,0,True,
60.97,8.385,0.9585,5.45,0.7091,0.6339,0.6446,0.3306,0.6168,cpu0_DTLB,DTLB,27386785,1.0,26952929,0.9842,433856,0.0158,4.3386,185928,0.0068,27386785,26952929,0.9842,433856,0.0158,4.3386,185928,0.0068,13.18,None,0.0,0,0,0,0,0.9842,26952929,433856,cpu0_ITLB,ITLB,6577895,1.0,6577736,1.0,159,0.0,0.0016,36,0.0,6577895,6577736,1.0,159,0.0,0.0016,36,0.0,223.5,None,0.0,0,0,0,0,1.0,6577736,159,cpu0_L1D,L1D,18064048,0.6192,16704001,0.9247,1360047,0.0753,13.6005,508143,0.0281,29175169,27009037,0.9258,2166132,0.0742,21.6613,1097337,0.0376,5776,0.0002,68,0.0118,5708,0.9882,0.0571,11,0.0019,11105345,0.3806,10304968,0.9279,800377,0.0721,8.0038,589183,0.0531,199.4,None,0.0,0,0,0,0,0.9247,16704001,1360047,cpu0_L1I,L1I,7822729,1.0,6383615,0.816,1439114,0.184,14.3911,503058,0.0643,7822729,6383615,0.816,1439114,0.184,14.3911,503058,0.0643,102.6,None,0.0,0,0,0,0,0.816,6383615,1439114,cpu0_L2C,L2C,1787950,0.7617,1020619,0.5708,767331,0.4292,7.6733,0,0.0,211176,0.09,47841,0.2265,163335,0.7735,1.6334,0,0.0,2347429,1344625,0.5728,1002804,0.4272,10.028,0,0.0,5697,0.0024,1110,0.1948,4587,0.8052,0.0459,0,0.0,342606,0.1459,275055,0.8028,67551,0.1972,0.6755,0,0.0,292.4,None,0.0,0,0,0,0,0.5345,1068460,930666,LLC,LLC,767331,0.6597,51938,0.0677,715393,0.9323,7.1539,0,0.0,163335,0.1404,6043,0.037,157292,0.963,1.5729,0,0.0,1163174,93500,0.0804,1069674,0.9196,10.6967,0,0.0,4587,0.0039,72,0.0157,4515,0.9843,0.0452,0,0.0,227921,0.1959,35447,0.1555,192474,0.8445,1.9247,0,0.0,261.6,None,0.0,0,0,0,0,0.0623,57981,872685,cpu0_STLB,STLB,248051,1.0,245440,0.9895,2611,0.0105,0.0261,0,0.0,248051,245440,0.9895,2611,0.0105,0.0261,0,0.0,785.6,None,0.0,0,0,0,0,0.9895,245440,2611,14,0,0.5326,187751066,100000000,,core,1,core.1.v1.,v1,,l1d,n,l1d.n.v1.,v1,,l1i,n,l1i.n.v1.,v1,,l2c,n,l2c.n.v1.,v1,,llc,1,llc.1.v1.,v1,,memory,1,memory.1.v2.,v2,,tlbs,n,tlbs.n.v1.,v1,14,1,tahoe_014_1_014.raw,14,myscript_google,tahoe,0.0,0.0,/mnt/storage/traces/gtrace_v2_champsim_myscript/tahoe/tahoe.log,100000000,100000000,1,1,/mnt/storage/traces/gtrace_v2_champsim_myscript/tahoe/tahoe_0014.champsim.gz,0,0,True,
107.6,4.061,0.978,2.24,0.0598,0.2429,0.776,0.6263,0.1164,cpu0_DTLB,DTLB,24041655,1.0,23964753,0.9968,76902,0.0032,0.769,38570,0.0016,24041655,23964753,0.9968,76902,0.0032,0.769,38570,0.0016,57.13,None,0.0,0,0,0,0,0.9968,23964753,76902,cpu0_ITLB,ITLB,10282411,1.0,10282406,1.0,5,0.0,0.0,1,0.0,10282411,10282406,1.0,5,0.0,0.0,1,0.0,987.8,None,0.0,0,0,0,0,1.0,10282406,5,cpu0_L1D,L1D,15370084,0.603,14023285,0.9124,1346799,0.0876,13.468,545567,0.0355,25490243,22487521,0.8822,3002722,0.1178,30.0272,1779425,0.0698,4489,0.0002,16,0.0036,4473,0.9964,0.0447,1,0.0002,10115670,0.3968,8464220,0.8367,1651450,0.1633,16.5145,1233857,0.122,410.1,None,0.0,0,0,0,0,0.9124,14023285,1346799,cpu0_L1I,L1I,12008095,1.0,11127756,0.9267,880339,0.0733,8.8034,373214,0.0311,12008095,11127756,0.9267,880339,0.0733,8.8034,373214,0.0311,67.09,None,0.0,0,0,0,0,0.9267,11127756,880339,cpu0_L2C,L2C,1308353,0.5763,847365,0.6477,460988,0.3523,4.6099,0,0.0,417592,0.184,17733,0.0425,399859,0.9575,3.9986,0,0.0,2270103,1351664,0.5954,918439,0.4046,9.1844,0,0.0,4472,0.002,693,0.155,3779,0.845,0.0378,0,0.0,539686,0.2377,485873,0.9003,53813,0.0997,0.5381,0,0.0,567.8,None,0.0,0,0,0,0,0.5012,865098,860847,LLC,LLC,460988,0.3451,18566,0.0403,442422,0.9597,4.4242,0,0.0,399859,0.2993,1122,0.0028,398737,0.9972,3.9874,0,0.0,1336002,27434,0.0205,1308568,0.9795,13.0857,0,0.0,3779,0.0028,25,0.0066,3754,0.9934,0.0375,0,0.0,471376,0.3528,7721,0.0164,463655,0.9836,4.6365,0,0.0,391.0,None,0.0,0,0,0,0,0.0229,19688,841159,cpu0_STLB,STLB,38336,1.0,36099,0.9416,2237,0.0584,0.0224,0,0.0,38336,36099,0.9416,2237,0.0584,0.0224,0,0.0,894.1,None,0.0,0,0,0,0,0.9416,36099,2237,5,0,0.6673,149852245,100000002,,core,1,core.1.v1.,v1,,l1d,n,l1d.n.v1.,v1,,l1i,n,l1i.n.v1.,v1,,l2c,n,l2c.n.v1.,v1,,llc,1,llc.1.v1.,v1,,memory,1,memory.1.v2.,v2,,tlbs,n,tlbs.n.v1.,v1,5,1,charlie_005_1_005.raw,5,myscript_google,charlie,0.0,0.0,/mnt/storage/traces/gtrace_v2_champsim_myscript/charlie/charlie.log,100000000,100000000,1,1,/mnt/storage/traces/gtrace_v2_champsim_myscript/charlie/charlie_0005.champsim.gz,0,0,True,
54.96,7.901,0.9567,3.306,1.357,1.839,0.2022,0.2942,0.9026,cpu0_DTLB,DTLB,25333854,1.0,24435336,0.9645,898518,0.0355,8.9852,374905,0.0148,25333854,24435336,0.9645,898518,0.0355,8.9852,374905,0.0148,7.156,None,0.0,0,0,0,0,0.9645,24435336,898518,cpu0_ITLB,ITLB,13139403,1.0,13139324,1.0,79,0.0,0.0008,34,0.0,13139403,13139324,1.0,79,0.0,0.0008,34,0.0,482.8,None,0.0,0,0,0,0,1.0,13139324,79,cpu0_L1D,L1D,15833025,0.5864,14061582,0.8881,1771443,0.1119,17.7144,464186,0.0293,26999958,23772506,0.8805,3227452,0.1195,32.2745,1468757,0.0544,2778,0.0001,4,0.0014,2774,0.9986,0.0277,0,0.0,11164155,0.4135,9710920,0.8698,1453235,0.1302,14.5323,1004571,0.09,161.3,None,0.0,0,0,0,0,0.8881,14061582,1771443,cpu0_L1I,L1I,15824866,1.0,10246345,0.6475,5578521,0.3525,55.7852,2178673,0.1377,15824866,10246345,0.6475,5578521,0.3525,55.7852,2178673,0.1377,49.61,None,0.0,0,0,0,0,0.6475,10246345,5578521,cpu0_L2C,L2C,4707072,0.7948,3731989,0.7928,975083,0.2072,9.7508,0,0.0,448625,0.0757,210226,0.4686,238399,0.5314,2.384,0,0.0,5922561,4600843,0.7768,1321718,0.2232,13.2172,0,0.0,2774,0.0005,180,0.0649,2594,0.9351,0.0259,0,0.0,764090,0.129,658448,0.8617,105642,0.1383,1.0564,0,0.0,311.9,None,0.0,0,0,0,0,0.7646,3942215,1213482,LLC,LLC,975083,0.6045,108513,0.1113,866570,0.8887,8.6657,0,0.0,238399,0.1478,20118,0.0844,218281,0.9156,2.1828,0,0.0,1613119,211800,0.1313,1401319,0.8687,14.0132,0,0.0,2594,0.0016,19,0.0073,2575,0.9927,0.0257,0,0.0,397043,0.2461,83150,0.2094,313893,0.7906,3.1389,0,0.0,282.1,None,0.0,0,0,0,0,0.106,128631,1084851,cpu0_STLB,STLB,523658,1.0,522269,0.9973,1389,0.0027,0.0139,0,0.0,523658,522269,0.9973,1389,0.0027,0.0139,0,0.0,826.9,None,0.0,0,0,0,0,0.9973,522269,1389,5,0,0.4903,203956212,100000000,,core,1,core.1.v1.,v1,,l1d,n,l1d.n.v1.,v1,,l1i,n,l1i.n.v1.,v1,,l2c,n,l2c.n.v1.,v1,,llc,1,llc.1.v1.,v1,,memory,1,memory.1.v2.,v2,,tlbs,n,tlbs.n.v1.,v1,5,1,sierra.a.3_005_1_005.raw,5,myscript_google,sierra.a.3,0.0,0.0,/mnt/storage/traces/gtrace_v2_champsim_myscript/sierra.a.3/sierra.a.3.log,100000000,100000000,1,1,/mnt/storage/traces/gtrace_v2_champsim_myscript/sierra.a.3/sierra.a.3_0005.champsim.gz,0,0,True,
78.96,6.534,0.966,2.628,0.9727,1.422,0.2516,0.3056,0.9542,cpu0_DTLB,DTLB,26683144,1.0,25702835,0.9633,980309,0.0367,9.8031,397385,0.0149,26683144,25702835,0.9633,980309,0.0367,9.8031,397385,0.0149,5.428,None,0.0,0,0,0,0,0.9633,25702835,980309,cpu0_ITLB,ITLB,13391335,1.0,13391321,1.0,14,0.0,0.0001,8,0.0,13391335,13391321,1.0,14,0.0,0.0001,8,0.0,851.7,None,0.0,0,0,0,0,1.0,13391321,14,cpu0_L1D,L1D,15466086,0.5393,13442960,0.8692,2023126,0.1308,20.2313,493897,0.0319,28675975,24887346,0.8679,3788629,0.1321,37.8863,1755185,0.0612,521,0.0,3,0.0058,518,0.9942,0.0052,0,0.0,13209368,0.4606,11444383,0.8664,1764985,0.1336,17.6499,1261288,0.0955,120.5,None,0.0,0,0,0,0,0.8692,13442960,2023126,cpu0_L1I,L1I,16305358,1.0,8052570,0.4939,8252788,0.5061,82.5279,3397381,0.2084,16305358,8052570,0.4939,8252788,0.5061,82.5279,3397381,0.2084,25.02,None,0.0,0,0,0,0,0.4939,8052570,8252788,cpu0_L2C,L2C,6384587,0.8213,5709425,0.8943,675162,0.1057,6.7516,0,0.0,503657,0.0648,256630,0.5095,247027,0.4905,2.4703,0,0.0,7773623,6768058,0.8706,1005565,0.1294,10.0556,0,0.0,518,0.0001,25,0.0483,493,0.9517,0.0049,0,0.0,884861,0.1138,801978,0.9063,82883,0.0937,0.8288,0,0.0,313.0,None,0.0,0,0,0,0,0.8661,5966055,922189,LLC,LLC,675162,0.4993,61529,0.0911,613633,0.9089,6.1363,0,0.0,247027,0.1827,18727,0.0758,228300,0.9242,2.283,0,0.0,1352300,166013,0.1228,1186287,0.8772,11.8629,0,0.0,493,0.0004,22,0.0446,471,0.9554,0.0047,0,0.0,429618,0.3177,85735,0.1996,343883,0.8004,3.4388,0,0.0,255.3,None,0.0,0,0,0,0,0.087,80256,841933,cpu0_STLB,STLB,582930,1.0,582670,0.9996,260,0.0004,0.0026,0,0.0,582930,582670,0.9996,260,0.0004,0.0026,0,0.0,976.4,None,0.0,0,0,0,0,0.9996,582670,260,14,0,0.6118,163457246,100000000,,core,1,core.1.v1.,v1,,l1d,n,l1d.n.v1.,v1,,l1i,n,l1i.n.v1.,v1,,l2c,n,l2c.n.v1.,v1,,llc,1,llc.1.v1.,v1,,memory,1,memory.1.v2.,v2,,tlbs,n,tlbs.n.v1.,v1,14,1,sierra.a.6_014_1_014.raw,14,myscript_google,sierra.a.6,0.0,0.0,/mnt/storage/traces/gtrace_v2_champsim_myscript/sierra.a.6/sierra.a.6.log,100000000,100000000,1,1,/mnt/storage/traces/gtrace_v2_champsim_myscript/sierra.a.6/sierra.a.6_0014.champsim.gz,0,0,True,
41.6,10.08,0.9438,6.876,0.8767,1.016,0.3798,0.3232,0.6051,cpu0_DTLB,DTLB,23205970,1.0,22707112,0.9785,498858,0.0215,4.9886,209283,0.009,23205970,22707112,0.9785,498858,0.0215,4.9886,209283,0.009,24.98,None,0.0,0,0,0,0,0.9785,22707112,498858,cpu0_ITLB,ITLB,9348776,1.0,9348750,1.0,26,0.0,0.0003,11,0.0,9348776,9348750,1.0,26,0.0,0.0003,11,0.0,853.8,None,0.0,0,0,0,0,1.0,9348750,26,cpu0_L1D,L1D,15290402,0.6248,13657192,0.8932,1633210,0.1068,16.3321,491810,0.0322,24471368,21573967,0.8816,2897401,0.1184,28.974,1418367,0.058,17905,0.0007,97,0.0054,17808,0.9946,0.1781,15,0.0008,9163061,0.3744,7916678,0.864,1246383,0.136,12.4638,926542,0.1011,187.0,None,0.0,0,0,0,0,0.8932,13657192,1633210,cpu0_L1I,L1I,11297063,1.0,9111531,0.8065,2185532,0.1935,21.8553,862982,0.0764,11297063,9111531,0.8065,2185532,0.1935,21.8553,862982,0.0764,112.5,None,0.0,0,0,0,0,0.8065,9111531,2185532,cpu0_L2C,L2C,2463938,0.7521,1504499,0.6106,959439,0.3894,9.5944,0,0.0,319823,0.0976,83155,0.26,236668,0.74,2.3667,0,0.0,3276255,1975345,0.6029,1300910,0.3971,13.0091,0,0.0,17793,0.0054,3205,0.1801,14588,0.8199,0.1459,0,0.0,474701,0.1449,384486,0.81,90215,0.19,0.9022,0,0.0,310.0,None,0.0,0,0,0,0,0.5703,1587654,1196107,LLC,LLC,959439,0.6308,58557,0.061,900882,0.939,9.0088,0,0.0,236668,0.1556,6783,0.0287,229885,0.9713,2.2988,0,0.0,1521100,105001,0.069,1416099,0.931,14.161,0,0.0,14588,0.0096,376,0.0258,14212,0.9742,0.1421,0,0.0,310405,0.2041,39285,0.1266,271120,0.8734,2.7112,0,0.0,272.6,None,0.0,0,0,0,0,0.0546,65340,1130767,cpu0_STLB,STLB,289590,1.0,281663,0.9726,7927,0.0274,0.0793,0,0.0,289590,281663,0.9726,7927,0.0274,0.0793,0,0.0,730.6,None,0.0,0,0,0,0,0.9726,281663,7927,80,0,0.4335,230691967,100000000,,core,1,core.1.v1.,v1,,l1d,n,l1d.n.v1.,v1,,l1i,n,l1i.n.v1.,v1,,l2c,n,l2c.n.v1.,v1,,llc,1,llc.1.v1.,v1,,memory,1,memory.1.v2.,v2,,tlbs,n,tlbs.n.v1.,v1,80,1,merced_080_1_080.raw,80,myscript_google,merced,0.0,0.0,/mnt/storage/traces/gtrace_v2_champsim_myscript/merced/merced.log,None,None,1,1,/mnt/storage/traces/gtrace_v2_champsim_myscript/merced/merced_0080.champsim.gz,0,0,True,
45.06,9.284,0.9477,6.431,0.8621,0.8398,0.2851,0.2952,0.5712,cpu0_DTLB,DTLB,24430223,1.0,23827023,0.9753,603200,0.0247,6.032,252364,0.0103,24430223,23827023,0.9753,603200,0.0247,6.032,252364,0.0103,25.72,None,0.0,0,0,0,0,0.9753,23827023,603200,cpu0_ITLB,ITLB,9805412,1.0,9805403,1.0,9,0.0,0.0001,4,0.0,9805412,9805403,1.0,9,0.0,0.0001,4,0.0,1230.0,None,0.0,0,0,0,0,1.0,9805403,9,cpu0_L1D,L1D,16373693,0.6358,14399769,0.8794,1973924,0.1206,19.7392,624873,0.0382,25753156,22441429,0.8714,3311727,0.1286,33.1173,1607134,0.0624,22235,0.0009,154,0.0069,22081,0.9931,0.2208,39,0.0018,9357228,0.3633,8041506,0.8594,1315722,0.1406,13.1572,982222,0.105,165.0,None,0.0,0,0,0,0,0.8794,14399769,1973924,cpu0_L1I,L1I,12002410,1.0,9733954,0.811,2268456,0.189,22.6846,912894,0.0761,12002410,9733954,0.811,2268456,0.189,22.6846,912894,0.0761,95.24,None,0.0,0,0,0,0,0.811,9733954,2268456,cpu0_L2C,L2C,2704591,0.759,1818016,0.6722,886575,0.3278,8.8657,0,0.0,333479,0.0936,81321,0.2439,252158,0.7561,2.5216,0,0.0,3563317,2316582,0.6501,1246735,0.3499,12.4673,0,0.0,22042,0.0062,3954,0.1794,18088,0.8206,0.1809,0,0.0,503205,0.1412,413291,0.8213,89914,0.1787,0.8991,0,0.0,309.8,None,0.0,0,0,0,0,0.6252,1899337,1138733,LLC,LLC,886575,0.6015,79871,0.0901,806704,0.9099,8.067,0,0.0,252158,0.1711,7103,0.0282,245055,0.9718,2.4505,0,0.0,1473988,126626,0.0859,1347362,0.9141,13.4736,0,0.0,18088,0.0123,463,0.0256,17625,0.9744,0.1762,0,0.0,317167,0.2152,39189,0.1236,277978,0.8764,2.7798,0,0.0,274.6,None,0.0,0,0,0,0,0.0764,86974,1051759,cpu0_STLB,STLB,350841,1.0,340935,0.9718,9906,0.0282,0.0991,0,0.0,350841,340935,0.9718,9906,0.0282,0.0991,0,0.0,733.5,None,0.0,0,0,0,0,0.9718,340935,9906,25,0,0.453,220730695,100000001,,core,1,core.1.v1.,v1,,l1d,n,l1d.n.v1.,v1,,l1i,n,l1i.n.v1.,v1,,l2c,n,l2c.n.v1.,v1,,llc,1,llc.1.v1.,v1,,memory,1,memory.1.v2.,v2,,tlbs,n,tlbs.n.v1.,v1,25,1,merced_025_1_025.raw,25,myscript_google,merced,0.0,0.0,/mnt/storage/traces/gtrace_v2_champsim_myscript/merced/merced.log,None,None,1,1,/mnt/storage/traces/gtrace_v2_champsim_myscript/merced/merced_0025.champsim.gz,0,0,True,
66.1,5.549,0.9696,3.37,0.4552,0.3831,0.4021,0.2398,0.699,cpu0_DTLB,DTLB,26251493,1.0,25746712,0.9808,504781,0.0192,5.0478,234536,0.0089,26251493,25746712,0.9808,504781,0.0192,5.0478,234536,0.0089,10.06,None,0.0,0,0,0,0,0.9808,25746712,504781,cpu0_ITLB,ITLB,10233623,1.0,10233528,1.0,95,0.0,0.0009,23,0.0,10233623,10233528,1.0,95,0.0,0.0009,23,0.0,234.6,None,0.0,0,0,0,0,1.0,10233528,95,cpu0_L1D,L1D,15200098,0.5417,13405438,0.8819,1794660,0.1181,17.9466,743756,0.0489,28060742,24463038,0.8718,3597704,0.1282,35.977,2060279,0.0734,3113,0.0001,29,0.0093,3084,0.9907,0.0308,4,0.0013,12857531,0.4582,11057571,0.86,1799960,0.14,17.9996,1316519,0.1024,311.7,None,0.0,0,0,0,0,0.8819,13405438,1794660,cpu0_L1I,L1I,12156804,1.0,10800084,0.8884,1356720,0.1116,13.5672,490868,0.0404,12156804,10800084,0.8884,1356720,0.1116,13.5672,490868,0.0404,121.6,None,0.0,0,0,0,0,0.8884,10800084,1356720,cpu0_L2C,L2C,1916747,0.6173,997719,0.5205,919028,0.4795,9.1903,0,0.0,483411,0.1557,68627,0.142,414784,0.858,4.1478,0,0.0,3104997,1605533,0.5171,1499464,0.4829,14.9946,0,0.0,3080,0.001,462,0.15,2618,0.85,0.0262,0,0.0,701759,0.226,538725,0.7677,163034,0.2323,1.6303,0,0.0,377.0,None,0.0,0,0,0,0,0.4443,1066346,1333812,LLC,LLC,919028,0.4872,103612,0.1127,815416,0.8873,8.1542,0,0.0,414784,0.2199,10713,0.0258,404071,0.9742,4.0407,0,0.0,1886200,174777,0.0927,1711423,0.9073,17.1142,0,0.0,2618,0.0014,22,0.0084,2596,0.9916,0.026,0,0.0,549770,0.2915,60430,0.1099,489340,0.8901,4.8934,0,0.0,320.1,None,0.0,0,0,0,0,0.0857,114325,1219487,cpu0_STLB,STLB,270317,1.0,268908,0.9948,1409,0.0052,0.0141,0,0.0,270317,268908,0.9948,1409,0.0052,0.0141,0,0.0,980.9,None,0.0,0,0,0,0,0.9948,268908,1409,22,0,0.4695,212975040,100000000,,core,1,core.1.v1.,v1,,l1d,n,l1d.n.v1.,v1,,l1i,n,l1i.n.v1.,v1,,l2c,n,l2c.n.v1.,v1,,llc,1,llc.1.v1.,v1,,memory,1,memory.1.v2.,v2,,tlbs,n,tlbs.n.v1.,v1,22,1,tahoe_022_1_022.raw,22,myscript_google,tahoe,0.0,0.0,/mnt/storage/traces/gtrace_v2_champsim_myscript/tahoe/tahoe.log,100000000,100000000,1,1,/mnt/storage/traces/gtrace_v2_champsim_myscript/tahoe/tahoe_0022.champsim.gz,0,0,True,
48.26,8.66,0.9552,4.866,1.013,0.8181,0.4754,0.4418,1.045,cpu0_DTLB,DTLB,27387773,1.0,26890556,0.9818,497217,0.0182,4.9722,210570,0.0077,27387773,26890556,0.9818,497217,0.0182,4.9722,210570,0.0077,15.41,None,0.0,0,0,0,0,0.9818,26890556,497217,cpu0_ITLB,ITLB,9717582,1.0,9717340,1.0,242,0.0,0.0024,61,0.0,9717582,9717340,1.0,242,0.0,0.0024,61,0.0,319.4,None,0.0,0,0,0,0,1.0,9717340,242,cpu0_L1D,L1D,17087000,0.5818,15270343,0.8937,1816657,0.1063,18.1666,552500,0.0323,29369256,26292788,0.8952,3076468,0.1048,30.7647,1458120,0.0496,8477,0.0003,69,0.0081,8408,0.9919,0.0841,13,0.0015,12273779,0.4179,11022376,0.898,1251403,0.102,12.514,905607,0.0738,194.4,None,0.0,0,0,0,0,0.8937,15270343,1816657,cpu0_L1I,L1I,11598681,1.0,9051566,0.7804,2547115,0.2196,25.4711,914933,0.0789,11598681,9051566,0.7804,2547115,0.2196,25.4711,914933,0.0789,86.37,None,0.0,0,0,0,0,0.7804,9051566,2547115,cpu0_L2C,L2C,2896332,0.7648,1856206,0.6409,1040126,0.3591,10.4013,0,0.0,345778,0.0913,90079,0.2605,255699,0.7395,2.557,0,0.0,3786869,2379694,0.6284,1407175,0.3716,14.0717,0,0.0,8395,0.0022,1487,0.1771,6908,0.8229,0.0691,0,0.0,536364,0.1416,431922,0.8053,104442,0.1947,1.0444,0,0.0,305.6,None,0.0,0,0,0,0,0.6003,1946285,1295825,LLC,LLC,1040126,0.6267,94871,0.0912,945255,0.9088,9.4525,0,0.0,255699,0.1541,13839,0.0541,241860,0.9459,2.4186,0,0.0,1659734,171737,0.1035,1487997,0.8965,14.88,0,0.0,6908,0.0042,73,0.0106,6835,0.9894,0.0683,0,0.0,357001,0.2151,62954,0.1763,294047,0.8237,2.9405,0,0.0,276.6,None,0.0,0,0,0,0,0.0839,108710,1187115,cpu0_STLB,STLB,286828,1.0,283019,0.9867,3809,0.0133,0.0381,0,0.0,286828,283019,0.9867,3809,0.0133,0.0381,0,0.0,797.5,None,0.0,0,0,0,0,0.9867,283019,3809,17,0,0.4299,232615493,100000002,,core,1,core.1.v1.,v1,,l1d,n,l1d.n.v1.,v1,,l1i,n,l1i.n.v1.,v1,,l2c,n,l2c.n.v1.,v1,,llc,1,llc.1.v1.,v1,,memory,1,memory.1.v2.,v2,,tlbs,n,tlbs.n.v1.,v1,17,1,tahoe_017_1_017.raw,17,myscript_google,tahoe,0.0,0.0,/mnt/storage/traces/gtrace_v2_champsim_myscript/tahoe/tahoe.log,100000000,100000000,1,1,/mnt/storage/traces/gtrace_v2_champsim_myscript/tahoe/tahoe_0017.champsim.gz,0,0,True,
34.17,11.66,0.9289,4.874,2.08,2.615,0.262,0.4292,1.404,cpu0_DTLB,DTLB,27249638,1.0,26374117,0.9679,875521,0.0321,8.7552,354962,0.013,27249638,26374117,0.9679,875521,0.0321,8.7552,354962,0.013,11.72,None,0.0,0,0,0,0,0.9679,26374117,875521,cpu0_ITLB,ITLB,13212085,1.0,13211845,1.0,240,0.0,0.0024,127,0.0,13212085,13211845,1.0,240,0.0,0.0024,127,0.0,359.6,None,0.0,0,0,0,0,1.0,13211845,240,cpu0_L1D,L1D,16728672,0.5787,14372045,0.8591,2356627,0.1409,23.5663,613746,0.0367,28904949,24183407,0.8367,4721542,0.1633,47.2154,2066962,0.0715,10151,0.0004,21,0.0021,10130,0.9979,0.1013,4,0.0004,12166126,0.4209,9811341,0.8064,2354785,0.1936,23.5478,1453212,0.1194,250.8,None,0.0,0,0,0,0,0.8591,14372045,2356627,cpu0_L1I,L1I,15953542,1.0,10672670,0.669,5280872,0.331,52.8087,1979892,0.1241,15953542,10672670,0.669,5280872,0.331,52.8087,1979892,0.1241,102.4,None,0.0,0,0,0,0,0.669,10672670,5280872,cpu0_L2C,L2C,5043839,0.6949,3410504,0.6762,1633335,0.3238,16.3333,0,0.0,901469,0.1242,391033,0.4338,510436,0.5662,5.1044,0,0.0,7258419,4924551,0.6785,2333868,0.3215,23.3387,0,0.0,10126,0.0014,569,0.0562,9557,0.9438,0.0956,0,0.0,1302985,0.1795,1122445,0.8614,180540,0.1386,1.8054,0,0.0,408.4,None,0.0,0,0,0,0,0.6394,3801537,2143771,LLC,LLC,1633335,0.5722,140688,0.0861,1492647,0.9139,14.9265,0,0.0,510436,0.1788,37227,0.0729,473209,0.9271,4.7321,0,0.0,2854621,291074,0.102,2563547,0.898,25.6355,0,0.0,9557,0.0033,113,0.0118,9444,0.9882,0.0944,0,0.0,701293,0.2457,113046,0.1612,588247,0.8388,5.8825,0,0.0,360.2,None,0.0,0,0,0,0,0.083,177915,1965856,cpu0_STLB,STLB,520672,1.0,515596,0.9903,5076,0.0097,0.0508,0,0.0,520672,515596,0.9903,5076,0.0097,0.0508,0,0.0,696.0,None,0.0,0,0,0,0,0.9903,515596,5076,15,0,0.3053,327554400,100000001,,core,1,core.1.v1.,v1,,l1d,n,l1d.n.v1.,v1,,l1i,n,l1i.n.v1.,v1,,l2c,n,l2c.n.v1.,v1,,llc,1,llc.1.v1.,v1,,memory,1,memory.1.v2.,v2,,tlbs,n,tlbs.n.v1.,v1,15,1,sierra.a.4_015_1_015.raw,15,myscript_google,sierra.a.4,0.0,0.0,/mnt/storage/traces/gtrace_v2_champsim_myscript/sierra.a.4/sierra.a.4.log,100000000,100000000,1,1,/mnt/storage/traces/gtrace_v2_champsim_myscript/sierra.a.4/sierra.a.4_0015.champsim.gz,0,0,True,
43.75,10.16,0.9461,6.189,1.338,1.009,0.4565,0.4143,0.7575,cpu0_DTLB,DTLB,26504795,1.0,25978262,0.9801,526533,0.0199,5.2653,224512,0.0085,26504795,25978262,0.9801,526533,0.0199,5.2653,224512,0.0085,8.459,None,0.0,0,0,0,0,0.9801,25978262,526533,cpu0_ITLB,ITLB,8849484,1.0,8849402,1.0,82,0.0,0.0008,36,0.0,8849484,8849402,1.0,82,0.0,0.0008,36,0.0,108.2,None,0.0,0,0,0,0,1.0,8849402,82,cpu0_L1D,L1D,16810514,0.6004,15210898,0.9048,1599616,0.0952,15.9962,477692,0.0284,27997396,24882809,0.8888,3114587,0.1112,31.1459,1604834,0.0573,2587,0.0001,20,0.0077,2567,0.9923,0.0257,4,0.0015,11184295,0.3995,9671891,0.8648,1512404,0.1352,15.124,1127138,0.1008,179.0,None,0.0,0,0,0,0,0.9048,15210898,1599616,cpu0_L1I,L1I,10672088,1.0,8831038,0.8275,1841050,0.1725,18.4105,686499,0.0643,10672088,8831038,0.8275,1841050,0.1725,18.4105,686499,0.0643,118.1,None,0.0,0,0,0,0,0.8275,8831038,1841050,cpu0_L2C,L2C,2276457,0.7091,1370178,0.6019,906279,0.3981,9.0628,0,0.0,385243,0.12,98314,0.2552,286929,0.7448,2.8693,0,0.0,3210123,1918136,0.5975,1291987,0.4025,12.9199,0,0.0,2563,0.0008,213,0.0831,2350,0.9169,0.0235,0,0.0,545860,0.17,449431,0.8233,96429,0.1767,0.9643,0,0.0,298.4,None,0.0,0,0,0,0,0.5517,1468492,1193208,LLC,LLC,906279,0.58,204682,0.2258,701597,0.7742,7.016,0,0.0,286929,0.1836,9817,0.0342,277112,0.9658,2.7711,0,0.0,1562555,258888,0.1657,1303667,0.8343,13.0367,0,0.0,2350,0.0015,26,0.0111,2324,0.9889,0.0232,0,0.0,366997,0.2349,44363,0.1209,322634,0.8791,3.2263,0,0.0,283.1,None,0.0,0,0,0,0,0.1798,214499,978709,cpu0_STLB,STLB,302067,1.0,300873,0.996,1194,0.004,0.0119,0,0.0,302067,300873,0.996,1194,0.004,0.0119,0,0.0,877.9,None,0.0,0,0,0,0,0.996,300873,1194,7,0,0.509,196457514,100000001,,core,1,core.1.v1.,v1,,l1d,n,l1d.n.v1.,v1,,l1i,n,l1i.n.v1.,v1,,l2c,n,l2c.n.v1.,v1,,llc,1,llc.1.v1.,v1,,memory,1,memory.1.v2.,v2,,tlbs,n,tlbs.n.v1.,v1,7,1,yankee_007_1_007.raw,7,myscript_google,yankee,0.0,0.0,/mnt/storage/traces/gtrace_v2_champsim_myscript/yankee/yankee.log,None,None,1,1,/mnt/storage/traces/gtrace_v2_champsim_myscript/yankee/yankee_0007.champsim.gz,0,0,True,
49.57,8.117,0.9566,5.557,0.5953,0.746,0.5519,0.2604,0.4066,cpu0_DTLB,DTLB,24565431,1.0,24176311,0.9842,389120,0.0158,3.8912,162159,0.0066,24565431,24176311,0.9842,389120,0.0158,3.8912,162159,0.0066,15.43,None,0.0,0,0,0,0,0.9842,24176311,389120,cpu0_ITLB,ITLB,9577957,1.0,9577953,1.0,4,0.0,0.0,1,0.0,9577957,9577953,1.0,4,0.0,0.0,1,0.0,827.3,None,0.0,0,0,0,0,1.0,9577953,4,cpu0_L1D,L1D,16616943,0.6398,15528799,0.9345,1088144,0.0655,10.8814,325115,0.0196,25971574,23934152,0.9216,2037422,0.0784,20.3742,1023635,0.0394,7365,0.0003,62,0.0084,7303,0.9916,0.073,5,0.0007,9347266,0.3599,8405291,0.8992,941975,0.1008,9.4197,698515,0.0747,186.5,None,0.0,0,0,0,0,0.9345,15528799,1088144,cpu0_L1I,L1I,11682717,1.0,10367589,0.8874,1315128,0.1126,13.1513,511394,0.0438,11682717,10367589,0.8874,1315128,0.1126,13.1513,511394,0.0438,113.4,None,0.0,0,0,0,0,0.8874,10367589,1315128,cpu0_L2C,L2C,1566756,0.7204,993446,0.6341,573310,0.3659,5.7331,0,0.0,243447,0.1119,54573,0.2242,188874,0.7758,1.8887,0,0.0,2174711,1344630,0.6183,830081,0.3817,8.3008,0,0.0,7298,0.0034,1233,0.169,6065,0.831,0.0606,0,0.0,357210,0.1643,295378,0.8269,61832,0.1731,0.6183,0,0.0,320.2,None,0.0,0,0,0,0,0.579,1048019,762184,LLC,LLC,573310,0.5746,59406,0.1036,513904,0.8964,5.139,0,0.0,188874,0.1893,4267,0.0226,184607,0.9774,1.8461,0,0.0,997838,88966,0.0892,908872,0.9108,9.0887,0,0.0,6065,0.0061,92,0.0152,5973,0.9848,0.0597,0,0.0,229589,0.2301,25201,0.1098,204388,0.8902,2.0439,0,0.0,280.8,None,0.0,0,0,0,0,0.0835,63673,698511,cpu0_STLB,STLB,226964,1.0,223651,0.9854,3313,0.0146,0.0331,0,0.0,226964,223651,0.9854,3313,0.0146,0.0331,0,0.0,714.1,None,0.0,0,0,0,0,0.9854,223651,3313,50,0,0.6446,155132483,100000003,,core,1,core.1.v1.,v1,,l1d,n,l1d.n.v1.,v1,,l1i,n,l1i.n.v1.,v1,,l2c,n,l2c.n.v1.,v1,,llc,1,llc.1.v1.,v1,,memory,1,memory.1.v2.,v2,,tlbs,n,tlbs.n.v1.,v1,50,1,merced_050_1_050.raw,50,myscript_google,merced,0.0,0.0,/mnt/storage/traces/gtrace_v2_champsim_myscript/merced/merced.log,None,None,1,1,/mnt/storage/traces/gtrace_v2_champsim_myscript/merced/merced_0050.champsim.gz,0,0,True,
22.94,14.84,0.9237,12.13,0.9883,0.5568,0.3203,0.296,0.5438,cpu0_DTLB,DTLB,23893707,1.0,23572784,0.9866,320923,0.0134,3.2092,138525,0.0058,23893707,23572784,0.9866,320923,0.0134,3.2092,138525,0.0058,9.26,None,0.0,0,0,0,0,0.9866,23572784,320923,cpu0_ITLB,ITLB,8685721,1.0,8685682,1.0,39,0.0,0.0004,5,0.0,8685721,8685682,1.0,39,0.0,0.0004,5,0.0,238.6,None,0.0,0,0,0,0,1.0,8685682,39,cpu0_L1D,L1D,15659992,0.6114,14582777,0.9312,1077215,0.0688,10.7721,306853,0.0196,25614346,23354358,0.9118,2259988,0.0882,22.5999,1182603,0.0462,1972,0.0001,4,0.002,1968,0.998,0.0197,1,0.0005,9952382,0.3885,8771577,0.8814,1180805,0.1186,11.808,875749,0.088,217.0,None,0.0,0,0,0,0,0.9312,14582777,1077215,cpu0_L1I,L1I,10358234,1.0,8852150,0.8546,1506084,0.1454,15.0608,575652,0.0556,10358234,8852150,0.8546,1506084,0.1454,15.0608,575652,0.0556,134.5,None,0.0,0,0,0,0,0.8546,8852150,1506084,cpu0_L2C,L2C,1700781,0.6983,976843,0.5743,723938,0.4257,7.2394,0,0.0,305039,0.1252,73377,0.2405,231662,0.7595,2.3166,0,0.0,2435659,1396296,0.5733,1039363,0.4267,10.3936,0,0.0,1967,0.0008,135,0.0686,1832,0.9314,0.0183,0,0.0,427872,0.1757,345941,0.8085,81931,0.1915,0.8193,0,0.0,330.0,None,0.0,0,0,0,0,0.5236,1050220,955600,LLC,LLC,723938,0.5777,79374,0.1096,644564,0.8904,6.4456,0,0.0,231662,0.1849,10713,0.0462,220949,0.9538,2.2095,0,0.0,1253226,127148,0.1015,1126078,0.8985,11.2608,0,0.0,1832,0.0015,10,0.0055,1822,0.9945,0.0182,0,0.0,295794,0.236,37051,0.1253,258743,0.8747,2.5874,0,0.0,292.9,None,0.0,0,0,0,0,0.0943,90087,865513,cpu0_STLB,STLB,182432,1.0,181478,0.9948,954,0.0052,0.0095,0,0.0,182432,181478,0.9948,954,0.0052,0.0095,0,0.0,821.7,None,0.0,0,0,0,0,0.9948,181478,954,38,0,0.5631,177601907,100000002,,core,1,core.1.v1.,v1,,l1d,n,l1d.n.v1.,v1,,l1i,n,l1i.n.v1.,v1,,l2c,n,l2c.n.v1.,v1,,llc,1,llc.1.v1.,v1,,memory,1,memory.1.v2.,v2,,tlbs,n,tlbs.n.v1.,v1,38,1,yankee_038_1_038.raw,38,myscript_google,yankee,0.0,0.0,/mnt/storage/traces/gtrace_v2_champsim_myscript/yankee/yankee.log,None,None,1,1,/mnt/storage/traces/gtrace_v2_champsim_myscript/yankee/yankee_0038.champsim.gz,0,0,True,
60.95,2.432,0.9884,1.49,0.268,0.3213,0.0908,0.0829,0.1782,cpu0_DTLB,DTLB,19525190,1.0,19394455,0.9933,130735,0.0067,1.3073,54220,0.0028,19525190,19394455,0.9933,130735,0.0067,1.3073,54220,0.0028,25.42,None,0.0,0,0,0,0,0.9933,19394455,130735,cpu0_ITLB,ITLB,16499277,1.0,16499147,1.0,130,0.0,0.0013,71,0.0,16499277,16499147,1.0,130,0.0,0.0013,71,0.0,667.0,None,0.0,0,0,0,0,1.0,16499147,130,cpu0_L1D,L1D,12777692,0.6457,8901342,0.6966,3876350,0.3034,38.7635,2164886,0.1694,19790073,14921043,0.754,4869030,0.246,48.6903,2745047,0.1387,3594,0.0002,109,0.0303,3485,0.9697,0.0348,4,0.0011,7008787,0.3542,6019592,0.8589,989195,0.1411,9.8919,580157,0.0828,307.1,None,0.0,0,0,0,0,0.6966,8901342,3876350,cpu0_L1I,L1I,18407738,1.0,17841260,0.9692,566478,0.0308,5.6648,205527,0.0112,18407738,17841260,0.9692,566478,0.0308,5.6648,205527,0.0112,160.1,None,0.0,0,0,0,0,0.9692,17841260,566478,cpu0_L2C,L2C,2072415,0.7063,313535,0.1513,1758880,0.8487,17.5888,0,0.0,409028,0.1394,20674,0.0505,388354,0.9495,3.8835,0,0.0,2934374,665423,0.2268,2268951,0.7732,22.6895,0,0.0,3482,0.0012,819,0.2352,2663,0.7648,0.0266,0,0.0,449449,0.1532,330395,0.7351,119054,0.2649,1.1905,0,0.0,303.5,None,0.0,0,0,0,0,0.1347,334209,2147234,LLC,LLC,1758880,0.6872,5483,0.0031,1753397,0.9969,17.534,0,0.0,388354,0.1517,879,0.0023,387475,0.9977,3.8747,0,0.0,2559411,14581,0.0057,2544830,0.9943,25.4483,0,0.0,2663,0.001,20,0.0075,2643,0.9925,0.0264,0,0.0,409514,0.16,8199,0.02,401315,0.98,4.0131,0,0.0,258.3,None,0.0,0,0,0,0,0.003,6362,2140872,cpu0_STLB,STLB,76573,1.0,74786,0.9767,1787,0.0233,0.0179,0,0.0,76573,74786,0.9767,1787,0.0233,0.0179,0,0.0,893.7,None,0.0,0,0,0,0,0.9767,74786,1787,13,0,0.214,467386451,100000001,,core,1,core.1.v1.,v1,,l1d,n,l1d.n.v1.,v1,,l1i,n,l1i.n.v1.,v1,,l2c,n,l2c.n.v1.,v1,,llc,1,llc.1.v1.,v1,,memory,1,memory.1.v2.,v2,,tlbs,n,tlbs.n.v1.,v1,13,1,sierra.a.4_013_1_013.raw,13,myscript_google,sierra.a.4,0.0,0.0,/mnt/storage/traces/gtrace_v2_champsim_myscript/sierra.a.4/sierra.a.4.log,100000000,100000000,1,1,/mnt/storage/traces/gtrace_v2_champsim_myscript/sierra.a.4/sierra.a.4_0013.champsim.gz,0,0,True,
40.86,10.75,0.9375,7.644,0.771,1.32,0.2431,0.2651,0.5033,cpu0_DTLB,DTLB,21918247,1.0,21408647,0.9767,509600,0.0233,5.096,214281,0.0098,21918247,21408647,0.9767,509600,0.0233,5.096,214281,0.0098,25.13,None,0.0,0,0,0,0,0.9767,21408647,509600,cpu0_ITLB,ITLB,8954754,1.0,8954744,1.0,10,0.0,0.0001,5,0.0,8954754,8954744,1.0,10,0.0,0.0001,5,0.0,1031.0,None,0.0,0,0,0,0,1.0,8954744,10,cpu0_L1D,L1D,14810324,0.6405,13164632,0.8889,1645692,0.1111,16.4569,495796,0.0335,23124127,20323207,0.8789,2800920,0.1211,28.0092,1346453,0.0582,18739,0.0008,146,0.0078,18593,0.9922,0.1859,20,0.0011,8295064,0.3587,7158429,0.863,1136635,0.137,11.3664,850637,0.1025,172.7,None,0.0,0,0,0,0,0.8889,13164632,1645692,cpu0_L1I,L1I,10829708,1.0,8924173,0.824,1905535,0.176,19.0554,763658,0.0705,10829708,8924173,0.824,1905535,0.176,19.0554,763658,0.0705,98.36,None,0.0,0,0,0,0,0.824,8924173,1905535,cpu0_L2C,L2C,2291758,0.7579,1417467,0.6185,874291,0.3815,8.7429,0,0.0,285984,0.0946,81135,0.2837,204849,0.7163,2.0485,0,0.0,3023640,1852284,0.6126,1171356,0.3874,11.7136,0,0.0,18573,0.0061,3214,0.173,15359,0.827,0.1536,0,0.0,427325,0.1413,350468,0.8201,76857,0.1799,0.7686,0,0.0,292.7,None,0.0,0,0,0,0,0.5814,1498602,1079140,LLC,LLC,874291,0.6442,79732,0.0912,794559,0.9088,7.9456,0,0.0,204849,0.1509,7658,0.0374,197191,0.9626,1.9719,0,0.0,1357238,123710,0.0911,1233528,0.9089,12.3353,0,0.0,15359,0.0113,472,0.0307,14887,0.9693,0.1489,0,0.0,262739,0.1936,35848,0.1364,226891,0.8636,2.2689,0,0.0,265.2,None,0.0,0,0,0,0,0.081,87390,991750,cpu0_STLB,STLB,295324,1.0,286965,0.9717,8359,0.0283,0.0836,0,0.0,295324,286965,0.9717,8359,0.0283,0.0836,0,0.0,710.9,None,0.0,0,0,0,0,0.9717,286965,8359,54,0,0.4605,217132268,100000000,,core,1,core.1.v1.,v1,,l1d,n,l1d.n.v1.,v1,,l1i,n,l1i.n.v1.,v1,,l2c,n,l2c.n.v1.,v1,,llc,1,llc.1.v1.,v1,,memory,1,memory.1.v2.,v2,,tlbs,n,tlbs.n.v1.,v1,54,1,merced_054_1_054.raw,54,myscript_google,merced,0.0,0.0,/mnt/storage/traces/gtrace_v2_champsim_myscript/merced/merced.log,None,None,1,1,/mnt/storage/traces/gtrace_v2_champsim_myscript/merced/merced_0054.champsim.gz,0,0,True,
58.7,8.996,0.9522,3.635,1.562,2.121,0.2807,0.358,1.039,cpu0_DTLB,DTLB,26874273,1.0,26026552,0.9685,847721,0.0315,8.4772,351555,0.0131,26874273,26026552,0.9685,847721,0.0315,8.4772,351555,0.0131,7.723,None,0.0,0,0,0,0,0.9685,26026552,847721,cpu0_ITLB,ITLB,12431087,1.0,12431004,1.0,83,0.0,0.0008,30,0.0,12431087,12431004,1.0,83,0.0,0.0008,30,0.0,398.0,None,0.0,0,0,0,0,1.0,12431004,83,cpu0_L1D,L1D,15413675,0.5354,13437295,0.8718,1976380,0.1282,19.7638,584163,0.0379,28787004,24799261,0.8615,3987743,0.1385,39.8774,2097730,0.0729,3167,0.0001,2,0.0006,3165,0.9994,0.0316,0,0.0,13370162,0.4645,11361964,0.8498,2008198,0.1502,20.082,1513567,0.1132,161.2,None,0.0,0,0,0,0,0.8718,13437295,1976380,cpu0_L1I,L1I,15042219,1.0,9173605,0.6099,5868614,0.3901,58.6861,2299113,0.1528,15042219,9173605,0.6099,5868614,0.3901,58.6861,2299113,0.1528,50.49,None,0.0,0,0,0,0,0.6099,9173605,5868614,cpu0_L2C,L2C,4961681,0.7893,3922769,0.7906,1038912,0.2094,10.3891,0,0.0,494606,0.0787,197060,0.3984,297546,0.6016,2.9755,0,0.0,6286418,4832560,0.7687,1453858,0.2313,14.5386,0,0.0,3165,0.0005,133,0.042,3032,0.958,0.0303,0,0.0,826966,0.1315,712598,0.8617,114368,0.1383,1.1437,0,0.0,304.9,None,0.0,0,0,0,0,0.7551,4119829,1336458,LLC,LLC,1038912,0.5748,119156,0.1147,919756,0.8853,9.1976,0,0.0,297546,0.1646,16911,0.0568,280635,0.9432,2.8064,0,0.0,1807511,215887,0.1194,1591624,0.8806,15.9162,0,0.0,3032,0.0017,26,0.0086,3006,0.9914,0.0301,0,0.0,468021,0.2589,79794,0.1705,388227,0.8295,3.8823,0,0.0,267.0,None,0.0,0,0,0,0,0.1018,136067,1200391,cpu0_STLB,STLB,496219,1.0,494636,0.9968,1583,0.0032,0.0158,0,0.0,496219,494636,0.9968,1583,0.0032,0.0158,0,0.0,865.4,None,0.0,0,0,0,0,0.9968,494636,1583,15,0,0.4524,221040921,100000000,,core,1,core.1.v1.,v1,,l1d,n,l1d.n.v1.,v1,,l1i,n,l1i.n.v1.,v1,,l2c,n,l2c.n.v1.,v1,,llc,1,llc.1.v1.,v1,,memory,1,memory.1.v2.,v2,,tlbs,n,tlbs.n.v1.,v1,15,1,sierra.a.3_015_1_015.raw,15,myscript_google,sierra.a.3,0.0,0.0,/mnt/storage/traces/gtrace_v2_champsim_myscript/sierra.a.3/sierra.a.3.log,100000000,100000000,1,1,/mnt/storage/traces/gtrace_v2_champsim_myscript/sierra.a.3/sierra.a.3_0015.champsim.gz,0,0,True,
44.32,9.674,0.9472,5.646,1.42,0.8504,0.4807,0.46,0.8169,cpu0_DTLB,DTLB,26004054,1.0,25490452,0.9802,513602,0.0198,5.136,208867,0.008,26004054,25490452,0.9802,513602,0.0198,5.136,208867,0.008,8.614,None,0.0,0,0,0,0,0.9802,25490452,513602,cpu0_ITLB,ITLB,9414074,1.0,9413983,1.0,91,0.0,0.0009,39,0.0,9414074,9413983,1.0,91,0.0,0.0009,39,0.0,239.4,None,0.0,0,0,0,0,1.0,9413983,91,cpu0_L1D,L1D,16273250,0.5923,14740398,0.9058,1532852,0.0942,15.3285,469197,0.0288,27476312,24421836,0.8888,3054476,0.1112,30.5448,1601831,0.0583,2717,0.0001,28,0.0103,2689,0.9897,0.0269,3,0.0011,11200345,0.4076,9681410,0.8644,1518935,0.1356,15.1893,1132631,0.1011,210.5,None,0.0,0,0,0,0,0.9058,14740398,1532852,cpu0_L1I,L1I,11275288,1.0,9299586,0.8248,1975702,0.1752,19.757,741619,0.0658,11275288,9299586,0.8248,1975702,0.1752,19.757,741619,0.0658,139.1,None,0.0,0,0,0,0,0.8248,9299586,1975702,cpu0_L2C,L2C,2297731,0.7094,1317415,0.5734,980316,0.4266,9.8032,0,0.0,386281,0.1193,91624,0.2372,294657,0.7628,2.9466,0,0.0,3239011,1852903,0.5721,1386108,0.4279,13.8611,0,0.0,2686,0.0008,239,0.089,2447,0.911,0.0245,0,0.0,552313,0.1705,443625,0.8032,108688,0.1968,1.0869,0,0.0,329.1,None,0.0,0,0,0,0,0.525,1409039,1274973,LLC,LLC,980316,0.589,94781,0.0967,885535,0.9033,8.8553,0,0.0,294657,0.177,6837,0.0232,287820,0.9768,2.8782,0,0.0,1664501,141226,0.0848,1523275,0.9152,15.2327,0,0.0,2447,0.0015,4,0.0016,2443,0.9984,0.0244,0,0.0,387081,0.2326,39604,0.1023,347477,0.8977,3.4748,0,0.0,287.9,None,0.0,0,0,0,0,0.0797,101618,1173355,cpu0_STLB,STLB,304787,1.0,303530,0.9959,1257,0.0041,0.0126,0,0.0,304787,303530,0.9959,1257,0.0041,0.0126,0,0.0,884.6,None,0.0,0,0,0,0,0.9959,303530,1257,5,0,0.4459,224283880,100000001,,core,1,core.1.v1.,v1,,l1d,n,l1d.n.v1.,v1,,l1i,n,l1i.n.v1.,v1,,l2c,n,l2c.n.v1.,v1,,llc,1,llc.1.v1.,v1,,memory,1,memory.1.v2.,v2,,tlbs,n,tlbs.n.v1.,v1,5,1,yankee_005_1_005.raw,5,myscript_google,yankee,0.0,0.0,/mnt/storage/traces/gtrace_v2_champsim_myscript/yankee/yankee.log,None,None,1,1,/mnt/storage/traces/gtrace_v2_champsim_myscript/yankee/yankee_0005.champsim.gz,0,0,True,
41.68,10.86,0.9414,6.421,1.531,0.9891,0.5431,0.4936,0.8864,cpu0_DTLB,DTLB,27034544,1.0,26509278,0.9806,525266,0.0194,5.2527,223497,0.0083,27034544,26509278,0.9806,525266,0.0194,5.2527,223497,0.0083,9.0,None,0.0,0,0,0,0,0.9806,26509278,525266,cpu0_ITLB,ITLB,8844098,1.0,8843961,1.0,137,0.0,0.0014,65,0.0,8844098,8843961,1.0,137,0.0,0.0014,65,0.0,191.9,None,0.0,0,0,0,0,1.0,8843961,137,cpu0_L1D,L1D,16723741,0.5855,15051844,0.9,1671897,0.1,16.719,508536,0.0304,28565391,25142724,0.8802,3422667,0.1198,34.2267,1823347,0.0638,2988,0.0001,32,0.0107,2956,0.9893,0.0296,3,0.001,11838662,0.4144,10090848,0.8524,1747814,0.1476,17.4781,1314808,0.1111,213.5,None,0.0,0,0,0,0,0.9,15051844,1671897,cpu0_L1I,L1I,10669539,1.0,8547609,0.8011,2121930,0.1989,21.2193,793438,0.0744,10669539,8547609,0.8011,2121930,0.1989,21.2193,793438,0.0744,146.6,None,0.0,0,0,0,0,0.8011,8547609,2121930,cpu0_L2C,L2C,2491841,0.7038,1418900,0.5694,1072941,0.4306,10.7294,0,0.0,432969,0.1223,98357,0.2272,334612,0.7728,3.3461,0,0.0,3540452,2007873,0.5671,1532579,0.4329,15.3258,0,0.0,2953,0.0008,229,0.0775,2724,0.9225,0.0272,0,0.0,612689,0.1731,490387,0.8004,122302,0.1996,1.223,0,0.0,334.8,None,0.0,0,0,0,0,0.5188,1517257,1407553,LLC,LLC,1072941,0.5815,96977,0.0904,975964,0.9096,9.7596,0,0.0,334612,0.1813,8948,0.0267,325664,0.9733,3.2566,0,0.0,1845267,154411,0.0837,1690856,0.9163,16.9086,0,0.0,2724,0.0015,20,0.0073,2704,0.9927,0.027,0,0.0,434990,0.2357,48466,0.1114,386524,0.8886,3.8652,0,0.0,291.9,None,0.0,0,0,0,0,0.0753,105925,1301628,cpu0_STLB,STLB,301841,1.0,300428,0.9953,1413,0.0047,0.0141,0,0.0,301841,300428,0.9953,1413,0.0047,0.0141,0,0.0,862.7,None,0.0,0,0,0,0,0.9953,300428,1413,57,0,0.4103,243745599,100000002,,core,1,core.1.v1.,v1,,l1d,n,l1d.n.v1.,v1,,l1i,n,l1i.n.v1.,v1,,l2c,n,l2c.n.v1.,v1,,llc,1,llc.1.v1.,v1,,memory,1,memory.1.v2.,v2,,tlbs,n,tlbs.n.v1.,v1,57,1,yankee_057_1_057.raw,57,myscript_google,yankee,0.0,0.0,/mnt/storage/traces/gtrace_v2_champsim_myscript/yankee/yankee.log,None,None,1,1,/mnt/storage/traces/gtrace_v2_champsim_myscript/yankee/yankee_0057.champsim.gz,0,0,True,
42.43,10.6,0.9429,6.246,1.561,0.952,0.488,0.4818,0.8742,cpu0_DTLB,DTLB,26820634,1.0,26302710,0.9807,517924,0.0193,5.1792,222591,0.0083,26820634,26302710,0.9807,517924,0.0193,5.1792,222591,0.0083,8.364,None,0.0,0,0,0,0,0.9807,26302710,517924,cpu0_ITLB,ITLB,8976144,1.0,8976072,1.0,72,0.0,0.0007,16,0.0,8976144,8976072,1.0,72,0.0,0.0007,16,0.0,57.04,None,0.0,0,0,0,0,1.0,8976072,72,cpu0_L1D,L1D,16567318,0.5846,14891358,0.8988,1675960,0.1012,16.7596,490632,0.0296,28337952,24915275,0.8792,3422677,0.1208,34.2268,1786854,0.0631,2420,0.0001,5,0.0021,2415,0.9979,0.0241,1,0.0004,11768214,0.4153,10023912,0.8518,1744302,0.1482,17.443,1296221,0.1101,203.9,None,0.0,0,0,0,0,0.8988,14891358,1675960,cpu0_L1I,L1I,10866062,1.0,8487180,0.7811,2378882,0.2189,23.7888,903841,0.0832,10866062,8487180,0.7811,2378882,0.2189,23.7888,903841,0.0832,133.5,None,0.0,0,0,0,0,0.7811,8487180,2378882,cpu0_L2C,L2C,2660357,0.7106,1573450,0.5914,1086907,0.4086,10.8691,0,0.0,448057,0.1197,108829,0.2429,339228,0.7571,3.3923,0,0.0,3743967,2192602,0.5856,1551365,0.4144,15.5136,0,0.0,2414,0.0006,140,0.058,2274,0.942,0.0227,0,0.0,633139,0.1691,510183,0.8058,122956,0.1942,1.2296,0,0.0,326.1,None,0.0,0,0,0,0,0.5412,1682279,1426135,LLC,LLC,1086907,0.5813,129545,0.1192,957362,0.8808,9.5736,0,0.0,339228,0.1814,10453,0.0308,328775,0.9692,3.2877,0,0.0,1869665,191304,0.1023,1678361,0.8977,16.7836,0,0.0,2274,0.0012,9,0.004,2265,0.996,0.0226,0,0.0,441256,0.236,51297,0.1163,389959,0.8837,3.8996,0,0.0,289.7,None,0.0,0,0,0,0,0.0982,139998,1286137,cpu0_STLB,STLB,295389,1.0,294208,0.996,1181,0.004,0.0118,0,0.0,295389,294208,0.996,1181,0.004,0.0118,0,0.0,842.6,None,0.0,0,0,0,0,0.996,294208,1181,10,0,0.4201,238014580,100000001,,core,1,core.1.v1.,v1,,l1d,n,l1d.n.v1.,v1,,l1i,n,l1i.n.v1.,v1,,l2c,n,l2c.n.v1.,v1,,llc,1,llc.1.v1.,v1,,memory,1,memory.1.v2.,v2,,tlbs,n,tlbs.n.v1.,v1,10,1,yankee_010_1_010.raw,10,myscript_google,yankee,0.0,0.0,/mnt/storage/traces/gtrace_v2_champsim_myscript/yankee/yankee.log,None,None,1,1,/mnt/storage/traces/gtrace_v2_champsim_myscript/yankee/yankee_0010.champsim.gz,0,0,True,
35.85,13.43,0.927,5.133,2.602,3.117,0.3174,0.5508,1.705,cpu0_DTLB,DTLB,28041731,1.0,27003768,0.963,1037963,0.037,10.3796,427358,0.0152,28041731,27003768,0.963,1037963,0.037,10.3796,427358,0.0152,10.61,None,0.0,0,0,0,0,0.963,27003768,1037963,cpu0_ITLB,ITLB,12799276,1.0,12798989,1.0,287,0.0,0.0029,158,0.0,12799276,12798989,1.0,287,0.0,0.0029,158,0.0,494.7,None,0.0,0,0,0,0,1.0,12798989,287,cpu0_L1D,L1D,16817398,0.5669,14446126,0.859,2371272,0.141,23.7127,634703,0.0377,29667884,25211714,0.8498,4456170,0.1502,44.5617,2031787,0.0685,10286,0.0003,32,0.0031,10254,0.9969,0.1025,3,0.0003,12840200,0.4328,10765556,0.8384,2074644,0.1616,20.7464,1397081,0.1088,238.1,None,0.0,0,0,0,0,0.859,14446126,2371272,cpu0_L1I,L1I,15525219,1.0,9581779,0.6172,5943440,0.3828,59.4344,2215860,0.1427,15525219,9581779,0.6172,5943440,0.3828,59.4344,2215860,0.1427,97.29,None,0.0,0,0,0,0,0.6172,9581779,5943440,cpu0_L2C,L2C,5464123,0.7544,3657858,0.6694,1806265,0.3306,18.0626,0,0.0,677495,0.0935,209647,0.3094,467848,0.6906,4.6785,0,0.0,7242976,4762701,0.6576,2480275,0.3424,24.8027,0,0.0,10251,0.0014,570,0.0556,9681,0.9444,0.0968,0,0.0,1091107,0.1506,894626,0.8199,196481,0.1801,1.9648,0,0.0,359.4,None,0.0,0,0,0,0,0.6297,3867505,2274113,LLC,LLC,1806265,0.6063,184129,0.1019,1622136,0.8981,16.2214,0,0.0,467848,0.157,30110,0.0644,437738,0.9356,4.3774,0,0.0,2979340,327145,0.1098,2652195,0.8902,26.5219,0,0.0,9681,0.0032,200,0.0207,9481,0.9793,0.0948,0,0.0,695546,0.2335,112706,0.162,582840,0.838,5.8284,0,0.0,324.1,None,0.0,0,0,0,0,0.0942,214239,2059874,cpu0_STLB,STLB,610734,1.0,605591,0.9916,5143,0.0084,0.0514,0,0.0,610734,605591,0.9916,5143,0.0084,0.0514,0,0.0,677.3,None,0.0,0,0,0,0,0.9916,605591,5143,16,0,0.2846,351404562,100000004,,core,1,core.1.v1.,v1,,l1d,n,l1d.n.v1.,v1,,l1i,n,l1i.n.v1.,v1,,l2c,n,l2c.n.v1.,v1,,llc,1,llc.1.v1.,v1,,memory,1,memory.1.v2.,v2,,tlbs,n,tlbs.n.v1.,v1,16,1,sierra.a.4_016_1_016.raw,16,myscript_google,sierra.a.4,0.0,0.0,/mnt/storage/traces/gtrace_v2_champsim_myscript/sierra.a.4/sierra.a.4.log,100000000,100000000,1,1,/mnt/storage/traces/gtrace_v2_champsim_myscript/sierra.a.4/sierra.a.4_0016.champsim.gz,0,0,True,
109.8,3.841,0.9797,2.36,0.1003,0.2031,0.6152,0.3871,0.1755,cpu0_DTLB,DTLB,24932657,1.0,24819202,0.9954,113455,0.0046,1.1345,53025,0.0021,24932657,24819202,0.9954,113455,0.0046,1.1345,53025,0.0021,49.92,None,0.0,0,0,0,0,0.9954,24819202,113455,cpu0_ITLB,ITLB,9557418,1.0,9557396,1.0,22,0.0,0.0002,6,0.0,9557418,9557396,1.0,22,0.0,0.0002,6,0.0,781.3,None,0.0,0,0,0,0,1.0,9557396,22,cpu0_L1D,L1D,15393333,0.5771,14329782,0.9309,1063551,0.0691,10.6355,480473,0.0312,26675498,23488988,0.8805,3186510,0.1195,31.8651,2161371,0.081,6780,0.0003,32,0.0047,6748,0.9953,0.0675,7,0.001,11275385,0.4227,9159174,0.8123,2116211,0.1877,21.1621,1680891,0.1491,299.0,None,0.0,0,0,0,0,0.9309,14329782,1063551,cpu0_L1I,L1I,11371998,1.0,10204698,0.8974,1167300,0.1026,11.673,499575,0.0439,11371998,10204698,0.8974,1167300,0.1026,11.673,499575,0.0439,68.06,None,0.0,0,0,0,0,0.8974,10204698,1167300,cpu0_L2C,L2C,1250798,0.5555,893378,0.7142,357420,0.2858,3.5742,0,0.0,435316,0.1933,28323,0.0651,406993,0.9349,4.0699,0,0.0,2251751,1404669,0.6238,847082,0.3762,8.4708,0,0.0,6741,0.003,1096,0.1626,5645,0.8374,0.0564,0,0.0,558896,0.2482,481872,0.8622,77024,0.1378,0.7702,0,0.0,399.6,None,0.0,0,0,0,0,0.5466,921701,764413,LLC,LLC,357420,0.2835,14345,0.0401,343075,0.9599,3.4307,0,0.0,406992,0.3228,1534,0.0038,405458,0.9962,4.0546,0,0.0,1260926,29960,0.0238,1230966,0.9762,12.3097,0,0.0,5645,0.0045,52,0.0092,5593,0.9908,0.0559,0,0.0,490869,0.3893,14029,0.0286,476840,0.9714,4.7684,0,0.0,268.2,None,0.0,0,0,0,0,0.0208,15879,748533,cpu0_STLB,STLB,60446,1.0,57064,0.944,3382,0.056,0.0338,0,0.0,60446,57064,0.944,3382,0.056,0.0338,0,0.0,805.3,None,0.0,0,0,0,0,0.944,57064,3382,12,0,0.6898,144964678,100000002,,core,1,core.1.v1.,v1,,l1d,n,l1d.n.v1.,v1,,l1i,n,l1i.n.v1.,v1,,l2c,n,l2c.n.v1.,v1,,llc,1,llc.1.v1.,v1,,memory,1,memory.1.v2.,v2,,tlbs,n,tlbs.n.v1.,v1,12,1,charlie_012_1_012.raw,12,myscript_google,charlie,0.0,0.0,/mnt/storage/traces/gtrace_v2_champsim_myscript/charlie/charlie.log,100000000,100000000,1,1,/mnt/storage/traces/gtrace_v2_champsim_myscript/charlie/charlie_0012.champsim.gz,0,0,True,
71.09,6.991,0.9649,2.9,1.156,1.496,0.2111,0.3131,0.9145,cpu0_DTLB,DTLB,26697168,1.0,25944325,0.9718,752843,0.0282,7.5284,308363,0.0116,26697168,25944325,0.9718,752843,0.0282,7.5284,308363,0.0116,5.661,None,0.0,0,0,0,0,0.9718,25944325,752843,cpu0_ITLB,ITLB,12556096,1.0,12556087,1.0,9,0.0,0.0001,2,0.0,12556096,12556087,1.0,9,0.0,0.0001,2,0.0,1055.0,None,0.0,0,0,0,0,1.0,12556087,9,cpu0_L1D,L1D,14718211,0.5142,12455818,0.8463,2262393,0.1537,22.6239,745747,0.0507,28624511,24333149,0.8501,4291362,0.1499,42.9136,2293062,0.0801,573,0.0,2,0.0035,571,0.9965,0.0057,0,0.0,13905727,0.4858,11877329,0.8541,2028398,0.1459,20.284,1547315,0.1113,177.2,None,0.0,0,0,0,0,0.8463,12455818,2262393,cpu0_L1I,L1I,15111213,1.0,9679680,0.6406,5431533,0.3594,54.3153,2172016,0.1437,15111213,9679680,0.6406,5431533,0.3594,54.3153,2172016,0.1437,46.28,None,0.0,0,0,0,0,0.6406,9679680,5431533,cpu0_L2C,L2C,4776132,0.7837,3684096,0.7714,1092036,0.2286,10.9204,0,0.0,481059,0.0789,182183,0.3787,298876,0.6213,2.9888,0,0.0,6094520,4582499,0.7519,1512021,0.2481,15.1202,0,0.0,571,0.0001,13,0.0228,558,0.9772,0.0056,0,0.0,836758,0.1373,716207,0.8559,120551,0.1441,1.2055,0,0.0,307.3,None,0.0,0,0,0,0,0.7354,3866279,1390912,LLC,LLC,1092036,0.5704,107978,0.0989,984058,0.9011,9.8406,0,0.0,298876,0.1561,18519,0.062,280357,0.938,2.8036,0,0.0,1914453,211335,0.1104,1703118,0.8896,17.0312,0,0.0,558,0.0003,0,0.0,558,1.0,0.0056,0,0.0,522983,0.2732,84838,0.1622,438145,0.8378,4.3815,0,0.0,261.9,None,0.0,0,0,0,0,0.0909,126497,1264415,cpu0_STLB,STLB,444487,1.0,444201,0.9994,286,0.0006,0.0029,0,0.0,444487,444201,0.9994,286,0.0006,0.0029,0,0.0,1052.0,None,0.0,0,0,0,0,0.9994,444201,286,2,0,0.4318,231593264,100000000,,core,1,core.1.v1.,v1,,l1d,n,l1d.n.v1.,v1,,l1i,n,l1i.n.v1.,v1,,l2c,n,l2c.n.v1.,v1,,llc,1,llc.1.v1.,v1,,memory,1,memory.1.v2.,v2,,tlbs,n,tlbs.n.v1.,v1,2,1,sierra.a.6_002_1_002.raw,2,myscript_google,sierra.a.6,0.0,0.0,/mnt/storage/traces/gtrace_v2_champsim_myscript/sierra.a.6/sierra.a.6.log,100000000,100000000,1,1,/mnt/storage/traces/gtrace_v2_champsim_myscript/sierra.a.6/sierra.a.6_0002.champsim.gz,0,0,True,
50.31,8.242,0.9587,4.768,0.9076,0.723,0.4158,0.5369,0.8909,cpu0_DTLB,DTLB,27431470,1.0,26953329,0.9826,478141,0.0174,4.7814,202447,0.0074,27431470,26953329,0.9826,478141,0.0174,4.7814,202447,0.0074,13.82,None,0.0,0,0,0,0,0.9826,26953329,478141,cpu0_ITLB,ITLB,9485052,1.0,9484870,1.0,182,0.0,0.0018,50,0.0,9485052,9484870,1.0,182,0.0,0.0018,50,0.0,251.3,None,0.0,0,0,0,0,1.0,9484870,182,cpu0_L1D,L1D,17308045,0.5866,15899831,0.9186,1408214,0.0814,14.0821,405771,0.0234,29505250,26862596,0.9104,2642654,0.0896,26.4265,1292354,0.0438,6333,0.0002,46,0.0073,6287,0.9927,0.0629,6,0.0009,12190872,0.4132,10962719,0.8993,1228153,0.1007,12.2815,886577,0.0727,239.0,None,0.0,0,0,0,0,0.9186,15899831,1408214,cpu0_L1I,L1I,11339589,1.0,8975870,0.7916,2363719,0.2084,23.6372,850091,0.075,11339589,8975870,0.7916,2363719,0.2084,23.6372,850091,0.075,86.06,None,0.0,0,0,0,0,0.7916,8975870,2363719,cpu0_L2C,L2C,2516063,0.7477,1641818,0.6525,874245,0.3475,8.7424,0,0.0,341560,0.1015,76796,0.2248,264764,0.7752,2.6476,0,0.0,3364850,2123744,0.6312,1241106,0.3688,12.4111,0,0.0,6281,0.0019,1024,0.163,5257,0.837,0.0526,0,0.0,500946,0.1489,404106,0.8067,96840,0.1933,0.9684,0,0.0,346.9,None,0.0,0,0,0,0,0.6014,1718614,1139009,LLC,LLC,874245,0.5867,70155,0.0802,804090,0.9198,8.0409,0,0.0,264764,0.1777,7998,0.0302,256766,0.9698,2.5677,0,0.0,1490004,123490,0.0829,1366514,0.9171,13.6651,0,0.0,5257,0.0035,52,0.0099,5205,0.9901,0.052,0,0.0,345738,0.232,45285,0.131,300453,0.869,3.0045,0,0.0,303.4,None,0.0,0,0,0,0,0.0686,78153,1060856,cpu0_STLB,STLB,275826,1.0,272960,0.9896,2866,0.0104,0.0287,0,0.0,275826,272960,0.9896,2866,0.0104,0.0287,0,0.0,858.4,None,0.0,0,0,0,0,0.9896,272960,2866,6,0,0.4876,205099487,100000003,,core,1,core.1.v1.,v1,,l1d,n,l1d.n.v1.,v1,,l1i,n,l1i.n.v1.,v1,,l2c,n,l2c.n.v1.,v1,,llc,1,llc.1.v1.,v1,,memory,1,memory.1.v2.,v2,,tlbs,n,tlbs.n.v1.,v1,6,1,tahoe_006_1_006.raw,6,myscript_google,tahoe,0.0,0.0,/mnt/storage/traces/gtrace_v2_champsim_myscript/tahoe/tahoe.log,100000000,100000000,1,1,/mnt/storage/traces/gtrace_v2_champsim_myscript/tahoe/tahoe_0006.champsim.gz,0,0,True,
62.18,8.42,0.9547,4.147,1.239,0.7941,0.84,0.4107,0.9897,cpu0_DTLB,DTLB,26892091,1.0,26138710,0.972,753381,0.028,7.5338,339779,0.0126,26892091,26138710,0.972,753381,0.028,7.5338,339779,0.0126,13.93,None,0.0,0,0,0,0,0.972,26138710,753381,cpu0_ITLB,ITLB,11259875,1.0,11258041,0.9998,1834,0.0002,0.0183,1261,0.0001,11259875,11258041,0.9998,1834,0.0002,0.0183,1261,0.0001,23.21,None,0.0,0,0,0,0,0.9998,11258041,1834,cpu0_L1D,L1D,15296785,0.5337,13643811,0.8919,1652974,0.1081,16.5297,489059,0.032,28663869,25313303,0.8831,3350566,0.1169,33.5057,1773917,0.0619,11368,0.0004,203,0.0179,11165,0.9821,0.1116,106,0.0093,13355716,0.4659,11669289,0.8737,1686427,0.1263,16.8643,1284752,0.0962,162.6,None,0.0,0,0,0,0,0.8919,13643811,1652974,cpu0_L1I,L1I,13299005,1.0,9266372,0.6968,4032633,0.3032,40.3263,1576137,0.1185,13299005,9266372,0.6968,4032633,0.3032,40.3263,1576137,0.1185,25.48,None,0.0,0,0,0,0,0.6968,9266372,4032633,cpu0_L2C,L2C,3620386,0.7767,3089800,0.8534,530586,0.1466,5.3059,0,0.0,401648,0.0862,102851,0.2561,298797,0.7439,2.988,0,0.0,4661096,3724022,0.799,937074,0.201,9.3707,0,0.0,11059,0.0024,1832,0.1657,9227,0.8343,0.0923,0,0.0,628003,0.1347,529539,0.8432,98464,0.1568,0.9846,0,0.0,307.7,None,0.0,0,0,0,0,0.7938,3192651,829383,LLC,LLC,530586,0.4202,48429,0.0913,482157,0.9087,4.8216,0,0.0,298797,0.2366,13458,0.045,285339,0.955,2.8534,0,0.0,1262781,128137,0.1015,1134644,0.8985,11.3464,0,0.0,9227,0.0073,275,0.0298,8952,0.9702,0.0895,0,0.0,424171,0.3359,65975,0.1555,358196,0.8445,3.582,0,0.0,244.8,None,0.0,0,0,0,0,0.0746,61887,767496,cpu0_STLB,STLB,414175,1.0,408923,0.9873,5252,0.0127,0.0525,0,0.0,414175,408923,0.9873,5252,0.0127,0.0525,0,0.0,704.0,None,0.0,0,0,0,0,0.9873,408923,5252,24,0,0.5947,168159944,100000003,,core,1,core.1.v1.,v1,,l1d,n,l1d.n.v1.,v1,,l1i,n,l1i.n.v1.,v1,,l2c,n,l2c.n.v1.,v1,,llc,1,llc.1.v1.,v1,,memory,1,memory.1.v2.,v2,,tlbs,n,tlbs.n.v1.,v1,24,1,tango_024_1_024.raw,24,myscript_google,tango,0.0,0.0,/mnt/storage/traces/gtrace_v2_champsim_myscript/tango/tango.log,100000000,100000000,1,1,/mnt/storage/traces/gtrace_v2_champsim_myscript/tango/tango_0024.champsim.gz,0,0,True,
44.4,9.566,0.9442,5.591,1.501,0.8009,0.421,0.4344,0.818,cpu0_DTLB,DTLB,26534317,1.0,26049606,0.9817,484711,0.0183,4.8471,209172,0.0079,26534317,26049606,0.9817,484711,0.0183,4.8471,209172,0.0079,8.802,None,0.0,0,0,0,0,0.9817,26049606,484711,cpu0_ITLB,ITLB,9432378,1.0,9432319,1.0,59,0.0,0.0006,14,0.0,9432378,9432319,1.0,59,0.0,0.0006,14,0.0,169.8,None,0.0,0,0,0,0,1.0,9432319,59,cpu0_L1D,L1D,16127818,0.5677,14643963,0.908,1483855,0.092,14.8385,430565,0.0267,28411463,25355561,0.8924,3055902,0.1076,30.559,1602113,0.0564,2610,0.0001,3,0.0011,2607,0.9989,0.0261,0,0.0,12281035,0.4323,10711595,0.8722,1569440,0.1278,15.6944,1171548,0.0954,201.6,None,0.0,0,0,0,0,0.908,14643963,1483855,cpu0_L1I,L1I,11363873,1.0,9138701,0.8042,2225172,0.1958,22.2517,849211,0.0747,11363873,9138701,0.8042,2225172,0.1958,22.2517,849211,0.0747,126.1,None,0.0,0,0,0,0,0.8042,9138701,2225172,cpu0_L2C,L2C,2429235,0.7153,1458507,0.6004,970728,0.3996,9.7073,0,0.0,397862,0.1171,96485,0.2425,301377,0.7575,3.0138,0,0.0,3396338,2009869,0.5918,1386469,0.4082,13.8647,0,0.0,2607,0.0008,154,0.0591,2453,0.9409,0.0245,0,0.0,566634,0.1668,454723,0.8025,111911,0.1975,1.1191,0,0.0,320.5,None,0.0,0,0,0,0,0.55,1554992,1272105,LLC,LLC,970728,0.5808,117260,0.1208,853468,0.8792,8.5347,0,0.0,301377,0.1803,11819,0.0392,289558,0.9608,2.8956,0,0.0,1671335,176785,0.1058,1494550,0.8942,14.9455,0,0.0,2453,0.0015,16,0.0065,2437,0.9935,0.0244,0,0.0,396777,0.2374,47690,0.1202,349087,0.8798,3.4909,0,0.0,285.5,None,0.0,0,0,0,0,0.1015,129079,1143026,cpu0_STLB,STLB,275585,1.0,274320,0.9954,1265,0.0046,0.0126,0,0.0,275585,274320,0.9954,1265,0.0046,0.0126,0,0.0,832.9,None,0.0,0,0,0,0,0.9954,274320,1265,35,0,0.4666,214319972,100000000,,core,1,core.1.v1.,v1,,l1d,n,l1d.n.v1.,v1,,l1i,n,l1i.n.v1.,v1,,l2c,n,l2c.n.v1.,v1,,llc,1,llc.1.v1.,v1,,memory,1,memory.1.v2.,v2,,tlbs,n,tlbs.n.v1.,v1,35,1,yankee_035_1_035.raw,35,myscript_google,yankee,0.0,0.0,/mnt/storage/traces/gtrace_v2_champsim_myscript/yankee/yankee.log,None,None,1,1,/mnt/storage/traces/gtrace_v2_champsim_myscript/yankee/yankee_0035.champsim.gz,0,0,True,
48.8,8.41,0.9468,3.933,1.305,1.744,0.2085,0.2888,0.9308,cpu0_DTLB,DTLB,26368900,1.0,25694460,0.9744,674440,0.0256,6.7444,276630,0.0105,26368900,25694460,0.9744,674440,0.0256,6.7444,276630,0.0105,7.989,None,0.0,0,0,0,0,0.9744,25694460,674440,cpu0_ITLB,ITLB,12160337,1.0,12160068,1.0,269,0.0,0.0027,127,0.0,12160337,12160068,1.0,269,0.0,0.0027,127,0.0,238.5,None,0.0,0,0,0,0,1.0,12160068,269,cpu0_L1D,L1D,16045812,0.5652,14247400,0.8879,1798412,0.1121,17.9841,451736,0.0282,28388025,24835766,0.8749,3552259,0.1251,35.5226,1628725,0.0574,2792,0.0001,9,0.0032,2783,0.9968,0.0278,1,0.0004,12339421,0.4347,10588357,0.8581,1751064,0.1419,17.5106,1176988,0.0954,207.2,None,0.0,0,0,0,0,0.8879,14247400,1798412,cpu0_L1I,L1I,14573147,1.0,9423112,0.6466,5150035,0.3534,51.5003,2006683,0.1377,14573147,9423112,0.6466,5150035,0.3534,51.5003,2006683,0.1377,67.3,None,0.0,0,0,0,0,0.6466,9423112,5150035,cpu0_L2C,L2C,4489983,0.7547,3390676,0.7552,1099307,0.2448,10.9931,0,0.0,574044,0.0965,257710,0.4489,316334,0.5511,3.1633,0,0.0,5949194,4415542,0.7422,1533652,0.2578,15.3365,0,0.0,2782,0.0005,192,0.069,2590,0.931,0.0259,0,0.0,882385,0.1483,766964,0.8692,115421,0.1308,1.1542,0,0.0,371.9,None,0.0,0,0,0,0,0.7205,3648386,1415641,LLC,LLC,1099307,0.5897,88499,0.0805,1010808,0.9195,10.1081,0,0.0,316334,0.1697,23619,0.0747,292715,0.9253,2.9271,0,0.0,1864090,189310,0.1016,1674780,0.8984,16.7478,0,0.0,2590,0.0014,32,0.0124,2558,0.9876,0.0256,0,0.0,445859,0.2392,77160,0.1731,368699,0.8269,3.687,0,0.0,328.8,None,0.0,0,0,0,0,0.0792,112118,1303523,cpu0_STLB,STLB,397952,1.0,396557,0.9965,1395,0.0035,0.0139,0,0.0,397952,396557,0.9965,1395,0.0035,0.0139,0,0.0,875.0,None,0.0,0,0,0,0,0.9965,396557,1395,7,0,0.4502,222141363,100000001,,core,1,core.1.v1.,v1,,l1d,n,l1d.n.v1.,v1,,l1i,n,l1i.n.v1.,v1,,l2c,n,l2c.n.v1.,v1,,llc,1,llc.1.v1.,v1,,memory,1,memory.1.v2.,v2,,tlbs,n,tlbs.n.v1.,v1,7,1,sierra.a.3_007_1_007.raw,7,myscript_google,sierra.a.3,0.0,0.0,/mnt/storage/traces/gtrace_v2_champsim_myscript/sierra.a.3/sierra.a.3.log,100000000,100000000,1,1,/mnt/storage/traces/gtrace_v2_champsim_myscript/sierra.a.3/sierra.a.3_0007.champsim.gz,0,0,True,
56.46,8.157,0.9581,4.554,0.5998,0.6815,1.107,0.5544,0.66,cpu0_DTLB,DTLB,27145997,1.0,26716828,0.9842,429169,0.0158,4.2917,185319,0.0068,27145997,26716828,0.9842,429169,0.0158,4.2917,185319,0.0068,13.36,None,0.0,0,0,0,0,0.9842,26716828,429169,cpu0_ITLB,ITLB,8343454,1.0,8343231,1.0,223,0.0,0.0022,83,0.0,8343454,8343231,1.0,223,0.0,0.0022,83,0.0,252.4,None,0.0,0,0,0,0,1.0,8343231,223,cpu0_L1D,L1D,16417718,0.5658,14771877,0.8998,1645841,0.1002,16.4584,583069,0.0355,29017096,25985954,0.8955,3031142,0.1045,30.3114,1636464,0.0564,5237,0.0002,96,0.0183,5141,0.9817,0.0514,6,0.0011,12594141,0.434,11213981,0.8904,1380160,0.1096,13.8016,1053389,0.0836,309.3,None,0.0,0,0,0,0,0.8998,14771877,1645841,cpu0_L1I,L1I,9912066,1.0,8327873,0.8402,1584193,0.1598,15.8419,565499,0.0571,9912066,8327873,0.8402,1584193,0.1598,15.8419,565499,0.0571,111.0,None,0.0,0,0,0,0,0.8402,8327873,1584193,cpu0_L2C,L2C,2081454,0.7099,1092206,0.5247,989248,0.4753,9.8925,0,0.0,326761,0.1114,54061,0.1654,272700,0.8346,2.727,0,0.0,2931921,1556061,0.5307,1375860,0.4693,13.7586,0,0.0,5135,0.0018,931,0.1813,4204,0.8187,0.042,0,0.0,518571,0.1769,408863,0.7884,109708,0.2116,1.0971,0,0.0,381.7,None,0.0,0,0,0,0,0.476,1146267,1261948,LLC,LLC,989248,0.592,61847,0.0625,927401,0.9375,9.274,0,0.0,272700,0.1632,5571,0.0204,267129,0.9796,2.6713,0,0.0,1671126,101174,0.0605,1569952,0.9395,15.6995,0,0.0,4204,0.0025,27,0.0064,4177,0.9936,0.0418,0,0.0,404974,0.2423,33729,0.0833,371245,0.9167,3.7124,0,0.0,323.5,None,0.0,0,0,0,0,0.0534,67418,1194530,cpu0_STLB,STLB,243990,1.0,241552,0.99,2438,0.01,0.0244,0,0.0,243990,241552,0.99,2438,0.01,0.0244,0,0.0,849.7,None,0.0,0,0,0,0,0.99,241552,2438,12,0,0.4222,236838965,100000002,,core,1,core.1.v1.,v1,,l1d,n,l1d.n.v1.,v1,,l1i,n,l1i.n.v1.,v1,,l2c,n,l2c.n.v1.,v1,,llc,1,llc.1.v1.,v1,,memory,1,memory.1.v2.,v2,,tlbs,n,tlbs.n.v1.,v1,12,1,tahoe_012_1_012.raw,12,myscript_google,tahoe,0.0,0.0,/mnt/storage/traces/gtrace_v2_champsim_myscript/tahoe/tahoe.log,100000000,100000000,1,1,/mnt/storage/traces/gtrace_v2_champsim_myscript/tahoe/tahoe_0012.champsim.gz,0,0,True,
66.85,6.217,0.9668,3.495,0.8361,0.5586,0.3152,0.2938,0.7182,cpu0_DTLB,DTLB,25570610,1.0,24941693,0.9754,628917,0.0246,6.2892,287925,0.0113,25570610,24941693,0.9754,628917,0.0246,6.2892,287925,0.0113,12.55,None,0.0,0,0,0,0,0.9754,24941693,628917,cpu0_ITLB,ITLB,11620668,1.0,11619555,0.9999,1113,0.0001,0.0111,752,0.0001,11620668,11619555,0.9999,1113,0.0001,0.0111,752,0.0001,14.3,None,0.0,0,0,0,0,0.9999,11619555,1113,cpu0_L1D,L1D,14410410,0.5284,12926174,0.897,1484236,0.103,14.8424,478110,0.0332,27271366,24228329,0.8884,3043037,0.1116,30.4304,1656473,0.0607,7078,0.0003,72,0.0102,7006,0.9898,0.0701,72,0.0102,12853878,0.4713,11302083,0.8793,1551795,0.1207,15.5179,1178291,0.0917,193.8,None,0.0,0,0,0,0,0.897,12926174,1484236,cpu0_L1I,L1I,13641961,1.0,10655953,0.7811,2986008,0.2189,29.8601,1170406,0.0858,13641961,10655953,0.7811,2986008,0.2189,29.8601,1170406,0.0858,38.32,None,0.0,0,0,0,0,0.7811,10655953,2986008,cpu0_L2C,L2C,2821718,0.7463,2282509,0.8089,539209,0.1911,5.3921,0,0.0,373478,0.0988,86916,0.2327,286562,0.7673,2.8656,0,0.0,3780837,2851227,0.7541,929610,0.2459,9.2961,0,0.0,6934,0.0018,1027,0.1481,5907,0.8519,0.0591,0,0.0,578707,0.1531,480775,0.8308,97932,0.1692,0.9793,0,0.0,337.6,None,0.0,0,0,0,0,0.7416,2369425,825771,LLC,LLC,539209,0.4389,62331,0.1156,476878,0.8844,4.7688,0,0.0,286562,0.2332,12137,0.0424,274425,0.9576,2.7442,0,0.0,1228573,133715,0.1088,1094858,0.8912,10.9486,0,0.0,5907,0.0048,97,0.0164,5810,0.9836,0.0581,0,0.0,396895,0.3231,59150,0.149,337745,0.851,3.3774,0,0.0,277.0,None,0.0,0,0,0,0,0.0902,74468,751303,cpu0_STLB,STLB,341353,1.0,338129,0.9906,3224,0.0094,0.0322,0,0.0,341353,338129,0.9906,3224,0.0094,0.0322,0,0.0,798.2,None,0.0,0,0,0,0,0.9906,338129,3224,5,0,0.6275,159356984,100000003,,core,1,core.1.v1.,v1,,l1d,n,l1d.n.v1.,v1,,l1i,n,l1i.n.v1.,v1,,l2c,n,l2c.n.v1.,v1,,llc,1,llc.1.v1.,v1,,memory,1,memory.1.v2.,v2,,tlbs,n,tlbs.n.v1.,v1,5,1,tango_005_1_005.raw,5,myscript_google,tango,0.0,0.0,/mnt/storage/traces/gtrace_v2_champsim_myscript/tango/tango.log,100000000,100000000,1,1,/mnt/storage/traces/gtrace_v2_champsim_myscript/tango/tango_0005.champsim.gz,0,0,True,
50.93,7.241,0.9601,3.763,1.028,1.241,0.2916,0.2186,0.6989,cpu0_DTLB,DTLB,25392997,1.0,24639197,0.9703,753800,0.0297,7.538,295067,0.0116,25392997,24639197,0.9703,753800,0.0297,7.538,295067,0.0116,8.785,None,0.0,0,0,0,0,0.9703,24639197,753800,cpu0_ITLB,ITLB,11926331,1.0,11926272,1.0,59,0.0,0.0006,25,0.0,11926331,11926272,1.0,59,0.0,0.0006,25,0.0,561.7,None,0.0,0,0,0,0,1.0,11926272,59,cpu0_L1D,L1D,15715256,0.5794,13874358,0.8829,1840898,0.1171,18.409,575500,0.0366,27122592,23909515,0.8815,3213077,0.1185,32.1308,1521412,0.0561,5296,0.0002,12,0.0023,5284,0.9977,0.0528,1,0.0002,11402040,0.4204,10035145,0.8801,1366895,0.1199,13.669,945911,0.083,204.3,None,0.0,0,0,0,0,0.8829,13874358,1840898,cpu0_L1I,L1I,14338387,1.0,11591622,0.8084,2746765,0.1916,27.4676,1036318,0.0723,14338387,11591622,0.8084,2746765,0.1916,27.4676,1036318,0.0723,99.02,None,0.0,0,0,0,0,0.8084,11591622,2746765,cpu0_L2C,L2C,2975828,0.7163,1909337,0.6416,1066491,0.3584,10.6649,0,0.0,420946,0.1013,149077,0.3541,271869,0.6459,2.7187,0,0.0,4154609,2710761,0.6525,1443848,0.3475,14.4385,0,0.0,5283,0.0013,422,0.0799,4861,0.9201,0.0486,0,0.0,752552,0.1811,651925,0.8663,100627,0.1337,1.0063,0,0.0,337.5,None,0.0,0,0,0,0,0.606,2058414,1338360,LLC,LLC,1066491,0.6046,88214,0.0827,978277,0.9173,9.7828,0,0.0,271869,0.1541,19231,0.0707,252638,0.9293,2.5264,0,0.0,1763942,185698,0.1053,1578244,0.8947,15.7824,0,0.0,4861,0.0028,49,0.0101,4812,0.9899,0.0481,0,0.0,420721,0.2385,78204,0.1859,342517,0.8141,3.4252,0,0.0,297.0,None,0.0,0,0,0,0,0.0803,107445,1230915,cpu0_STLB,STLB,458767,1.0,456119,0.9942,2648,0.0058,0.0265,0,0.0,458767,456119,0.9942,2648,0.0058,0.0265,0,0.0,661.7,None,0.0,0,0,0,0,0.9942,456119,2648,3,0,0.4418,226368340,100000000,,core,1,core.1.v1.,v1,,l1d,n,l1d.n.v1.,v1,,l1i,n,l1i.n.v1.,v1,,l2c,n,l2c.n.v1.,v1,,llc,1,llc.1.v1.,v1,,memory,1,memory.1.v2.,v2,,tlbs,n,tlbs.n.v1.,v1,3,1,sierra.a.4_003_1_003.raw,3,myscript_google,sierra.a.4,0.0,0.0,/mnt/storage/traces/gtrace_v2_champsim_myscript/sierra.a.4/sierra.a.4.log,100000000,100000000,1,1,/mnt/storage/traces/gtrace_v2_champsim_myscript/sierra.a.4/sierra.a.4_0003.champsim.gz,0,0,True,
40.16,11.72,0.9375,6.84,1.737,1.149,0.5227,0.5007,0.9698,cpu0_DTLB,DTLB,27101491,1.0,26576406,0.9806,525085,0.0194,5.2508,224388,0.0083,27101491,26576406,0.9806,525085,0.0194,5.2508,224388,0.0083,8.592,None,0.0,0,0,0,0,0.9806,26576406,525085,cpu0_ITLB,ITLB,8536799,1.0,8536689,1.0,110,0.0,0.0011,48,0.0,8536799,8536689,1.0,110,0.0,0.0011,48,0.0,237.3,None,0.0,0,0,0,0,1.0,8536689,110,cpu0_L1D,L1D,16856279,0.589,15149182,0.8987,1707097,0.1013,17.071,502453,0.0298,28617115,25182229,0.88,3434886,0.12,34.3489,1791985,0.0626,2607,0.0001,6,0.0023,2601,0.9977,0.026,2,0.0008,11758229,0.4109,10033041,0.8533,1725188,0.1467,17.2519,1289530,0.1097,197.1,None,0.0,0,0,0,0,0.8987,15149182,1707097,cpu0_L1I,L1I,10329639,1.0,8077183,0.7819,2252456,0.2181,22.5246,836827,0.081,10329639,8077183,0.7819,2252456,0.2181,22.5246,836827,0.081,124.9,None,0.0,0,0,0,0,0.7819,8077183,2252456,cpu0_L2C,L2C,2620260,0.7137,1551466,0.5921,1068794,0.4079,10.6879,0,0.0,435633,0.1187,101630,0.2333,334003,0.7667,3.34,0,0.0,3671392,2148181,0.5851,1523211,0.4149,15.2321,0,0.0,2599,0.0007,184,0.0708,2415,0.9292,0.0241,0,0.0,612900,0.1669,494901,0.8075,117999,0.1925,1.18,0,0.0,312.8,None,0.0,0,0,0,0,0.541,1653096,1402797,LLC,LLC,1068794,0.5825,181545,0.1699,887249,0.8301,8.8725,0,0.0,334003,0.182,11902,0.0356,322101,0.9644,3.221,0,0.0,1834929,247523,0.1349,1587406,0.8651,15.8741,0,0.0,2415,0.0013,26,0.0108,2389,0.9892,0.0239,0,0.0,429717,0.2342,54050,0.1258,375667,0.8742,3.7567,0,0.0,287.9,None,0.0,0,0,0,0,0.1379,193447,1209350,cpu0_STLB,STLB,300759,1.0,299513,0.9959,1246,0.0041,0.0125,0,0.0,300759,299513,0.9959,1246,0.0041,0.0125,0,0.0,877.2,None,0.0,0,0,0,0,0.9959,299513,1246,11,0,0.4289,233165285,100000004,,core,1,core.1.v1.,v1,,l1d,n,l1d.n.v1.,v1,,l1i,n,l1i.n.v1.,v1,,l2c,n,l2c.n.v1.,v1,,llc,1,llc.1.v1.,v1,,memory,1,memory.1.v2.,v2,,tlbs,n,tlbs.n.v1.,v1,11,1,yankee_011_1_011.raw,11,myscript_google,yankee,0.0,0.0,/mnt/storage/traces/gtrace_v2_champsim_myscript/yankee/yankee.log,None,None,1,1,/mnt/storage/traces/gtrace_v2_champsim_myscript/yankee/yankee_0011.champsim.gz,0,0,True,
33.71,12.09,0.9315,6.713,1.666,2.034,0.2196,0.3561,1.105,cpu0_DTLB,DTLB,25775282,1.0,24865597,0.9647,909685,0.0353,9.0968,388781,0.0151,25775282,24865597,0.9647,909685,0.0353,9.0968,388781,0.0151,11.02,None,0.0,0,0,0,0,0.9647,24865597,909685,cpu0_ITLB,ITLB,11915390,1.0,11915214,1.0,176,0.0,0.0018,91,0.0,11915390,11915214,1.0,176,0.0,0.0018,91,0.0,409.8,None,0.0,0,0,0,0,1.0,11915214,176,cpu0_L1D,L1D,16222557,0.5939,13701182,0.8446,2521375,0.1554,25.2137,597711,0.0368,27316930,23154571,0.8476,4162359,0.1524,41.6236,1627635,0.0596,9462,0.0003,18,0.0019,9444,0.9981,0.0944,2,0.0002,11084911,0.4058,9453371,0.8528,1631540,0.1472,16.3154,1029922,0.0929,255.3,None,0.0,0,0,0,0,0.8446,13701182,2521375,cpu0_L1I,L1I,14461731,1.0,10232093,0.7075,4229638,0.2925,42.2964,1569567,0.1085,14461731,10232093,0.7075,4229638,0.2925,42.2964,1569567,0.1085,93.08,None,0.0,0,0,0,0,0.7075,10232093,4229638,cpu0_L2C,L2C,4583718,0.7449,2729513,0.5955,1854205,0.4045,18.542,0,0.0,601541,0.0978,246804,0.4103,354737,0.5897,3.5474,0,0.0,6153134,3778682,0.6141,2374452,0.3859,23.7445,0,0.0,9442,0.0015,665,0.0704,8777,0.9296,0.0878,0,0.0,958433,0.1558,801700,0.8365,156733,0.1635,1.5673,0,0.0,358.6,None,0.0,0,0,0,0,0.574,2976317,2208942,LLC,LLC,1854205,0.6714,125983,0.0679,1728222,0.9321,17.2822,0,0.0,354737,0.1285,24553,0.0692,330184,0.9308,3.3018,0,0.0,2761655,230461,0.0835,2531194,0.9165,25.3119,0,0.0,8777,0.0032,126,0.0144,8651,0.9856,0.0865,0,0.0,543936,0.197,79799,0.1467,464137,0.8533,4.6414,0,0.0,323.8,None,0.0,0,0,0,0,0.0681,150536,2058406,cpu0_STLB,STLB,520989,1.0,516258,0.9909,4731,0.0091,0.0473,0,0.0,520989,516258,0.9909,4731,0.0091,0.0473,0,0.0,668.5,None,0.0,0,0,0,0,0.9909,516258,4731,22,0,0.2936,340630687,100000001,,core,1,core.1.v1.,v1,,l1d,n,l1d.n.v1.,v1,,l1i,n,l1i.n.v1.,v1,,l2c,n,l2c.n.v1.,v1,,llc,1,llc.1.v1.,v1,,memory,1,memory.1.v2.,v2,,tlbs,n,tlbs.n.v1.,v1,22,1,sierra.a.4_022_1_022.raw,22,myscript_google,sierra.a.4,0.0,0.0,/mnt/storage/traces/gtrace_v2_champsim_myscript/sierra.a.4/sierra.a.4.log,100000000,100000000,1,1,/mnt/storage/traces/gtrace_v2_champsim_myscript/sierra.a.4/sierra.a.4_0022.champsim.gz,0,0,True,
38.94,11.23,0.9354,7.658,0.8852,1.299,0.5009,0.3023,0.5871,cpu0_DTLB,DTLB,21501900,1.0,21018059,0.9775,483841,0.0225,4.8384,201947,0.0094,21501900,21018059,0.9775,483841,0.0225,4.8384,201947,0.0094,24.95,None,0.0,0,0,0,0,0.9775,21018059,483841,cpu0_ITLB,ITLB,8976742,1.0,8976727,1.0,15,0.0,0.0001,9,0.0,8976742,8976727,1.0,15,0.0,0.0001,9,0.0,824.2,None,0.0,0,0,0,0,1.0,8976727,15,cpu0_L1D,L1D,14502762,0.6429,12754186,0.8794,1748576,0.1206,17.4858,558746,0.0385,22558296,19673418,0.8721,2884878,0.1279,28.8488,1381883,0.0613,17850,0.0008,111,0.0062,17739,0.9938,0.1774,17,0.001,8037684,0.3563,6919121,0.8608,1118563,0.1392,11.1856,823120,0.1024,181.2,None,0.0,0,0,0,0,0.8794,12754186,1748576,cpu0_L1I,L1I,10727830,1.0,8711475,0.812,2016355,0.188,20.1636,800376,0.0746,10727830,8711475,0.812,2016355,0.188,20.1636,800376,0.0746,112.2,None,0.0,0,0,0,0,0.812,8711475,2016355,cpu0_L2C,L2C,2405804,0.7594,1445657,0.6009,960147,0.3991,9.6015,0,0.0,295424,0.0933,78619,0.2661,216805,0.7339,2.1681,0,0.0,3167959,1892742,0.5975,1275217,0.4025,12.7522,0,0.0,17722,0.0056,2863,0.1616,14859,0.8384,0.1486,0,0.0,449009,0.1417,365603,0.8142,83406,0.1858,0.8341,0,0.0,303.6,None,0.0,0,0,0,0,0.5643,1524276,1176952,LLC,LLC,960147,0.6512,70628,0.0736,889519,0.9264,8.8952,0,0.0,216805,0.147,8191,0.0378,208614,0.9622,2.0861,0,0.0,1474366,120673,0.0818,1353693,0.9182,13.5369,0,0.0,14859,0.0101,531,0.0357,14328,0.9643,0.1433,0,0.0,282555,0.1916,41323,0.1462,241232,0.8538,2.4123,0,0.0,273.4,None,0.0,0,0,0,0,0.067,78819,1098133,cpu0_STLB,STLB,281900,1.0,273988,0.9719,7912,0.0281,0.0791,0,0.0,281900,273988,0.9719,7912,0.0281,0.0791,0,0.0,710.2,None,0.0,0,0,0,0,0.9719,273988,7912,83,0,0.4328,231036465,100000000,,core,1,core.1.v1.,v1,,l1d,n,l1d.n.v1.,v1,,l1i,n,l1i.n.v1.,v1,,l2c,n,l2c.n.v1.,v1,,llc,1,llc.1.v1.,v1,,memory,1,memory.1.v2.,v2,,tlbs,n,tlbs.n.v1.,v1,83,1,merced_083_1_083.raw,83,myscript_google,merced,0.0,0.0,/mnt/storage/traces/gtrace_v2_champsim_myscript/merced/merced.log,None,None,1,1,/mnt/storage/traces/gtrace_v2_champsim_myscript/merced/merced_0083.champsim.gz,0,0,True,
41.81,10.2,0.9439,6.894,0.9954,0.9966,0.333,0.331,0.6543,cpu0_DTLB,DTLB,25548430,1.0,25040341,0.9801,508089,0.0199,5.0809,213190,0.0083,25548430,25040341,0.9801,508089,0.0199,5.0809,213190,0.0083,21.24,None,0.0,0,0,0,0,0.9801,25040341,508089,cpu0_ITLB,ITLB,9177687,1.0,9177673,1.0,14,0.0,0.0001,8,0.0,9177687,9177673,1.0,14,0.0,0.0001,8,0.0,1148.0,None,0.0,0,0,0,0,1.0,9177673,14,cpu0_L1D,L1D,17011186,0.6318,15137410,0.8899,1873776,0.1101,18.7378,596448,0.0351,26923475,23662745,0.8789,3260730,0.1211,32.6073,1615537,0.06,14754,0.0005,98,0.0066,14656,0.9934,0.1466,13,0.0009,9897535,0.3676,8525237,0.8613,1372298,0.1387,13.723,1019076,0.103,175.1,None,0.0,0,0,0,0,0.8899,15137410,1873776,cpu0_L1I,L1I,11117977,1.0,9050706,0.8141,2067271,0.1859,20.6727,807042,0.0726,11117977,9050706,0.8141,2067271,0.1859,20.6727,807042,0.0726,117.6,None,0.0,0,0,0,0,0.8141,9050706,2067271,cpu0_L2C,L2C,2537549,0.7422,1603507,0.6319,934042,0.3681,9.3404,0,0.0,353198,0.1033,83400,0.2361,269798,0.7639,2.698,0,0.0,3419165,2108205,0.6166,1310960,0.3834,13.1096,0,0.0,14643,0.0043,2317,0.1582,12326,0.8418,0.1233,0,0.0,513775,0.1503,418981,0.8155,94794,0.1845,0.9479,0,0.0,315.2,None,0.0,0,0,0,0,0.5836,1686907,1203840,LLC,LLC,934042,0.6011,83229,0.0891,850813,0.9109,8.5081,0,0.0,269798,0.1736,11785,0.0437,258013,0.9563,2.5801,0,0.0,1553963,142620,0.0918,1411343,0.9082,14.1134,0,0.0,12326,0.0079,239,0.0194,12087,0.9806,0.1209,0,0.0,337797,0.2174,47367,0.1402,290430,0.8598,2.9043,0,0.0,280.7,None,0.0,0,0,0,0,0.0789,95014,1108826,cpu0_STLB,STLB,294905,1.0,288319,0.9777,6586,0.0223,0.0659,0,0.0,294905,288319,0.9777,6586,0.0223,0.0659,0,0.0,727.0,None,0.0,0,0,0,0,0.9777,288319,6586,84,0,0.4422,226129552,100000000,,core,1,core.1.v1.,v1,,l1d,n,l1d.n.v1.,v1,,l1i,n,l1i.n.v1.,v1,,l2c,n,l2c.n.v1.,v1,,llc,1,llc.1.v1.,v1,,memory,1,memory.1.v2.,v2,,tlbs,n,tlbs.n.v1.,v1,84,1,merced_084_1_084.raw,84,myscript_google,merced,0.0,0.0,/mnt/storage/traces/gtrace_v2_champsim_myscript/merced/merced.log,None,None,1,1,/mnt/storage/traces/gtrace_v2_champsim_myscript/merced/merced_0084.champsim.gz,0,0,True,
50.27,8.313,0.9489,3.361,1.432,1.873,0.2245,0.3202,1.101,cpu0_DTLB,DTLB,25720209,1.0,25032612,0.9733,687597,0.0267,6.876,281011,0.0109,25720209,25032612,0.9733,687597,0.0267,6.876,281011,0.0109,8.269,None,0.0,0,0,0,0,0.9733,25032612,687597,cpu0_ITLB,ITLB,13262037,1.0,13261867,1.0,170,0.0,0.0017,74,0.0,13262037,13261867,1.0,170,0.0,0.0017,74,0.0,178.5,None,0.0,0,0,0,0,1.0,13261867,170,cpu0_L1D,L1D,15042574,0.5439,13190753,0.8769,1851821,0.1231,18.5182,490645,0.0326,27656148,23975329,0.8669,3680819,0.1331,36.8082,1743234,0.063,3136,0.0001,7,0.0022,3129,0.9978,0.0313,1,0.0003,12610438,0.456,10784569,0.8552,1825869,0.1448,18.2587,1252588,0.0993,157.8,None,0.0,0,0,0,0,0.8769,13190753,1851821,cpu0_L1I,L1I,15988340,1.0,10412116,0.6512,5576224,0.3488,55.7622,2203073,0.1378,15988340,10412116,0.6512,5576224,0.3488,55.7622,2203073,0.1378,56.53,None,0.0,0,0,0,0,0.6512,10412116,5576224,cpu0_L2C,L2C,4734283,0.7606,3757145,0.7936,977138,0.2064,9.7714,0,0.0,573239,0.0921,300262,0.5238,272977,0.4762,2.7298,0,0.0,6224530,4875898,0.7833,1348632,0.2167,13.4863,0,0.0,3128,0.0005,225,0.0719,2903,0.9281,0.029,0,0.0,913880,0.1468,818266,0.8954,95614,0.1046,0.9561,0,0.0,336.8,None,0.0,0,0,0,0,0.7645,4057407,1250115,LLC,LLC,977138,0.585,83842,0.0858,893296,0.9142,8.933,0,0.0,272976,0.1634,19919,0.073,253057,0.927,2.5306,0,0.0,1670445,179900,0.1077,1490545,0.8923,14.9054,0,0.0,2903,0.0017,39,0.0134,2864,0.9866,0.0286,0,0.0,417428,0.2499,76100,0.1823,341328,0.8177,3.4133,0,0.0,293.2,None,0.0,0,0,0,0,0.083,103761,1146353,cpu0_STLB,STLB,406682,1.0,405114,0.9961,1568,0.0039,0.0157,0,0.0,406682,405114,0.9961,1568,0.0039,0.0157,0,0.0,857.1,None,0.0,0,0,0,0,0.9961,405114,1568,8,0,0.474,210983173,100000001,,core,1,core.1.v1.,v1,,l1d,n,l1d.n.v1.,v1,,l1i,n,l1i.n.v1.,v1,,l2c,n,l2c.n.v1.,v1,,llc,1,llc.1.v1.,v1,,memory,1,memory.1.v2.,v2,,tlbs,n,tlbs.n.v1.,v1,8,1,sierra.a.3_008_1_008.raw,8,myscript_google,sierra.a.3,0.0,0.0,/mnt/storage/traces/gtrace_v2_champsim_myscript/sierra.a.3/sierra.a.3.log,100000000,100000000,1,1,/mnt/storage/traces/gtrace_v2_champsim_myscript/sierra.a.3/sierra.a.3_0008.champsim.gz,0,0,True,
111.7,3.723,0.9803,2.322,0.0916,0.207,0.4889,0.4261,0.188,cpu0_DTLB,DTLB,25058860,1.0,24890386,0.9933,168474,0.0067,1.6847,69784,0.0028,25058860,24890386,0.9933,168474,0.0067,1.6847,69784,0.0028,38.62,None,0.0,0,0,0,0,0.9933,24890386,168474,cpu0_ITLB,ITLB,10330700,1.0,10330690,1.0,10,0.0,0.0001,1,0.0,10330700,10330690,1.0,10,0.0,0.0001,1,0.0,1088.0,None,0.0,0,0,0,0,1.0,10330690,10,cpu0_L1D,L1D,15588635,0.5832,14201320,0.911,1387315,0.089,13.8732,583179,0.0374,26729132,23216390,0.8686,3512742,0.1314,35.1274,2258755,0.0845,8782,0.0003,52,0.0059,8730,0.9941,0.0873,1,0.0001,11131715,0.4165,9015018,0.8098,2116697,0.1902,21.167,1675575,0.1505,311.9,None,0.0,0,0,0,0,0.911,14201320,1387315,cpu0_L1I,L1I,12249981,1.0,10890445,0.889,1359536,0.111,13.5954,586224,0.0479,12249981,10890445,0.889,1359536,0.111,13.5954,586224,0.0479,58.47,None,0.0,0,0,0,0,0.889,10890445,1359536,cpu0_L2C,L2C,1577447,0.5948,1066742,0.6762,510705,0.3238,5.1071,0,0.0,441114,0.1663,35491,0.0805,405623,0.9195,4.0562,0,0.0,2651971,1647124,0.6211,1004847,0.3789,10.0485,0,0.0,8729,0.0033,1403,0.1607,7326,0.8393,0.0733,0,0.0,624681,0.2356,543488,0.87,81193,0.13,0.8119,0,0.0,418.1,None,0.0,0,0,0,0,0.546,1102233,916328,LLC,LLC,510705,0.3459,16920,0.0331,493785,0.9669,4.9379,0,0.0,405623,0.2748,2150,0.0053,403473,0.9947,4.0347,0,0.0,1476252,36809,0.0249,1439443,0.9751,14.3944,0,0.0,7326,0.005,62,0.0085,7264,0.9915,0.0726,0,0.0,552598,0.3743,17677,0.032,534921,0.968,5.3492,0,0.0,284.7,None,0.0,0,0,0,0,0.0208,19070,897258,cpu0_STLB,STLB,98699,1.0,94317,0.9556,4382,0.0444,0.0438,0,0.0,98699,94317,0.9556,4382,0.0444,0.0438,0,0.0,758.5,None,0.0,0,0,0,0,0.9556,94317,4382,1,0,0.5766,173436584,100000000,,core,1,core.1.v1.,v1,,l1d,n,l1d.n.v1.,v1,,l1i,n,l1i.n.v1.,v1,,l2c,n,l2c.n.v1.,v1,,llc,1,llc.1.v1.,v1,,memory,1,memory.1.v2.,v2,,tlbs,n,tlbs.n.v1.,v1,1,1,charlie_001_1_001.raw,1,myscript_google,charlie,0.0,0.0,/mnt/storage/traces/gtrace_v2_champsim_myscript/charlie/charlie.log,100000000,100000000,1,1,/mnt/storage/traces/gtrace_v2_champsim_myscript/charlie/charlie_0001.champsim.gz,0,0,True,
42.14,11.15,0.9385,6.201,1.779,0.9737,0.5917,0.5409,1.065,cpu0_DTLB,DTLB,27287524,1.0,26729969,0.9796,557555,0.0204,5.5755,233669,0.0086,27287524,26729969,0.9796,557555,0.0204,5.5755,233669,0.0086,9.15,None,0.0,0,0,0,0,0.9796,26729969,557555,cpu0_ITLB,ITLB,9195451,1.0,9195326,1.0,125,0.0,0.0012,63,0.0,9195451,9195326,1.0,125,0.0,0.0012,63,0.0,191.5,None,0.0,0,0,0,0,1.0,9195326,125,cpu0_L1D,L1D,16609593,0.5754,14794570,0.8907,1815023,0.1093,18.1502,553205,0.0333,28864602,25198764,0.873,3665838,0.127,36.6584,1943302,0.0673,3518,0.0001,17,0.0048,3501,0.9952,0.035,2,0.0006,12251491,0.4244,10404177,0.8492,1847314,0.1508,18.4731,1390095,0.1135,197.5,None,0.0,0,0,0,0,0.8907,14794570,1815023,cpu0_L1I,L1I,11061423,1.0,8454781,0.7643,2606642,0.2357,26.0664,986780,0.0892,11061423,8454781,0.7643,2606642,0.2357,26.0664,986780,0.0892,111.8,None,0.0,0,0,0,0,0.7643,8454781,2606642,cpu0_L2C,L2C,2881668,0.7207,1706673,0.5923,1174995,0.4077,11.7499,0,0.0,457192,0.1143,119869,0.2622,337323,0.7378,3.3732,0,0.0,3998676,2358002,0.5897,1640674,0.4103,16.4067,0,0.0,3499,0.0009,322,0.092,3177,0.908,0.0318,0,0.0,656317,0.1641,531138,0.8093,125179,0.1907,1.2518,0,0.0,301.6,None,0.0,0,0,0,0,0.5471,1826542,1512318,LLC,LLC,1174995,0.5974,219782,0.187,955213,0.813,9.5521,0,0.0,337323,0.1715,11293,0.0335,326030,0.9665,3.2603,0,0.0,1966695,286858,0.1459,1679837,0.8541,16.7984,0,0.0,3177,0.0016,14,0.0044,3163,0.9956,0.0316,0,0.0,451200,0.2294,55769,0.1236,395431,0.8764,3.9543,0,0.0,282.1,None,0.0,0,0,0,0,0.1528,231075,1281243,cpu0_STLB,STLB,323948,1.0,322341,0.995,1607,0.005,0.0161,0,0.0,323948,322341,0.995,1607,0.005,0.0161,0,0.0,842.6,None,0.0,0,0,0,0,0.995,322341,1607,12,0,0.404,247499557,100000003,,core,1,core.1.v1.,v1,,l1d,n,l1d.n.v1.,v1,,l1i,n,l1i.n.v1.,v1,,l2c,n,l2c.n.v1.,v1,,llc,1,llc.1.v1.,v1,,memory,1,memory.1.v2.,v2,,tlbs,n,tlbs.n.v1.,v1,12,1,yankee_012_1_012.raw,12,myscript_google,yankee,0.0,0.0,/mnt/storage/traces/gtrace_v2_champsim_myscript/yankee/yankee.log,None,None,1,1,/mnt/storage/traces/gtrace_v2_champsim_myscript/yankee/yankee_0012.champsim.gz,0,0,True,
59.76,6.864,0.9598,4.563,0.705,0.8648,0.0957,0.1527,0.4829,cpu0_DTLB,DTLB,29048853,1.0,28110956,0.9677,937897,0.0323,9.379,404816,0.0139,29048853,28110956,0.9677,937897,0.0323,9.379,404816,0.0139,7.966,None,0.0,0,0,0,0,0.9677,28110956,937897,cpu0_ITLB,ITLB,9948915,1.0,9948774,1.0,141,0.0,0.0014,77,0.0,9948915,9948774,1.0,141,0.0,0.0014,77,0.0,446.3,None,0.0,0,0,0,0,1.0,9948774,141,cpu0_L1D,L1D,17082416,0.5552,14763603,0.8643,2318813,0.1357,23.1881,955172,0.0559,30768577,27573647,0.8962,3194930,0.1038,31.9493,1543030,0.0501,4870,0.0002,10,0.0021,4860,0.9979,0.0486,1,0.0002,13681291,0.4447,12810034,0.9363,871257,0.0637,8.7126,587857,0.043,257.8,None,0.0,0,0,0,0,0.8643,14763603,2318813,cpu0_L1I,L1I,11700822,1.0,10153198,0.8677,1547624,0.1323,15.4762,567292,0.0485,11700822,10153198,0.8677,1547624,0.1323,15.4762,567292,0.0485,146.1,None,0.0,0,0,0,0,0.8677,10153198,1547624,cpu0_L2C,L2C,2343955,0.7054,1119661,0.4777,1224294,0.5223,12.2429,1,0.0,283387,0.0853,75927,0.2679,207460,0.7321,2.0746,0,0.0,3322709,1775560,0.5344,1547149,0.4656,15.4715,1,0.0,4859,0.0015,449,0.0924,4410,0.9076,0.0441,0,0.0,690508,0.2078,579523,0.8393,110985,0.1607,1.1098,0,0.0,353.8,None,0.0,0,0,0,0,0.4551,1195588,1431754,LLC,LLC,1224293,0.6678,36025,0.0294,1188268,0.9706,11.8827,0,0.0,207460,0.1132,9536,0.046,197924,0.954,1.9792,0,0.0,1833237,92487,0.0505,1740750,0.9495,17.4075,0,0.0,4410,0.0024,70,0.0159,4340,0.9841,0.0434,0,0.0,397074,0.2166,46856,0.118,350218,0.882,3.5022,0,0.0,302.8,None,0.0,0,0,0,0,0.0318,45561,1386192,cpu0_STLB,STLB,533145,1.0,530710,0.9954,2435,0.0046,0.0243,0,0.0,533145,530710,0.9954,2435,0.0046,0.0243,0,0.0,659.9,None,0.0,0,0,0,0,0.9954,530710,2435,9,0,0.3831,261002329,100000004,,core,1,core.1.v1.,v1,,l1d,n,l1d.n.v1.,v1,,l1i,n,l1i.n.v1.,v1,,l2c,n,l2c.n.v1.,v1,,llc,1,llc.1.v1.,v1,,memory,1,memory.1.v2.,v2,,tlbs,n,tlbs.n.v1.,v1,9,1,sierra.a.4_009_1_009.raw,9,myscript_google,sierra.a.4,0.0,0.0,/mnt/storage/traces/gtrace_v2_champsim_myscript/sierra.a.4/sierra.a.4.log,100000000,100000000,1,1,/mnt/storage/traces/gtrace_v2_champsim_myscript/sierra.a.4/sierra.a.4_0009.champsim.gz,0,0,True,
81.83,2.771,0.9832,1.673,0.2803,0.1829,0.1009,0.0889,0.4452,cpu0_DTLB,DTLB,27451151,1.0,27128327,0.9882,322824,0.0118,3.2282,174487,0.0064,27451151,27128327,0.9882,322824,0.0118,3.2282,174487,0.0064,5.95,None,0.0,0,0,0,0,0.9882,27128327,322824,cpu0_ITLB,ITLB,12476487,1.0,12476477,1.0,10,0.0,0.0001,1,0.0,12476487,12476477,1.0,10,0.0,0.0001,1,0.0,212.7,None,0.0,0,0,0,0,1.0,12476477,10,cpu0_L1D,L1D,13222614,0.4384,12002137,0.9077,1220477,0.0923,12.2048,567302,0.0429,30159008,24844981,0.8238,5314027,0.1762,53.1403,4026912,0.1335,345,0.0,2,0.0058,343,0.9942,0.0034,0,0.0,16936049,0.5616,12842842,0.7583,4093207,0.2417,40.9321,3459610,0.2043,395.1,None,0.0,0,0,0,0,0.9077,12002137,1220477,cpu0_L1I,L1I,14604235,1.0,14241741,0.9752,362494,0.0248,3.6249,133770,0.0092,14604235,14241741,0.9752,362494,0.0248,3.6249,133770,0.0092,214.0,None,0.0,0,0,0,0,0.9752,14241741,362494,cpu0_L2C,L2C,881894,0.3893,437434,0.496,444460,0.504,4.4446,0,0.0,633589,0.2797,48113,0.0759,585476,0.9241,5.8548,0,0.0,2265492,1054234,0.4653,1211258,0.5347,12.1126,0,0.0,343,0.0002,11,0.0321,332,0.9679,0.0033,0,0.0,749666,0.3309,568676,0.7586,180990,0.2414,1.8099,0,0.0,450.1,None,0.0,0,0,0,0,0.3204,485547,1029936,LLC,LLC,444460,0.2622,39594,0.0891,404866,0.9109,4.0487,0,0.0,585476,0.3454,15654,0.0267,569822,0.9733,5.6982,0,0.0,1694935,86513,0.051,1608422,0.949,16.0842,0,0.0,332,0.0002,0,0.0,332,1.0,0.0033,0,0.0,664667,0.3921,31265,0.047,633402,0.953,6.334,0,0.0,331.9,None,0.0,0,0,0,0,0.0536,55248,974688,cpu0_STLB,STLB,148346,1.0,148178,0.9989,168,0.0011,0.0017,0,0.0,148346,148178,0.9989,168,0.0011,0.0017,0,0.0,848.9,None,0.0,0,0,0,0,0.9989,148178,168,6,0,0.6525,153253645,100000001,,core,1,core.1.v1.,v1,,l1d,n,l1d.n.v1.,v1,,l1i,n,l1i.n.v1.,v1,,l2c,n,l2c.n.v1.,v1,,llc,1,llc.1.v1.,v1,,memory,1,memory.1.v2.,v2,,tlbs,n,tlbs.n.v1.,v1,6,1,yankee_006_1_006.raw,6,myscript_google,yankee,0.0,0.0,/mnt/storage/traces/gtrace_v2_champsim_myscript/yankee/yankee.log,None,None,1,1,/mnt/storage/traces/gtrace_v2_champsim_myscript/yankee/yankee_0006.champsim.gz,0,0,True,
41.34,10.96,0.9402,6.169,1.731,0.9402,0.5717,0.5326,1.011,cpu0_DTLB,DTLB,26829903,1.0,26323777,0.9811,506126,0.0189,5.0613,213089,0.0079,26829903,26323777,0.9811,506126,0.0189,5.0613,213089,0.0079,8.701,None,0.0,0,0,0,0,0.9811,26323777,506126,cpu0_ITLB,ITLB,9224440,1.0,9224300,1.0,140,0.0,0.0014,72,0.0,9224440,9224300,1.0,140,0.0,0.0014,72,0.0,195.2,None,0.0,0,0,0,0,1.0,9224300,140,cpu0_L1D,L1D,16507856,0.5818,14779908,0.8953,1727948,0.1047,17.2795,526859,0.0319,28372142,24870118,0.8766,3502024,0.1234,35.0202,1857025,0.0655,2997,0.0001,33,0.011,2964,0.989,0.0296,4,0.0013,11861289,0.4181,10090177,0.8507,1771112,0.1493,17.7111,1330162,0.1121,204.6,None,0.0,0,0,0,0,0.8953,14779908,1727948,cpu0_L1I,L1I,11096155,1.0,8678482,0.7821,2417673,0.2179,24.1767,907251,0.0818,11096155,8678482,0.7821,2417673,0.2179,24.1767,907251,0.0818,122.5,None,0.0,0,0,0,0,0.7821,8678482,2417673,cpu0_L2C,L2C,2711498,0.7173,1585012,0.5846,1126486,0.4154,11.2649,0,0.0,440925,0.1166,109560,0.2485,331365,0.7515,3.3136,0,0.0,3780071,2199227,0.5818,1580844,0.4182,15.8084,0,0.0,2960,0.0008,208,0.0703,2752,0.9297,0.0275,0,0.0,624688,0.1653,504447,0.8075,120241,0.1925,1.2024,0,0.0,314.2,None,0.0,0,0,0,0,0.5375,1694572,1457851,LLC,LLC,1126486,0.5943,176609,0.1568,949877,0.8432,9.4988,0,0.0,331365,0.1748,7758,0.0234,323607,0.9766,3.2361,0,0.0,1895537,233572,0.1232,1661965,0.8768,16.6196,0,0.0,2752,0.0015,29,0.0105,2723,0.9895,0.0272,0,0.0,434934,0.2295,49176,0.1131,385758,0.8869,3.8576,0,0.0,286.7,None,0.0,0,0,0,0,0.1265,184367,1273484,cpu0_STLB,STLB,293105,1.0,291701,0.9952,1404,0.0048,0.014,0,0.0,293105,291701,0.9952,1404,0.0048,0.014,0,0.0,780.6,None,0.0,0,0,0,0,0.9952,291701,1404,62,0,0.4095,244172341,100000001,,core,1,core.1.v1.,v1,,l1d,n,l1d.n.v1.,v1,,l1i,n,l1i.n.v1.,v1,,l2c,n,l2c.n.v1.,v1,,llc,1,llc.1.v1.,v1,,memory,1,memory.1.v2.,v2,,tlbs,n,tlbs.n.v1.,v1,62,1,yankee_062_1_062.raw,62,myscript_google,yankee,0.0,0.0,/mnt/storage/traces/gtrace_v2_champsim_myscript/yankee/yankee.log,None,None,1,1,/mnt/storage/traces/gtrace_v2_champsim_myscript/yankee/yankee_0062.champsim.gz,0,0,True,
42.94,10.37,0.9435,6.054,1.569,0.8905,0.5127,0.4683,0.8722,cpu0_DTLB,DTLB,26887105,1.0,26416096,0.9825,471009,0.0175,4.7101,197308,0.0073,26887105,26416096,0.9825,471009,0.0175,4.7101,197308,0.0073,8.753,None,0.0,0,0,0,0,0.9825,26416096,471009,cpu0_ITLB,ITLB,9252722,1.0,9252645,1.0,77,0.0,0.0008,36,0.0,9252722,9252645,1.0,77,0.0,0.0008,36,0.0,258.1,None,0.0,0,0,0,0,1.0,9252645,77,cpu0_L1D,L1D,16728407,0.5886,15043075,0.8993,1685332,0.1007,16.8533,503003,0.0301,28421118,24976631,0.8788,3444487,0.1212,34.4449,1817295,0.0639,2493,0.0001,8,0.0032,2485,0.9968,0.0248,3,0.0012,11690218,0.4113,9933548,0.8497,1756670,0.1503,17.5667,1314289,0.1124,209.7,None,0.0,0,0,0,0,0.8993,15043075,1685332,cpu0_L1I,L1I,11168373,1.0,9078458,0.8129,2089915,0.1871,20.8991,780497,0.0699,11168373,9078458,0.8129,2089915,0.1871,20.8991,780497,0.0699,130.7,None,0.0,0,0,0,0,0.8129,9078458,2089915,cpu0_L2C,L2C,2491739,0.7011,1446729,0.5806,1045010,0.4194,10.4501,0,0.0,442351,0.1245,104651,0.2366,337700,0.7634,3.377,0,0.0,3553969,2047235,0.576,1506734,0.424,15.0673,0,0.0,2482,0.0007,151,0.0608,2331,0.9392,0.0233,0,0.0,617397,0.1737,495704,0.8029,121693,0.1971,1.2169,0,0.0,324.6,None,0.0,0,0,0,0,0.5287,1551380,1382710,LLC,LLC,1045010,0.5744,166117,0.159,878893,0.841,8.7889,0,0.0,337700,0.1856,11459,0.0339,326241,0.9661,3.2624,0,0.0,1819240,229200,0.126,1590040,0.874,15.9004,0,0.0,2331,0.0013,19,0.0082,2312,0.9918,0.0231,0,0.0,434199,0.2387,51605,0.1189,382594,0.8811,3.8259,0,0.0,295.6,None,0.0,0,0,0,0,0.1284,177576,1205134,cpu0_STLB,STLB,273742,1.0,272560,0.9957,1182,0.0043,0.0118,0,0.0,273742,272560,0.9957,1182,0.0043,0.0118,0,0.0,876.7,None,0.0,0,0,0,0,0.9957,272560,1182,54,0,0.4374,228603611,100000001,,core,1,core.1.v1.,v1,,l1d,n,l1d.n.v1.,v1,,l1i,n,l1i.n.v1.,v1,,l2c,n,l2c.n.v1.,v1,,llc,1,llc.1.v1.,v1,,memory,1,memory.1.v2.,v2,,tlbs,n,tlbs.n.v1.,v1,54,1,yankee_054_1_054.raw,54,myscript_google,yankee,0.0,0.0,/mnt/storage/traces/gtrace_v2_champsim_myscript/yankee/yankee.log,None,None,1,1,/mnt/storage/traces/gtrace_v2_champsim_myscript/yankee/yankee_0054.champsim.gz,0,0,True,
53.04,10.11,0.9434,3.938,1.847,2.422,0.2893,0.3923,1.225,cpu0_DTLB,DTLB,26382541,1.0,25409198,0.9631,973343,0.0369,9.7334,402502,0.0153,26382541,25409198,0.9631,973343,0.0369,9.7334,402502,0.0153,7.36,None,0.0,0,0,0,0,0.9631,25409198,973343,cpu0_ITLB,ITLB,13042102,1.0,13041944,1.0,158,0.0,0.0016,80,0.0,13042102,13041944,1.0,158,0.0,0.0016,80,0.0,272.8,None,0.0,0,0,0,0,1.0,13041944,158,cpu0_L1D,L1D,15674386,0.555,13841575,0.8831,1832811,0.1169,18.3281,454181,0.029,28241081,24706851,0.8749,3534230,0.1251,35.3423,1658614,0.0587,3405,0.0001,6,0.0018,3399,0.9982,0.034,1,0.0003,12563290,0.4449,10865270,0.8648,1698020,0.1352,16.9802,1204432,0.0959,147.8,None,0.0,0,0,0,0,0.8831,13841575,1832811,cpu0_L1I,L1I,15795252,1.0,8687283,0.55,7107969,0.45,71.0797,2794809,0.1769,15795252,8687283,0.55,7107969,0.45,71.0797,2794809,0.1769,43.09,None,0.0,0,0,0,0,0.55,8687283,7107969,cpu0_L2C,L2C,5691752,0.811,4740156,0.8328,951596,0.1672,9.516,0,0.0,493553,0.0703,219954,0.4457,273599,0.5543,2.736,0,0.0,7017764,5682760,0.8098,1335004,0.1902,13.35,0,0.0,3398,0.0005,229,0.0674,3169,0.9326,0.0317,0,0.0,829061,0.1181,722421,0.8714,106640,0.1286,1.0664,0,0.0,311.9,None,0.0,0,0,0,0,0.8019,4960110,1225195,LLC,LLC,951594,0.5734,90214,0.0948,861380,0.9052,8.6138,0,0.0,273599,0.1648,19959,0.0729,253640,0.9271,2.5364,0,0.0,1659694,195738,0.1179,1463956,0.8821,14.6396,0,0.0,3169,0.0019,54,0.017,3115,0.983,0.0311,0,0.0,431332,0.2599,85511,0.1982,345821,0.8018,3.4582,0,0.0,272.9,None,0.0,0,0,0,0,0.0899,110173,1115020,cpu0_STLB,STLB,570919,1.0,569217,0.997,1702,0.003,0.017,0,0.0,570919,569217,0.997,1702,0.003,0.017,0,0.0,802.5,None,0.0,0,0,0,0,0.997,569217,1702,2,0,0.472,211869382,100000001,,core,1,core.1.v1.,v1,,l1d,n,l1d.n.v1.,v1,,l1i,n,l1i.n.v1.,v1,,l2c,n,l2c.n.v1.,v1,,llc,1,llc.1.v1.,v1,,memory,1,memory.1.v2.,v2,,tlbs,n,tlbs.n.v1.,v1,2,1,sierra.a.3_002_1_002.raw,2,myscript_google,sierra.a.3,0.0,0.0,/mnt/storage/traces/gtrace_v2_champsim_myscript/sierra.a.3/sierra.a.3.log,100000000,100000000,1,1,/mnt/storage/traces/gtrace_v2_champsim_myscript/sierra.a.3/sierra.a.3_0002.champsim.gz,0,0,True,
45.03,9.561,0.9504,5.371,1.107,0.932,0.5171,0.5696,1.064,cpu0_DTLB,DTLB,27316616,1.0,26798275,0.981,518341,0.019,5.1834,216727,0.0079,27316616,26798275,0.981,518341,0.019,5.1834,216727,0.0079,15.4,None,0.0,0,0,0,0,0.981,26798275,518341,cpu0_ITLB,ITLB,9764768,1.0,9764534,1.0,234,0.0,0.0023,51,0.0,9764768,9764534,1.0,234,0.0,0.0023,51,0.0,236.7,None,0.0,0,0,0,0,1.0,9764534,234,cpu0_L1D,L1D,16893983,0.579,15310739,0.9063,1583244,0.0937,15.8324,457655,0.0271,29178565,26234977,0.8991,2943588,0.1009,29.4359,1443424,0.0495,8454,0.0003,70,0.0083,8384,0.9917,0.0838,17,0.002,12276128,0.4207,10924168,0.8899,1351960,0.1101,13.5196,985752,0.0803,204.7,None,0.0,0,0,0,0,0.9063,15310739,1583244,cpu0_L1I,L1I,11627215,1.0,8853000,0.7614,2774215,0.2386,27.7421,993369,0.0854,11627215,8853000,0.7614,2774215,0.2386,27.7421,993369,0.0854,81.69,None,0.0,0,0,0,0,0.7614,8853000,2774215,cpu0_L2C,L2C,2906426,0.7589,1949918,0.6709,956508,0.3291,9.5651,0,0.0,366191,0.0956,85867,0.2345,280324,0.7655,2.8032,0,0.0,3829587,2478639,0.6472,1350948,0.3528,13.5095,0,0.0,8367,0.0022,1253,0.1498,7114,0.8502,0.0711,0,0.0,548603,0.1433,441601,0.805,107002,0.195,1.07,0,0.0,316.1,None,0.0,0,0,0,0,0.6221,2035785,1236832,LLC,LLC,956508,0.5912,107024,0.1119,849484,0.8881,8.4948,0,0.0,280324,0.1733,8516,0.0304,271808,0.9696,2.7181,0,0.0,1617993,164036,0.1014,1453957,0.8986,14.5396,0,0.0,7114,0.0044,77,0.0108,7037,0.9892,0.0704,0,0.0,374047,0.2312,48419,0.1294,325628,0.8706,3.2563,0,0.0,281.8,None,0.0,0,0,0,0,0.0934,115540,1121292,cpu0_STLB,STLB,301797,1.0,298011,0.9875,3786,0.0125,0.0379,0,0.0,301797,298011,0.9875,3786,0.0125,0.0379,0,0.0,838.9,None,0.0,0,0,0,0,0.9875,298011,3786,31,0,0.4507,221873072,100000003,,core,1,core.1.v1.,v1,,l1d,n,l1d.n.v1.,v1,,l1i,n,l1i.n.v1.,v1,,l2c,n,l2c.n.v1.,v1,,llc,1,llc.1.v1.,v1,,memory,1,memory.1.v2.,v2,,tlbs,n,tlbs.n.v1.,v1,31,1,tahoe_031_1_031.raw,31,myscript_google,tahoe,0.0,0.0,/mnt/storage/traces/gtrace_v2_champsim_myscript/tahoe/tahoe.log,100000000,100000000,1,1,/mnt/storage/traces/gtrace_v2_champsim_myscript/tahoe/tahoe_0031.champsim.gz,0,0,True,
43.25,9.72,0.9479,6.495,0.8548,0.9911,0.3745,0.3855,0.6184,cpu0_DTLB,DTLB,25251690,1.0,24846198,0.9839,405492,0.0161,4.0549,167562,0.0066,25251690,24846198,0.9839,405492,0.0161,4.0549,167562,0.0066,21.83,None,0.0,0,0,0,0,0.9839,24846198,405492,cpu0_ITLB,ITLB,9299741,1.0,9299727,1.0,14,0.0,0.0001,7,0.0,9299741,9299727,1.0,14,0.0,0.0001,7,0.0,1115.0,None,0.0,0,0,0,0,1.0,9299727,14,cpu0_L1D,L1D,16625620,0.6233,14746130,0.887,1879490,0.113,18.7949,585302,0.0352,26673654,23350169,0.8754,3323485,0.1246,33.2348,1650065,0.0619,11835,0.0004,77,0.0065,11758,0.9935,0.1176,18,0.0015,10036199,0.3763,8603962,0.8573,1432237,0.1427,14.3224,1064745,0.1061,165.9,None,0.0,0,0,0,0,0.887,14746130,1879490,cpu0_L1I,L1I,11229780,1.0,8985482,0.8001,2244298,0.1999,22.443,880308,0.0784,11229780,8985482,0.8001,2244298,0.1999,22.443,880308,0.0784,117.0,None,0.0,0,0,0,0,0.8001,8985482,2244298,cpu0_L2C,L2C,2658162,0.7411,1677220,0.631,980942,0.369,9.8094,0,0.0,367463,0.1024,108454,0.2951,259009,0.7049,2.5901,0,0.0,3586920,2239954,0.6245,1346966,0.3755,13.4697,0,0.0,11740,0.0033,1720,0.1465,10020,0.8535,0.1002,0,0.0,549555,0.1532,452560,0.8235,96995,0.1765,0.9699,0,0.0,306.7,None,0.0,0,0,0,0,0.5902,1785674,1239951,LLC,LLC,980942,0.6168,94418,0.0963,886524,0.9037,8.8652,0,0.0,259009,0.1629,9681,0.0374,249328,0.9626,2.4933,0,0.0,1590285,153011,0.0962,1437274,0.9038,14.3727,0,0.0,10020,0.0063,211,0.0211,9809,0.9789,0.0981,0,0.0,340314,0.214,48701,0.1431,291613,0.8569,2.9161,0,0.0,275.1,None,0.0,0,0,0,0,0.084,104099,1135852,cpu0_STLB,STLB,237937,1.0,232668,0.9779,5269,0.0221,0.0527,0,0.0,237937,232668,0.9779,5269,0.0221,0.0527,0,0.0,760.3,None,0.0,0,0,0,0,0.9779,232668,5269,28,0,0.4436,225425226,100000002,,core,1,core.1.v1.,v1,,l1d,n,l1d.n.v1.,v1,,l1i,n,l1i.n.v1.,v1,,l2c,n,l2c.n.v1.,v1,,llc,1,llc.1.v1.,v1,,memory,1,memory.1.v2.,v2,,tlbs,n,tlbs.n.v1.,v1,28,1,merced_028_1_028.raw,28,myscript_google,merced,0.0,0.0,/mnt/storage/traces/gtrace_v2_champsim_myscript/merced/merced.log,None,None,1,1,/mnt/storage/traces/gtrace_v2_champsim_myscript/merced/merced_0028.champsim.gz,0,0,True,
64.53,7.526,0.961,4.052,1.093,0.711,0.4063,0.348,0.9161,cpu0_DTLB,DTLB,26327538,1.0,25594709,0.9722,732829,0.0278,7.3283,331772,0.0126,26327538,25594709,0.9722,732829,0.0278,7.3283,331772,0.0126,13.15,None,0.0,0,0,0,0,0.9722,25594709,732829,cpu0_ITLB,ITLB,11389778,1.0,11388253,0.9999,1525,0.0001,0.0152,1050,0.0001,11389778,11388253,0.9999,1525,0.0001,0.0152,1050,0.0001,29.34,None,0.0,0,0,0,0,0.9999,11388253,1525,cpu0_L1D,L1D,15096395,0.5381,13541721,0.897,1554674,0.103,15.5467,456920,0.0303,28057069,24841274,0.8854,3215795,0.1146,32.1579,1720771,0.0613,9982,0.0004,90,0.009,9892,0.991,0.0989,92,0.0092,12950692,0.4616,11299463,0.8725,1651229,0.1275,16.5123,1263759,0.0976,169.7,None,0.0,0,0,0,0,0.897,13541721,1554674,cpu0_L1I,L1I,13330534,1.0,9602565,0.7203,3727969,0.2797,37.2797,1463624,0.1098,13330534,9602565,0.7203,3727969,0.2797,37.2797,1463624,0.1098,24.05,None,0.0,0,0,0,0,0.7203,9602565,3727969,cpu0_L2C,L2C,3362085,0.7697,2857932,0.85,504153,0.15,5.0415,0,0.0,387445,0.0887,102426,0.2644,285019,0.7356,2.8502,0,0.0,4368025,3473360,0.7952,894665,0.2048,8.9466,0,0.0,9800,0.0022,1529,0.156,8271,0.844,0.0827,0,0.0,608695,0.1394,511473,0.8403,97222,0.1597,0.9722,0,0.0,312.5,None,0.0,0,0,0,0,0.7895,2960358,789172,LLC,LLC,504153,0.4173,49761,0.0987,454392,0.9013,4.5439,0,0.0,285019,0.2359,13114,0.046,271905,0.954,2.719,0,0.0,1208128,127970,0.1059,1080158,0.8941,10.8016,0,0.0,8271,0.0068,345,0.0417,7926,0.9583,0.0793,0,0.0,410685,0.3399,64750,0.1577,345935,0.8423,3.4593,0,0.0,249.6,None,0.0,0,0,0,0,0.0797,62875,726297,cpu0_STLB,STLB,401532,1.0,396993,0.9887,4539,0.0113,0.0454,0,0.0,401532,396993,0.9887,4539,0.0113,0.0454,0,0.0,722.0,None,0.0,0,0,0,0,0.9887,396993,4539,20,0,0.6248,160062593,100000004,,core,1,core.1.v1.,v1,,l1d,n,l1d.n.v1.,v1,,l1i,n,l1i.n.v1.,v1,,l2c,n,l2c.n.v1.,v1,,llc,1,llc.1.v1.,v1,,memory,1,memory.1.v2.,v2,,tlbs,n,tlbs.n.v1.,v1,20,1,tango_020_1_020.raw,20,myscript_google,tango,0.0,0.0,/mnt/storage/traces/gtrace_v2_champsim_myscript/tango/tango.log,100000000,100000000,1,1,/mnt/storage/traces/gtrace_v2_champsim_myscript/tango/tango_0020.champsim.gz,0,0,True,
43.32,10.49,0.9422,5.76,1.624,1.009,0.5147,0.6803,0.9069,cpu0_DTLB,DTLB,26745091,1.0,26193819,0.9794,551272,0.0206,5.5127,214131,0.008,26745091,26193819,0.9794,551272,0.0206,5.5127,214131,0.008,7.875,None,0.0,0,0,0,0,0.9794,26193819,551272,cpu0_ITLB,ITLB,9181428,1.0,9181330,1.0,98,0.0,0.001,33,0.0,9181428,9181330,1.0,98,0.0,0.001,33,0.0,52.08,None,0.0,0,0,0,0,1.0,9181330,98,cpu0_L1D,L1D,16570032,0.587,14822615,0.8945,1747417,0.1055,17.4742,529414,0.032,28226813,24797150,0.8785,3429663,0.1215,34.2966,1797727,0.0637,2468,0.0001,8,0.0032,2460,0.9968,0.0246,4,0.0016,11654313,0.4129,9974527,0.8559,1679786,0.1441,16.7979,1268309,0.1088,217.4,None,0.0,0,0,0,0,0.8945,14822615,1747417,cpu0_L1I,L1I,11028913,1.0,8803596,0.7982,2225317,0.2018,22.2532,839739,0.0761,11028913,8803596,0.7982,2225317,0.2018,22.2532,839739,0.0761,151.9,None,0.0,0,0,0,0,0.7982,8803596,2225317,cpu0_L2C,L2C,2603574,0.7186,1374978,0.5281,1228596,0.4719,12.286,0,0.0,411452,0.1136,92534,0.2249,318918,0.7751,3.1892,0,0.0,3623166,1947933,0.5376,1675233,0.4624,16.7523,0,0.0,2456,0.0007,144,0.0586,2312,0.9414,0.0231,0,0.0,605684,0.1672,480277,0.7929,125407,0.2071,1.2541,0,0.0,323.1,None,0.0,0,0,0,0,0.4867,1467512,1547514,LLC,LLC,1228596,0.6173,110668,0.0901,1117928,0.9099,11.1793,0,0.0,318918,0.1602,7951,0.0249,310967,0.9751,3.1097,0,0.0,1990160,164721,0.0828,1825439,0.9172,18.2544,0,0.0,2312,0.0012,13,0.0056,2299,0.9944,0.023,0,0.0,440334,0.2213,46089,0.1047,394245,0.8953,3.9424,0,0.0,284.7,None,0.0,0,0,0,0,0.0767,118619,1428895,cpu0_STLB,STLB,337206,1.0,336012,0.9965,1194,0.0035,0.0119,0,0.0,337206,336012,0.9965,1194,0.0035,0.0119,0,0.0,813.4,None,0.0,0,0,0,0,0.9965,336012,1194,0,0,0.3753,266472272,100000001,,core,1,core.1.v1.,v1,,l1d,n,l1d.n.v1.,v1,,l1i,n,l1i.n.v1.,v1,,l2c,n,l2c.n.v1.,v1,,llc,1,llc.1.v1.,v1,,memory,1,memory.1.v2.,v2,,tlbs,n,tlbs.n.v1.,v1,0,1,yankee_000_1_000.raw,0,myscript_google,yankee,0.0,0.0,/mnt/storage/traces/gtrace_v2_champsim_myscript/yankee/yankee.log,None,None,1,1,/mnt/storage/traces/gtrace_v2_champsim_myscript/yankee/yankee_0000.champsim.gz,0,0,True,
65.03,7.309,0.9616,5.39,0.4685,0.3832,0.3027,0.2674,0.4974,cpu0_DTLB,DTLB,28814962,1.0,28448319,0.9873,366643,0.0127,3.6664,164958,0.0057,28814962,28448319,0.9873,366643,0.0127,3.6664,164958,0.0057,13.76,None,0.0,0,0,0,0,0.9873,28448319,366643,cpu0_ITLB,ITLB,6863475,1.0,6863341,1.0,134,0.0,0.0013,26,0.0,6863475,6863341,1.0,134,0.0,0.0013,26,0.0,331.6,None,0.0,0,0,0,0,1.0,6863341,134,cpu0_L1D,L1D,17736403,0.5751,16722236,0.9428,1014167,0.0572,10.1417,374901,0.0211,30839682,28350218,0.9193,2489464,0.0807,24.8946,1540108,0.0499,4414,0.0001,40,0.0091,4374,0.9909,0.0437,15,0.0034,13098865,0.4247,11627942,0.8877,1470923,0.1123,14.7092,1165192,0.089,273.6,None,0.0,0,0,0,0,0.9428,16722236,1014167,cpu0_L1I,L1I,8081833,1.0,7003029,0.8665,1078804,0.1335,10.788,382896,0.0474,8081833,7003029,0.8665,1078804,0.1335,10.788,382896,0.0474,128.2,None,0.0,0,0,0,0,0.8665,7003029,1078804,cpu0_L2C,L2C,1335164,0.6508,760064,0.5693,575100,0.4307,5.751,0,0.0,305721,0.149,42789,0.14,262932,0.86,2.6293,0,0.0,2051586,1121150,0.5465,930436,0.4535,9.3044,0,0.0,4359,0.0021,931,0.2136,3428,0.7864,0.0343,0,0.0,406342,0.1981,317366,0.781,88976,0.219,0.8898,0,0.0,361.0,None,0.0,0,0,0,0,0.4893,802853,838032,LLC,LLC,575100,0.4961,26629,0.0463,548471,0.9537,5.4847,0,0.0,262932,0.2268,6725,0.0256,256207,0.9744,2.5621,0,0.0,1159228,62715,0.0541,1096513,0.9459,10.9651,0,0.0,3428,0.003,26,0.0076,3402,0.9924,0.034,0,0.0,317768,0.2741,29335,0.0923,288433,0.9077,2.8843,0,0.0,296.1,None,0.0,0,0,0,0,0.0398,33354,804678,cpu0_STLB,STLB,201793,1.0,199810,0.9902,1983,0.0098,0.0198,0,0.0,201793,199810,0.9902,1983,0.0098,0.0198,0,0.0,908.1,None,0.0,0,0,0,0,0.9902,199810,1983,27,0,0.5984,167101897,100000003,,core,1,core.1.v1.,v1,,l1d,n,l1d.n.v1.,v1,,l1i,n,l1i.n.v1.,v1,,l2c,n,l2c.n.v1.,v1,,llc,1,llc.1.v1.,v1,,memory,1,memory.1.v2.,v2,,tlbs,n,tlbs.n.v1.,v1,27,1,tahoe_027_1_027.raw,27,myscript_google,tahoe,0.0,0.0,/mnt/storage/traces/gtrace_v2_champsim_myscript/tahoe/tahoe.log,100000000,100000000,1,1,/mnt/storage/traces/gtrace_v2_champsim_myscript/tahoe/tahoe_0027.champsim.gz,0,0,True,
50.28,7.997,0.9564,5.52,0.5739,0.8055,0.5011,0.2158,0.3805,cpu0_DTLB,DTLB,23695354,1.0,23300988,0.9834,394366,0.0166,3.9437,161343,0.0068,23695354,23300988,0.9834,394366,0.0166,3.9437,161343,0.0068,19.13,None,0.0,0,0,0,0,0.9834,23300988,394366,cpu0_ITLB,ITLB,9941764,1.0,9941761,1.0,3,0.0,0.0,0,0.0,9941764,9941761,1.0,3,0.0,0.0,0,0.0,914.3,None,0.0,0,0,0,0,1.0,9941761,3,cpu0_L1D,L1D,15684604,0.6239,14664630,0.935,1019974,0.065,10.1997,315934,0.0201,25138692,23160068,0.9213,1978624,0.0787,19.7862,1022596,0.0407,9522,0.0004,55,0.0058,9467,0.9942,0.0947,5,0.0005,9444566,0.3757,8495383,0.8995,949183,0.1005,9.4918,706657,0.0748,215.5,None,0.0,0,0,0,0,0.935,14664630,1019974,cpu0_L1I,L1I,12205549,1.0,10864925,0.8902,1340624,0.1098,13.4062,531628,0.0436,12205549,10864925,0.8902,1340624,0.1098,13.4062,531628,0.0436,110.0,None,0.0,0,0,0,0,0.8902,10864925,1340624,cpu0_L2C,L2C,1513021,0.7173,946333,0.6255,566688,0.3745,5.6669,0,0.0,242517,0.115,46452,0.1915,196065,0.8085,1.9606,0,0.0,2109276,1277493,0.6057,831783,0.3943,8.3178,0,0.0,9462,0.0045,1704,0.1801,7758,0.8199,0.0776,0,0.0,344276,0.1632,283004,0.822,61272,0.178,0.6127,0,0.0,337.9,None,0.0,0,0,0,0,0.5655,992785,762753,LLC,LLC,566688,0.5627,27352,0.0483,539336,0.9517,5.3934,0,0.0,196065,0.1947,8356,0.0426,187709,0.9574,1.8771,0,0.0,1007078,66163,0.0657,940915,0.9343,9.4091,0,0.0,7758,0.0077,117,0.0151,7641,0.9849,0.0764,0,0.0,236567,0.2349,30338,0.1282,206229,0.8718,2.0623,0,0.0,287.3,None,0.0,0,0,0,0,0.0468,35708,727045,cpu0_STLB,STLB,233026,1.0,228776,0.9818,4250,0.0182,0.0425,0,0.0,233026,228776,0.9818,4250,0.0182,0.0425,0,0.0,774.3,None,0.0,0,0,0,0,0.9818,228776,4250,59,0,0.6149,162621111,100000002,,core,1,core.1.v1.,v1,,l1d,n,l1d.n.v1.,v1,,l1i,n,l1i.n.v1.,v1,,l2c,n,l2c.n.v1.,v1,,llc,1,llc.1.v1.,v1,,memory,1,memory.1.v2.,v2,,tlbs,n,tlbs.n.v1.,v1,59,1,merced_059_1_059.raw,59,myscript_google,merced,0.0,0.0,/mnt/storage/traces/gtrace_v2_champsim_myscript/merced/merced.log,None,None,1,1,/mnt/storage/traces/gtrace_v2_champsim_myscript/merced/merced_0059.champsim.gz,0,0,True,
52.68,10.35,0.9436,4.083,1.869,2.411,0.2872,0.4097,1.294,cpu0_DTLB,DTLB,27128835,1.0,26159983,0.9643,968852,0.0357,9.6885,397105,0.0146,27128835,26159983,0.9643,968852,0.0357,9.6885,397105,0.0146,7.176,None,0.0,0,0,0,0,0.9643,26159983,968852,cpu0_ITLB,ITLB,12608861,1.0,12608646,1.0,215,0.0,0.0022,94,0.0,12608861,12608646,1.0,215,0.0,0.0022,94,0.0,280.8,None,0.0,0,0,0,0,1.0,12608646,215,cpu0_L1D,L1D,16069298,0.5534,14090574,0.8769,1978724,0.1231,19.7872,515208,0.0321,29038912,25300681,0.8713,3738231,0.1287,37.3823,1758903,0.0606,3092,0.0001,4,0.0013,3088,0.9987,0.0309,0,0.0,12966522,0.4465,11210103,0.8645,1756419,0.1355,17.5642,1243695,0.0959,158.8,None,0.0,0,0,0,0,0.8769,14090574,1978724,cpu0_L1I,L1I,15359995,1.0,8349515,0.5436,7010480,0.4564,70.1048,2750385,0.1791,15359995,8349515,0.5436,7010480,0.4564,70.1048,2750385,0.1791,43.96,None,0.0,0,0,0,0,0.5436,8349515,7010480,cpu0_L2C,L2C,5723588,0.8051,4699348,0.821,1024240,0.179,10.2424,0,0.0,512687,0.0721,227337,0.4434,285350,0.5566,2.8535,0,0.0,7109545,5683913,0.7995,1425632,0.2005,14.2563,0,0.0,3088,0.0004,120,0.0389,2968,0.9611,0.0297,0,0.0,870182,0.1224,757108,0.8701,113074,0.1299,1.1307,0,0.0,318.6,None,0.0,0,0,0,0,0.79,4926685,1309590,LLC,LLC,1024236,0.5803,93049,0.0908,931187,0.9092,9.3119,0,0.0,285350,0.1617,22540,0.079,262810,0.921,2.6281,0,0.0,1764953,207939,0.1178,1557014,0.8822,15.5701,0,0.0,2968,0.0017,22,0.0074,2946,0.9926,0.0295,0,0.0,452399,0.2563,92328,0.2041,360071,0.7959,3.6007,0,0.0,280.1,None,0.0,0,0,0,0,0.0883,115589,1193997,cpu0_STLB,STLB,571868,1.0,570322,0.9973,1546,0.0027,0.0155,0,0.0,571868,570322,0.9973,1546,0.0027,0.0155,0,0.0,825.1,None,0.0,0,0,0,0,0.9973,570322,1546,0,0,0.4474,223506220,100000000,,core,1,core.1.v1.,v1,,l1d,n,l1d.n.v1.,v1,,l1i,n,l1i.n.v1.,v1,,l2c,n,l2c.n.v1.,v1,,llc,1,llc.1.v1.,v1,,memory,1,memory.1.v2.,v2,,tlbs,n,tlbs.n.v1.,v1,0,1,sierra.a.3_000_1_000.raw,0,myscript_google,sierra.a.3,0.0,0.0,/mnt/storage/traces/gtrace_v2_champsim_myscript/sierra.a.3/sierra.a.3.log,100000000,100000000,1,1,/mnt/storage/traces/gtrace_v2_champsim_myscript/sierra.a.3/sierra.a.3_0000.champsim.gz,0,0,True,
42.86,10.1,0.9414,7.281,0.754,1.022,0.2962,0.2479,0.4976,cpu0_DTLB,DTLB,22123482,1.0,21574047,0.9752,549435,0.0248,5.4943,231648,0.0105,22123482,21574047,0.9752,549435,0.0248,5.4943,231648,0.0105,23.56,None,0.0,0,0,0,0,0.9752,21574047,549435,cpu0_ITLB,ITLB,9035458,1.0,9035448,1.0,10,0.0,0.0001,6,0.0,9035458,9035448,1.0,10,0.0,0.0001,6,0.0,1057.0,None,0.0,0,0,0,0,1.0,9035448,10,cpu0_L1D,L1D,14936321,0.6418,13151008,0.8805,1785313,0.1195,17.8531,574875,0.0385,23272354,20352463,0.8745,2919891,0.1255,29.1989,1403497,0.0603,19487,0.0008,96,0.0049,19391,0.9951,0.1939,15,0.0008,8316546,0.3574,7201359,0.8659,1115187,0.1341,11.1519,828607,0.0996,175.0,None,0.0,0,0,0,0,0.8805,13151008,1785313,cpu0_L1I,L1I,10973307,1.0,8979904,0.8183,1993403,0.1817,19.934,806575,0.0735,10973307,8979904,0.8183,1993403,0.1817,19.934,806575,0.0735,93.03,None,0.0,0,0,0,0,0.8183,8979904,1993403,cpu0_L2C,L2C,2397252,0.7645,1535151,0.6404,862101,0.3596,8.621,0,0.0,286555,0.0914,76069,0.2655,210486,0.7345,2.1049,0,0.0,3135633,1969496,0.6281,1166137,0.3719,11.6614,0,0.0,19376,0.0062,4060,0.2095,15316,0.7905,0.1532,0,0.0,432450,0.1379,354216,0.8191,78234,0.1809,0.7823,0,0.0,303.9,None,0.0,0,0,0,0,0.6003,1611220,1072587,LLC,LLC,862101,0.6327,56975,0.0661,805126,0.9339,8.0513,0,0.0,210486,0.1545,6899,0.0328,203587,0.9672,2.0359,0,0.0,1362537,100948,0.0741,1261589,0.9259,12.6159,0,0.0,15316,0.0112,754,0.0492,14562,0.9508,0.1456,0,0.0,274634,0.2016,36320,0.1322,238314,0.8678,2.3831,0,0.0,268.6,None,0.0,0,0,0,0,0.0596,63874,1008713,cpu0_STLB,STLB,317791,1.0,309119,0.9727,8672,0.0273,0.0867,0,0.0,317791,309119,0.9727,8672,0.0273,0.0867,0,0.0,679.5,None,0.0,0,0,0,0,0.9727,309119,8672,23,0,0.4572,218708522,100000003,,core,1,core.1.v1.,v1,,l1d,n,l1d.n.v1.,v1,,l1i,n,l1i.n.v1.,v1,,l2c,n,l2c.n.v1.,v1,,llc,1,llc.1.v1.,v1,,memory,1,memory.1.v2.,v2,,tlbs,n,tlbs.n.v1.,v1,23,1,merced_023_1_023.raw,23,myscript_google,merced,0.0,0.0,/mnt/storage/traces/gtrace_v2_champsim_myscript/merced/merced.log,None,None,1,1,/mnt/storage/traces/gtrace_v2_champsim_myscript/merced/merced_0023.champsim.gz,0,0,True,
62.61,7.872,0.9586,4.026,1.263,0.7745,0.4524,0.3724,0.9838,cpu0_DTLB,DTLB,26694825,1.0,25938372,0.9717,756453,0.0283,7.5645,339234,0.0127,26694825,25938372,0.9717,756453,0.0283,7.5645,339234,0.0127,12.42,None,0.0,0,0,0,0,0.9717,25938372,756453,cpu0_ITLB,ITLB,11271441,1.0,11269759,0.9999,1682,0.0001,0.0168,1174,0.0001,11271441,11269759,0.9999,1682,0.0001,0.0168,1174,0.0001,19.88,None,0.0,0,0,0,0,0.9999,11269759,1682,cpu0_L1D,L1D,15080242,0.5298,13429761,0.8906,1650481,0.1094,16.5048,497447,0.033,28464830,25178037,0.8845,3286793,0.1155,32.8679,1742521,0.0612,9093,0.0003,117,0.0129,8976,0.9871,0.0898,96,0.0106,13375495,0.4699,11748159,0.8783,1627336,0.1217,16.2734,1244978,0.0931,168.7,None,0.0,0,0,0,0,0.8906,13429761,1650481,cpu0_L1I,L1I,13324743,1.0,9504465,0.7133,3820278,0.2867,38.2028,1488631,0.1117,13324743,9504465,0.7133,3820278,0.2867,38.2028,1488631,0.1117,28.15,None,0.0,0,0,0,0,0.7133,9504465,3820278,cpu0_L2C,L2C,3484667,0.7752,2902487,0.8329,582180,0.1671,5.8218,0,0.0,382329,0.0851,97633,0.2554,284696,0.7446,2.847,0,0.0,4495329,3518107,0.7826,977222,0.2174,9.7722,0,0.0,8880,0.002,1234,0.139,7646,0.861,0.0765,0,0.0,619453,0.1378,516753,0.8342,102700,0.1658,1.027,0,0.0,303.6,None,0.0,0,0,0,0,0.7758,3000120,866876,LLC,LLC,582180,0.4493,68803,0.1182,513377,0.8818,5.1338,0,0.0,284696,0.2197,13977,0.0491,270719,0.9509,2.7072,0,0.0,1295880,150548,0.1162,1145332,0.8838,11.4533,0,0.0,7646,0.0059,291,0.0381,7355,0.9619,0.0735,0,0.0,421358,0.3252,67477,0.1601,353881,0.8399,3.5388,0,0.0,249.3,None,0.0,0,0,0,0,0.0955,82780,784096,cpu0_STLB,STLB,417727,1.0,413600,0.9901,4127,0.0099,0.0413,0,0.0,417727,413600,0.9901,4127,0.0099,0.0413,0,0.0,750.6,None,0.0,0,0,0,0,0.9901,413600,4127,32,0,0.5822,171753827,100000002,,core,1,core.1.v1.,v1,,l1d,n,l1d.n.v1.,v1,,l1i,n,l1i.n.v1.,v1,,l2c,n,l2c.n.v1.,v1,,llc,1,llc.1.v1.,v1,,memory,1,memory.1.v2.,v2,,tlbs,n,tlbs.n.v1.,v1,32,1,tango_032_1_032.raw,32,myscript_google,tango,0.0,0.0,/mnt/storage/traces/gtrace_v2_champsim_myscript/tango/tango.log,100000000,100000000,1,1,/mnt/storage/traces/gtrace_v2_champsim_myscript/tango/tango_0032.champsim.gz,0,0,True,
42.84,10.12,0.9422,7.449,0.5997,1.251,0.21,0.2167,0.3959,cpu0_DTLB,DTLB,21970676,1.0,21486288,0.978,484388,0.022,4.8439,205424,0.0093,21970676,21486288,0.978,484388,0.022,4.8439,205424,0.0093,24.69,None,0.0,0,0,0,0,0.978,21486288,484388,cpu0_ITLB,ITLB,8938598,1.0,8938577,1.0,21,0.0,0.0002,14,0.0,8938598,8938577,1.0,21,0.0,0.0002,14,0.0,1001.0,None,0.0,0,0,0,0,1.0,8938577,21,cpu0_L1D,L1D,14895166,0.6446,13037061,0.8753,1858105,0.1247,18.5811,609433,0.0409,23107953,20116340,0.8705,2991613,0.1295,29.9161,1445631,0.0626,17394,0.0008,132,0.0076,17262,0.9924,0.1726,14,0.0008,8195393,0.3547,7079147,0.8638,1116246,0.1362,11.1625,836184,0.102,161.6,None,0.0,0,0,0,0,0.8753,13037061,1858105,cpu0_L1I,L1I,10807520,1.0,9124023,0.8442,1683497,0.1558,16.835,683368,0.0632,10807520,9124023,0.8442,1683497,0.1558,16.835,683368,0.0632,101.0,None,0.0,0,0,0,0,0.8442,9124023,1683497,cpu0_L2C,L2C,2248789,0.7547,1461601,0.65,787188,0.35,7.8719,0,0.0,280047,0.094,79675,0.2845,200372,0.7155,2.0037,0,0.0,2979584,1903854,0.639,1075730,0.361,10.7573,0,0.0,17248,0.0058,3412,0.1978,13836,0.8022,0.1384,0,0.0,433500,0.1455,359166,0.8285,74334,0.1715,0.7433,0,0.0,307.4,None,0.0,0,0,0,0,0.6095,1541276,987560,LLC,LLC,787188,0.6245,46186,0.0587,741002,0.9413,7.41,0,0.0,200372,0.159,8243,0.0411,192129,0.9589,1.9213,0,0.0,1260530,89932,0.0713,1170598,0.9287,11.706,0,0.0,13836,0.011,337,0.0244,13499,0.9756,0.135,0,0.0,259134,0.2056,35166,0.1357,223968,0.8643,2.2397,0,0.0,270.3,None,0.0,0,0,0,0,0.0551,54429,933131,cpu0_STLB,STLB,278971,1.0,271212,0.9722,7759,0.0278,0.0776,0,0.0,278971,271212,0.9722,7759,0.0278,0.0776,0,0.0,707.8,None,0.0,0,0,0,0,0.9722,271212,7759,71,0,0.4882,204837154,100000000,,core,1,core.1.v1.,v1,,l1d,n,l1d.n.v1.,v1,,l1i,n,l1i.n.v1.,v1,,l2c,n,l2c.n.v1.,v1,,llc,1,llc.1.v1.,v1,,memory,1,memory.1.v2.,v2,,tlbs,n,tlbs.n.v1.,v1,71,1,merced_071_1_071.raw,71,myscript_google,merced,0.0,0.0,/mnt/storage/traces/gtrace_v2_champsim_myscript/merced/merced.log,None,None,1,1,/mnt/storage/traces/gtrace_v2_champsim_myscript/merced/merced_0071.champsim.gz,0,0,True,
67.24,6.16,0.9665,3.534,0.7272,0.5158,0.3382,0.3316,0.7133,cpu0_DTLB,DTLB,26241213,1.0,25541612,0.9733,699601,0.0267,6.996,317098,0.0121,26241213,25541612,0.9733,699601,0.0267,6.996,317098,0.0121,13.02,None,0.0,0,0,0,0,0.9733,25541612,699601,cpu0_ITLB,ITLB,11459778,1.0,11458529,0.9999,1249,0.0001,0.0125,852,0.0001,11459778,11458529,0.9999,1249,0.0001,0.0125,852,0.0001,26.16,None,0.0,0,0,0,0,0.9999,11458529,1249,cpu0_L1D,L1D,14884685,0.532,13358474,0.8975,1526211,0.1025,15.2621,464643,0.0312,27981156,24862606,0.8885,3118550,0.1115,31.1855,1678007,0.06,9705,0.0003,119,0.0123,9586,0.9877,0.0959,65,0.0067,13086766,0.4677,11504013,0.8791,1582753,0.1209,15.8275,1213299,0.0927,168.9,None,0.0,0,0,0,0,0.8975,13358474,1526211,cpu0_L1I,L1I,13567614,1.0,10193132,0.7513,3374482,0.2487,33.7448,1339058,0.0987,13567614,10193132,0.7513,3374482,0.2487,33.7448,1339058,0.0987,38.35,None,0.0,0,0,0,0,0.7513,10193132,3374482,cpu0_L2C,L2C,3096979,0.7636,2530110,0.817,566869,0.183,5.6687,0,0.0,369431,0.0911,104312,0.2824,265119,0.7176,2.6512,0,0.0,4055760,3126512,0.7709,929248,0.2291,9.2925,0,0.0,9521,0.0023,1562,0.1641,7959,0.8359,0.0796,0,0.0,579829,0.143,490528,0.846,89301,0.154,0.893,0,0.0,317.3,None,0.0,0,0,0,0,0.76,2634422,831988,LLC,LLC,566869,0.4668,42463,0.0749,524406,0.9251,5.2441,0,0.0,265119,0.2183,8731,0.0329,256388,0.9671,2.5639,0,0.0,1214478,100007,0.0823,1114471,0.9177,11.1447,0,0.0,7959,0.0066,164,0.0206,7795,0.9794,0.0779,0,0.0,374531,0.3084,48649,0.1299,325882,0.8701,3.2588,0,0.0,254.8,None,0.0,0,0,0,0,0.0615,51194,780794,cpu0_STLB,STLB,382900,1.0,378379,0.9882,4521,0.0118,0.0452,0,0.0,382900,378379,0.9882,4521,0.0118,0.0452,0,0.0,678.9,None,0.0,0,0,0,0,0.9882,378379,4521,37,0,0.6027,165931991,100000001,,core,1,core.1.v1.,v1,,l1d,n,l1d.n.v1.,v1,,l1i,n,l1i.n.v1.,v1,,l2c,n,l2c.n.v1.,v1,,llc,1,llc.1.v1.,v1,,memory,1,memory.1.v2.,v2,,tlbs,n,tlbs.n.v1.,v1,37,1,tango_037_1_037.raw,37,myscript_google,tango,0.0,0.0,/mnt/storage/traces/gtrace_v2_champsim_myscript/tango/tango.log,100000000,100000000,1,1,/mnt/storage/traces/gtrace_v2_champsim_myscript/tango/tango_0037.champsim.gz,0,0,True,
35.94,13.07,0.9262,5.104,2.507,3.028,0.3021,0.4992,1.63,cpu0_DTLB,DTLB,27947490,1.0,26995130,0.9659,952360,0.0341,9.5236,386186,0.0138,27947490,26995130,0.9659,952360,0.0341,9.5236,386186,0.0138,11.1,None,0.0,0,0,0,0,0.9659,26995130,952360,cpu0_ITLB,ITLB,12892793,1.0,12892474,1.0,319,0.0,0.0032,169,0.0,12892793,12892474,1.0,319,0.0,0.0032,169,0.0,382.3,None,0.0,0,0,0,0,1.0,12892474,319,cpu0_L1D,L1D,17087155,0.5781,14773613,0.8646,2313542,0.1354,23.1354,603132,0.0353,29555288,25100344,0.8493,4454944,0.1507,44.5494,1958154,0.0663,10054,0.0003,23,0.0023,10031,0.9977,0.1003,0,0.0,12458079,0.4215,10326708,0.8289,2131371,0.1711,21.3137,1355022,0.1088,247.4,None,0.0,0,0,0,0,0.8646,14773613,2313542,cpu0_L1I,L1I,15646300,1.0,9817351,0.6275,5828949,0.3725,58.2895,2168138,0.1386,15646300,9817351,0.6275,5828949,0.3725,58.2895,2168138,0.1386,95.05,None,0.0,0,0,0,0,0.6275,9817351,5828949,cpu0_L2C,L2C,5371199,0.7329,3692368,0.6874,1678831,0.3126,16.7883,0,0.0,776261,0.1059,277422,0.3574,498839,0.6426,4.9884,0,0.0,7328552,4961659,0.677,2366893,0.323,23.6689,0,0.0,10031,0.0014,528,0.0526,9503,0.9474,0.095,0,0.0,1171061,0.1598,991341,0.8465,179720,0.1535,1.7972,0,0.0,386.9,None,0.0,0,0,0,0,0.6458,3969790,2177670,LLC,LLC,1678831,0.5829,158227,0.0942,1520604,0.9058,15.206,0,0.0,498839,0.1732,34182,0.0685,464657,0.9315,4.6466,0,0.0,2880083,302427,0.105,2577656,0.895,25.7766,0,0.0,9503,0.0033,184,0.0194,9319,0.9806,0.0932,0,0.0,692910,0.2406,109834,0.1585,583076,0.8415,5.8308,0,0.0,343.6,None,0.0,0,0,0,0,0.0884,192409,1985261,cpu0_STLB,STLB,566324,1.0,561298,0.9911,5026,0.0089,0.0503,0,0.0,566324,561298,0.9911,5026,0.0089,0.0503,0,0.0,697.5,None,0.0,0,0,0,0,0.9911,561298,5026,8,0,0.2963,337480095,100000004,,core,1,core.1.v1.,v1,,l1d,n,l1d.n.v1.,v1,,l1i,n,l1i.n.v1.,v1,,l2c,n,l2c.n.v1.,v1,,llc,1,llc.1.v1.,v1,,memory,1,memory.1.v2.,v2,,tlbs,n,tlbs.n.v1.,v1,8,1,sierra.a.4_008_1_008.raw,8,myscript_google,sierra.a.4,0.0,0.0,/mnt/storage/traces/gtrace_v2_champsim_myscript/sierra.a.4/sierra.a.4.log,100000000,100000000,1,1,/mnt/storage/traces/gtrace_v2_champsim_myscript/sierra.a.4/sierra.a.4_0008.champsim.gz,0,0,True,
60.21,4.397,0.9778,3.137,0.2294,0.2143,0.1089,0.2323,0.4752,cpu0_DTLB,DTLB,23522294,1.0,23172821,0.9851,349473,0.0149,3.4947,186813,0.0079,23522294,23172821,0.9851,349473,0.0149,3.4947,186813,0.0079,103.0,None,0.0,0,0,0,0,0.9851,23172821,349473,cpu0_ITLB,ITLB,11648246,1.0,11646242,0.9998,2004,0.0002,0.02,933,0.0001,11648246,11646242,0.9998,2004,0.0002,0.02,933,0.0001,299.4,None,0.0,0,0,0,0,0.9998,11646242,2004,cpu0_L1D,L1D,14709689,0.5874,11927828,0.8109,2781861,0.1891,27.8186,1483208,0.1008,25042739,20918249,0.8353,4124490,0.1647,41.2449,2343634,0.0936,71034,0.0028,547,0.0077,70487,0.9923,0.7049,28,0.0004,10262016,0.4098,8989874,0.876,1272142,0.124,12.7214,860398,0.0838,313.3,None,0.0,0,0,0,0,0.8109,11927828,2781861,cpu0_L1I,L1I,14445834,1.0,13853628,0.959,592206,0.041,5.9221,220377,0.0153,14445834,13853628,0.959,592206,0.041,5.9221,220377,0.0153,145.8,None,0.0,0,0,0,0,0.959,13853628,592206,cpu0_L2C,L2C,1670478,0.608,509587,0.3051,1160891,0.6949,11.6089,0,0.0,411734,0.1499,62331,0.1514,349403,0.8486,3.494,0,0.0,2747271,1078228,0.3925,1669043,0.6075,16.6904,0,0.0,70459,0.0256,25250,0.3584,45209,0.6416,0.4521,0,0.0,594600,0.2164,481060,0.809,113540,0.191,1.1354,0,0.0,355.6,None,0.0,0,0,0,0,0.2747,571918,1510294,LLC,LLC,1160891,0.5743,23931,0.0206,1136960,0.9794,11.3696,0,0.0,349403,0.1729,7452,0.0213,341951,0.9787,3.4195,0,0.0,2021230,64535,0.0319,1956695,0.9681,19.5669,0,0.0,45209,0.0224,939,0.0208,44270,0.9792,0.4427,0,0.0,465727,0.2304,32213,0.0692,433514,0.9308,4.3351,0,0.0,292.4,None,0.0,0,0,0,0,0.0208,31383,1478911,cpu0_STLB,STLB,163731,1.0,128618,0.7855,35113,0.2145,0.3511,0,0.0,163731,128618,0.7855,35113,0.2145,0.3511,0,0.0,462.1,None,0.0,0,0,0,0,0.7855,128618,35113,1,0,0.3147,317793629,100000002,,core,1,core.1.v1.,v1,,l1d,n,l1d.n.v1.,v1,,l1i,n,l1i.n.v1.,v1,,l2c,n,l2c.n.v1.,v1,,llc,1,llc.1.v1.,v1,,memory,1,memory.1.v2.,v2,,tlbs,n,tlbs.n.v1.,v1,1,1,whiskey_001_1_001.raw,1,myscript_google,whiskey,0.0,0.0,/mnt/storage/traces/gtrace_v2_champsim_myscript/whiskey/whiskey.log,100000000,100000000,1,1,/mnt/storage/traces/gtrace_v2_champsim_myscript/whiskey/whiskey_0001.champsim.gz,0,0,True,
41.1,9.925,0.9466,6.503,0.9294,1.102,0.3962,0.3517,0.6423,cpu0_DTLB,DTLB,24475034,1.0,24058148,0.983,416886,0.017,4.1689,172906,0.0071,24475034,24058148,0.983,416886,0.017,4.1689,172906,0.0071,18.93,None,0.0,0,0,0,0,0.983,24058148,416886,cpu0_ITLB,ITLB,9683412,1.0,9683398,1.0,14,0.0,0.0001,5,0.0,9683412,9683398,1.0,14,0.0,0.0001,5,0.0,973.1,None,0.0,0,0,0,0,1.0,9683398,14,cpu0_L1D,L1D,16191147,0.6279,14651066,0.9049,1540081,0.0951,15.4008,470942,0.0291,25785408,22961285,0.8905,2824123,0.1095,28.2412,1406986,0.0546,10173,0.0004,46,0.0045,10127,0.9955,0.1013,10,0.001,9584088,0.3717,8310173,0.8671,1273915,0.1329,12.7392,936034,0.0977,187.3,None,0.0,0,0,0,0,0.9049,14651066,1540081,cpu0_L1I,L1I,11712032,1.0,9762420,0.8335,1949612,0.1665,19.4961,752061,0.0642,11712032,9762420,0.8335,1949612,0.1665,19.4961,752061,0.0642,134.4,None,0.0,0,0,0,0,0.8335,9762420,1949612,cpu0_L2C,L2C,2266679,0.728,1336476,0.5896,930203,0.4104,9.302,0,0.0,337865,0.1085,100327,0.2969,237538,0.7031,2.3754,0,0.0,3113608,1850592,0.5944,1263016,0.4056,12.6302,0,0.0,10117,0.0032,1468,0.1451,8649,0.8549,0.0865,0,0.0,498947,0.1602,412321,0.8264,86626,0.1736,0.8663,0,0.0,321.2,None,0.0,0,0,0,0,0.5517,1436803,1167741,LLC,LLC,930202,0.6274,57437,0.0617,872765,0.9383,8.7277,0,0.0,237538,0.1602,8115,0.0342,229423,0.9658,2.2942,0,0.0,1482720,105523,0.0712,1377197,0.9288,13.772,0,0.0,8649,0.0058,176,0.0203,8473,0.9797,0.0847,0,0.0,306331,0.2066,39795,0.1299,266536,0.8701,2.6654,0,0.0,282.4,None,0.0,0,0,0,0,0.0561,65552,1102188,cpu0_STLB,STLB,243989,1.0,239444,0.9814,4545,0.0186,0.0454,0,0.0,243989,239444,0.9814,4545,0.0186,0.0454,0,0.0,748.8,None,0.0,0,0,0,0,0.9814,239444,4545,56,0,0.4569,218850119,100000000,,core,1,core.1.v1.,v1,,l1d,n,l1d.n.v1.,v1,,l1i,n,l1i.n.v1.,v1,,l2c,n,l2c.n.v1.,v1,,llc,1,llc.1.v1.,v1,,memory,1,memory.1.v2.,v2,,tlbs,n,tlbs.n.v1.,v1,56,1,merced_056_1_056.raw,56,myscript_google,merced,0.0,0.0,/mnt/storage/traces/gtrace_v2_champsim_myscript/merced/merced.log,None,None,1,1,/mnt/storage/traces/gtrace_v2_champsim_myscript/merced/merced_0056.champsim.gz,0,0,True,
42.08,10.32,0.9442,5.92,1.542,0.9278,0.5238,0.4823,0.9243,cpu0_DTLB,DTLB,26870061,1.0,26377149,0.9817,492912,0.0183,4.9291,208131,0.0077,26870061,26377149,0.9817,492912,0.0183,4.9291,208131,0.0077,9.807,None,0.0,0,0,0,0,0.9817,26377149,492912,cpu0_ITLB,ITLB,9541834,1.0,9541633,1.0,201,0.0,0.002,101,0.0,9541834,9541633,1.0,201,0.0,0.002,101,0.0,223.8,None,0.0,0,0,0,0,1.0,9541633,201,cpu0_L1D,L1D,16274479,0.573,14436976,0.8871,1837503,0.1129,18.375,546895,0.0336,28403852,24735492,0.8708,3668360,0.1292,36.6836,1936007,0.0682,3584,0.0001,20,0.0056,3564,0.9944,0.0356,7,0.002,12125789,0.4269,10298496,0.8493,1827293,0.1507,18.2729,1389105,0.1146,201.8,None,0.0,0,0,0,0,0.8871,14436976,1837503,cpu0_L1I,L1I,11403192,1.0,9135975,0.8012,2267217,0.1988,22.6722,856248,0.0751,11403192,9135975,0.8012,2267217,0.1988,22.6722,856248,0.0751,130.7,None,0.0,0,0,0,0,0.8012,9135975,2267217,cpu0_L2C,L2C,2701565,0.7155,1582415,0.5857,1119150,0.4143,11.1915,0,0.0,438159,0.116,102676,0.2343,335483,0.7657,3.3548,0,0.0,3775791,2193433,0.5809,1582358,0.4191,15.8236,0,0.0,3557,0.0009,311,0.0874,3246,0.9126,0.0325,0,0.0,632510,0.1675,508031,0.8032,124479,0.1968,1.2448,0,0.0,321.8,None,0.0,0,0,0,0,0.5367,1685091,1454633,LLC,LLC,1119150,0.5874,175422,0.1567,943728,0.8433,9.4373,0,0.0,335483,0.1761,9172,0.0273,326311,0.9727,3.2631,0,0.0,1905361,236259,0.124,1669102,0.876,16.691,0,0.0,3246,0.0017,9,0.0028,3237,0.9972,0.0324,0,0.0,447482,0.2349,51656,0.1154,395826,0.8846,3.9583,0,0.0,293.0,None,0.0,0,0,0,0,0.1269,184594,1270039,cpu0_STLB,STLB,284881,1.0,283218,0.9942,1663,0.0058,0.0166,0,0.0,284881,283218,0.9942,1663,0.0058,0.0166,0,0.0,835.3,None,0.0,0,0,0,0,0.9942,283218,1663,14,0,0.4159,240468174,100000000,,core,1,core.1.v1.,v1,,l1d,n,l1d.n.v1.,v1,,l1i,n,l1i.n.v1.,v1,,l2c,n,l2c.n.v1.,v1,,llc,1,llc.1.v1.,v1,,memory,1,memory.1.v2.,v2,,tlbs,n,tlbs.n.v1.,v1,14,1,yankee_014_1_014.raw,14,myscript_google,yankee,0.0,0.0,/mnt/storage/traces/gtrace_v2_champsim_myscript/yankee/yankee.log,None,None,1,1,/mnt/storage/traces/gtrace_v2_champsim_myscript/yankee/yankee_0014.champsim.gz,0,0,True,
64.43,7.359,0.9609,3.997,1.022,0.6821,0.4197,0.3585,0.8802,cpu0_DTLB,DTLB,26222338,1.0,25494247,0.9722,728091,0.0278,7.2809,328130,0.0125,26222338,25494247,0.9722,728091,0.0278,7.2809,328130,0.0125,14.72,None,0.0,0,0,0,0,0.9722,25494247,728091,cpu0_ITLB,ITLB,11367720,1.0,11366005,0.9998,1715,0.0002,0.0171,1183,0.0001,11367720,11366005,0.9998,1715,0.0002,0.0171,1183,0.0001,17.65,None,0.0,0,0,0,0,0.9998,11366005,1715,cpu0_L1D,L1D,14761820,0.5278,13247618,0.8974,1514202,0.1026,15.142,448686,0.0304,27966028,24850799,0.8886,3115229,0.1114,31.1523,1673038,0.0598,11470,0.0004,94,0.0082,11376,0.9918,0.1138,109,0.0095,13192738,0.4717,11603087,0.8795,1589651,0.1205,15.8965,1224243,0.0928,165.9,None,0.0,0,0,0,0,0.8974,13247618,1514202,cpu0_L1I,L1I,13418698,1.0,9784832,0.7292,3633866,0.2708,36.3387,1428396,0.1064,13418698,9784832,0.7292,3633866,0.2708,36.3387,1428396,0.1064,23.74,None,0.0,0,0,0,0,0.7292,9784832,3633866,cpu0_L2C,L2C,3270975,0.7738,2802376,0.8567,468599,0.1433,4.686,0,0.0,365372,0.0864,97638,0.2672,267734,0.7328,2.6773,0,0.0,4227364,3394742,0.803,832622,0.197,8.3262,0,0.0,11267,0.0027,1781,0.1581,9486,0.8419,0.0949,0,0.0,579750,0.1371,492947,0.8503,86803,0.1497,0.868,0,0.0,317.0,None,0.0,0,0,0,0,0.7975,2900014,736333,LLC,LLC,468599,0.4159,36275,0.0774,432324,0.9226,4.3232,0,0.0,267734,0.2376,11030,0.0412,256704,0.9588,2.567,0,0.0,1126677,103528,0.0919,1023149,0.9081,10.2315,0,0.0,9486,0.0084,285,0.03,9201,0.97,0.092,0,0.0,380858,0.338,55938,0.1469,324920,0.8531,3.2492,0,0.0,248.9,None,0.0,0,0,0,0,0.0642,47305,689028,cpu0_STLB,STLB,400493,1.0,395265,0.9869,5228,0.0131,0.0523,0,0.0,400493,395265,0.9869,5228,0.0131,0.0523,0,0.0,743.6,None,0.0,0,0,0,0,0.9869,395265,5228,31,0,0.647,154549412,100000000,,core,1,core.1.v1.,v1,,l1d,n,l1d.n.v1.,v1,,l1i,n,l1i.n.v1.,v1,,l2c,n,l2c.n.v1.,v1,,llc,1,llc.1.v1.,v1,,memory,1,memory.1.v2.,v2,,tlbs,n,tlbs.n.v1.,v1,31,1,tango_031_1_031.raw,31,myscript_google,tango,0.0,0.0,/mnt/storage/traces/gtrace_v2_champsim_myscript/tango/tango.log,100000000,100000000,1,1,/mnt/storage/traces/gtrace_v2_champsim_myscript/tango/tango_0031.champsim.gz,0,0,True,
59.11,6.488,0.967,3.835,0.7412,0.5306,0.3334,0.2428,0.8046,cpu0_DTLB,DTLB,27123974,1.0,26673204,0.9834,450770,0.0166,4.5077,189827,0.007,27123974,26673204,0.9834,450770,0.0166,4.5077,189827,0.007,14.65,None,0.0,0,0,0,0,0.9834,26673204,450770,cpu0_ITLB,ITLB,10885680,1.0,10885530,1.0,150,0.0,0.0015,29,0.0,10885680,10885530,1.0,150,0.0,0.0015,29,0.0,319.8,None,0.0,0,0,0,0,1.0,10885530,150,cpu0_L1D,L1D,15863334,0.5403,14802891,0.9332,1060443,0.0668,10.6044,309218,0.0195,29359149,27422455,0.934,1936694,0.066,19.3669,944493,0.0322,6308,0.0002,66,0.0105,6242,0.9895,0.0624,9,0.0014,13489507,0.4595,12619498,0.9355,870009,0.0645,8.7001,635266,0.0471,205.3,None,0.0,0,0,0,0,0.9332,14802891,1060443,cpu0_L1I,L1I,13124809,1.0,10893040,0.83,2231769,0.17,22.3177,832563,0.0634,13124809,10893040,0.83,2231769,0.17,22.3177,832563,0.0634,65.79,None,0.0,0,0,0,0,0.83,10893040,2231769,cpu0_L2C,L2C,2150427,0.7823,1527729,0.7104,622698,0.2896,6.227,0,0.0,234733,0.0854,55427,0.2361,179306,0.7639,1.7931,0,0.0,2748967,1874233,0.6818,874734,0.3182,8.7473,0,0.0,6233,0.0023,1316,0.2111,4917,0.7889,0.0492,0,0.0,357574,0.1301,289761,0.8104,67813,0.1896,0.6781,0,0.0,317.0,None,0.0,0,0,0,0,0.6638,1583156,802004,LLC,LLC,622698,0.5943,41327,0.0664,581371,0.9336,5.8137,0,0.0,179306,0.1711,5778,0.0322,173528,0.9678,1.7353,0,0.0,1047713,86048,0.0821,961665,0.9179,9.6166,0,0.0,4917,0.0047,46,0.0094,4871,0.9906,0.0487,0,0.0,240792,0.2298,38897,0.1615,201895,0.8385,2.0189,0,0.0,276.5,None,0.0,0,0,0,0,0.0587,47105,754899,cpu0_STLB,STLB,261064,1.0,258194,0.989,2870,0.011,0.0287,0,0.0,261064,258194,0.989,2870,0.011,0.0287,0,0.0,889.2,None,0.0,0,0,0,0,0.989,258194,2870,24,0,0.6267,159572780,100000002,,core,1,core.1.v1.,v1,,l1d,n,l1d.n.v1.,v1,,l1i,n,l1i.n.v1.,v1,,l2c,n,l2c.n.v1.,v1,,llc,1,llc.1.v1.,v1,,memory,1,memory.1.v2.,v2,,tlbs,n,tlbs.n.v1.,v1,24,1,tahoe_024_1_024.raw,24,myscript_google,tahoe,0.0,0.0,/mnt/storage/traces/gtrace_v2_champsim_myscript/tahoe/tahoe.log,100000000,100000000,1,1,/mnt/storage/traces/gtrace_v2_champsim_myscript/tahoe/tahoe_0024.champsim.gz,0,0,True,
45.07,9.659,0.9447,6.879,0.708,1.001,0.3176,0.2611,0.4918,cpu0_DTLB,DTLB,23892721,1.0,23427597,0.9805,465124,0.0195,4.6512,196376,0.0082,23892721,23427597,0.9805,465124,0.0195,4.6512,196376,0.0082,26.18,None,0.0,0,0,0,0,0.9805,23427597,465124,cpu0_ITLB,ITLB,8843359,1.0,8843342,1.0,17,0.0,0.0002,8,0.0,8843359,8843342,1.0,17,0.0,0.0002,8,0.0,1070.0,None,0.0,0,0,0,0,1.0,8843342,17,cpu0_L1D,L1D,16024908,0.6364,14170958,0.8843,1853950,0.1157,18.5395,603532,0.0377,25181309,22075624,0.8767,3105685,0.1233,31.0568,1515304,0.0602,16259,0.0006,131,0.0081,16128,0.9919,0.1613,18,0.0011,9140142,0.363,7904535,0.8648,1235607,0.1352,12.3561,911754,0.0998,151.9,None,0.0,0,0,0,0,0.8843,14170958,1853950,cpu0_L1I,L1I,10695150,1.0,8930709,0.835,1764441,0.165,17.6444,699642,0.0654,10695150,8930709,0.835,1764441,0.165,17.6444,699642,0.0654,111.5,None,0.0,0,0,0,0,0.835,8930709,1764441,cpu0_L2C,L2C,2315193,0.7399,1497661,0.6469,817532,0.3531,8.1753,0,0.0,323818,0.1035,115218,0.3558,208600,0.6442,2.086,0,0.0,3129136,2017638,0.6448,1111498,0.3552,11.115,0,0.0,16110,0.0051,3340,0.2073,12770,0.7927,0.1277,0,0.0,474015,0.1515,401419,0.8468,72596,0.1532,0.726,0,0.0,305.2,None,0.0,0,0,0,0,0.6112,1612879,1026132,LLC,LLC,817532,0.6284,71721,0.0877,745811,0.9123,7.4581,0,0.0,208600,0.1604,9787,0.0469,198813,0.9531,1.9881,0,0.0,1300882,119760,0.0921,1181122,0.9079,11.8112,0,0.0,12770,0.0098,219,0.0171,12551,0.9829,0.1255,0,0.0,261980,0.2014,38033,0.1452,223947,0.8548,2.2395,0,0.0,274.7,None,0.0,0,0,0,0,0.0794,81508,944624,cpu0_STLB,STLB,268757,1.0,261518,0.9731,7239,0.0269,0.0724,0,0.0,268757,261518,0.9731,7239,0.0269,0.0724,0,0.0,786.7,None,0.0,0,0,0,0,0.9731,261518,7239,26,0,0.5013,199481415,100000002,,core,1,core.1.v1.,v1,,l1d,n,l1d.n.v1.,v1,,l1i,n,l1i.n.v1.,v1,,l2c,n,l2c.n.v1.,v1,,llc,1,llc.1.v1.,v1,,memory,1,memory.1.v2.,v2,,tlbs,n,tlbs.n.v1.,v1,26,1,merced_026_1_026.raw,26,myscript_google,merced,0.0,0.0,/mnt/storage/traces/gtrace_v2_champsim_myscript/merced/merced.log,None,None,1,1,/mnt/storage/traces/gtrace_v2_champsim_myscript/merced/merced_0026.champsim.gz,0,0,True,
59.16,6.528,0.9649,4.577,0.5022,0.529,0.389,0.1917,0.3384,cpu0_DTLB,DTLB,24699611,1.0,24197788,0.9797,501823,0.0203,5.0182,240306,0.0097,24699611,24197788,0.9797,501823,0.0203,5.0182,240306,0.0097,16.08,None,0.0,0,0,0,0,0.9797,24197788,501823,cpu0_ITLB,ITLB,9788300,1.0,9788272,1.0,28,0.0,0.0003,12,0.0,9788300,9788272,1.0,28,0.0,0.0003,12,0.0,882.9,None,0.0,0,0,0,0,1.0,9788272,28,cpu0_L1D,L1D,14812565,0.5603,13338173,0.9005,1474392,0.0995,14.7439,531679,0.0359,26435599,23376062,0.8843,3059537,0.1157,30.5954,1760642,0.0666,7808,0.0003,75,0.0096,7733,0.9904,0.0773,13,0.0017,11615226,0.4394,10037814,0.8642,1577412,0.1358,15.7741,1228950,0.1058,285.7,None,0.0,0,0,0,0,0.9005,13338173,1474392,cpu0_L1I,L1I,11894025,1.0,10863751,0.9134,1030274,0.0866,10.3027,397335,0.0334,11894025,10863751,0.9134,1030274,0.0866,10.3027,397335,0.0334,154.3,None,0.0,0,0,0,0,0.9134,10863751,1030274,cpu0_L2C,L2C,1575651,0.6243,714992,0.4538,860659,0.5462,8.6066,0,0.0,348446,0.1381,50880,0.146,297566,0.854,2.9757,0,0.0,2523849,1211361,0.48,1312488,0.52,13.1249,0,0.0,7720,0.0031,1329,0.1722,6391,0.8278,0.0639,0,0.0,592032,0.2346,444160,0.7502,147872,0.2498,1.4787,0,0.0,345.3,None,0.0,0,0,0,0,0.398,765872,1158225,LLC,LLC,860659,0.5215,15188,0.0176,845471,0.9824,8.4547,0,0.0,297566,0.1803,3556,0.012,294010,0.988,2.9401,0,0.0,1650415,40049,0.0243,1610366,0.9757,16.1037,0,0.0,6391,0.0039,85,0.0133,6306,0.9867,0.0631,0,0.0,485799,0.2943,21220,0.0437,464579,0.9563,4.6458,0,0.0,272.1,None,0.0,0,0,0,0,0.0162,18744,1139481,cpu0_STLB,STLB,261533,1.0,258006,0.9865,3527,0.0135,0.0353,0,0.0,261533,258006,0.9865,3527,0.0135,0.0353,0,0.0,824.5,None,0.0,0,0,0,0,0.9865,258006,3527,77,0,0.452,221254286,100000000,,core,1,core.1.v1.,v1,,l1d,n,l1d.n.v1.,v1,,l1i,n,l1i.n.v1.,v1,,l2c,n,l2c.n.v1.,v1,,llc,1,llc.1.v1.,v1,,memory,1,memory.1.v2.,v2,,tlbs,n,tlbs.n.v1.,v1,77,1,merced_077_1_077.raw,77,myscript_google,merced,0.0,0.0,/mnt/storage/traces/gtrace_v2_champsim_myscript/merced/merced.log,None,None,1,1,/mnt/storage/traces/gtrace_v2_champsim_myscript/merced/merced_0077.champsim.gz,0,0,True,
46.71,8.482,0.9516,6.343,0.4692,0.9515,0.2561,0.161,0.3012,cpu0_DTLB,DTLB,20655689,1.0,20246680,0.9802,409009,0.0198,4.0901,171926,0.0083,20655689,20246680,0.9802,409009,0.0198,4.0901,171926,0.0083,23.79,None,0.0,0,0,0,0,0.9802,20246680,409009,cpu0_ITLB,ITLB,9615497,1.0,9615482,1.0,15,0.0,0.0001,8,0.0,9615497,9615482,1.0,15,0.0,0.0001,8,0.0,1300.0,None,0.0,0,0,0,0,1.0,9615482,15,cpu0_L1D,L1D,14231873,0.6555,12942781,0.9094,1289092,0.0906,12.8909,423774,0.0298,21711809,19594211,0.9025,2117598,0.0975,21.176,1027819,0.0473,14928,0.0007,97,0.0065,14831,0.9935,0.1483,3,0.0002,7465008,0.3438,6651333,0.891,813675,0.109,8.1367,604042,0.0809,172.8,None,0.0,0,0,0,0,0.9094,12942781,1289092,cpu0_L1I,L1I,11694242,1.0,10300406,0.8808,1393836,0.1192,13.9384,571175,0.0488,11694242,10300406,0.8808,1393836,0.1192,13.9384,571175,0.0488,91.9,None,0.0,0,0,0,0,0.8808,10300406,1393836,cpu0_L2C,L2C,1687970,0.7565,1076823,0.6379,611147,0.3621,6.1115,0,0.0,209623,0.0939,63493,0.3029,146130,0.6971,1.4613,0,0.0,2231239,1405289,0.6298,825950,0.3702,8.2595,0,0.0,14828,0.0066,3256,0.2196,11572,0.7804,0.1157,0,0.0,318818,0.1429,261717,0.8209,57101,0.1791,0.571,0,0.0,301.2,None,0.0,0,0,0,0,0.6009,1140316,757277,LLC,LLC,611147,0.6365,34767,0.0569,576380,0.9431,5.7638,0,0.0,146130,0.1522,4064,0.0278,142066,0.9722,1.4207,0,0.0,960200,66616,0.0694,893584,0.9306,8.9358,0,0.0,11572,0.0121,341,0.0295,11231,0.9705,0.1123,0,0.0,191351,0.1993,27444,0.1434,163907,0.8566,1.6391,0,0.0,266.1,None,0.0,0,0,0,0,0.0513,38831,718446,cpu0_STLB,STLB,237090,1.0,230444,0.972,6646,0.028,0.0665,0,0.0,237090,230444,0.972,6646,0.028,0.0665,0,0.0,670.7,None,0.0,0,0,0,0,0.972,230444,6646,72,0,0.5973,167424316,100000001,,core,1,core.1.v1.,v1,,l1d,n,l1d.n.v1.,v1,,l1i,n,l1i.n.v1.,v1,,l2c,n,l2c.n.v1.,v1,,llc,1,llc.1.v1.,v1,,memory,1,memory.1.v2.,v2,,tlbs,n,tlbs.n.v1.,v1,72,1,merced_072_1_072.raw,72,myscript_google,merced,0.0,0.0,/mnt/storage/traces/gtrace_v2_champsim_myscript/merced/merced.log,None,None,1,1,/mnt/storage/traces/gtrace_v2_champsim_myscript/merced/merced_0072.champsim.gz,0,0,True,
40.94,10.71,0.9393,7.175,0.8548,1.369,0.4304,0.3069,0.5688,cpu0_DTLB,DTLB,22274732,1.0,21784997,0.978,489735,0.022,4.8973,205027,0.0092,22274732,21784997,0.978,489735,0.022,4.8973,205027,0.0092,24.7,None,0.0,0,0,0,0,0.978,21784997,489735,cpu0_ITLB,ITLB,9304963,1.0,9304949,1.0,14,0.0,0.0001,8,0.0,9304963,9304949,1.0,14,0.0,0.0001,8,0.0,1054.0,None,0.0,0,0,0,0,1.0,9304949,14,cpu0_L1D,L1D,14728728,0.6281,13020804,0.884,1707924,0.116,17.0792,533095,0.0362,23449617,20480020,0.8734,2969597,0.1266,29.696,1452479,0.0619,17309,0.0007,81,0.0047,17228,0.9953,0.1723,12,0.0007,8703580,0.3712,7459135,0.857,1244445,0.143,12.4444,919372,0.1056,174.8,None,0.0,0,0,0,0,0.884,13020804,1707924,cpu0_L1I,L1I,11251342,1.0,9224982,0.8199,2026360,0.1801,20.2636,801768,0.0713,11251342,9224982,0.8199,2026360,0.1801,20.2636,801768,0.0713,102.7,None,0.0,0,0,0,0,0.8199,9224982,2026360,cpu0_L2C,L2C,2399414,0.7441,1483224,0.6182,916190,0.3818,9.1619,0,0.0,325058,0.1008,88327,0.2717,236731,0.7283,2.3673,0,0.0,3224531,1969897,0.6109,1254634,0.3891,12.5463,0,0.0,17216,0.0053,2841,0.165,14375,0.835,0.1437,0,0.0,482843,0.1497,395505,0.8191,87338,0.1809,0.8734,0,0.0,294.3,None,0.0,0,0,0,0,0.5768,1571551,1152921,LLC,LLC,916190,0.6244,112118,0.1224,804072,0.8776,8.0407,0,0.0,236731,0.1613,7711,0.0326,229020,0.9674,2.2902,0,0.0,1467361,160086,0.1091,1307275,0.8909,13.0727,0,0.0,14375,0.0098,500,0.0348,13875,0.9652,0.1387,0,0.0,300065,0.2045,39757,0.1325,260308,0.8675,2.6031,0,0.0,269.7,None,0.0,0,0,0,0,0.1039,119829,1033092,cpu0_STLB,STLB,284714,1.0,277109,0.9733,7605,0.0267,0.076,0,0.0,284714,277109,0.9733,7605,0.0267,0.076,0,0.0,737.2,None,0.0,0,0,0,0,0.9733,277109,7605,62,0,0.4619,216514263,100000003,,core,1,core.1.v1.,v1,,l1d,n,l1d.n.v1.,v1,,l1i,n,l1i.n.v1.,v1,,l2c,n,l2c.n.v1.,v1,,llc,1,llc.1.v1.,v1,,memory,1,memory.1.v2.,v2,,tlbs,n,tlbs.n.v1.,v1,62,1,merced_062_1_062.raw,62,myscript_google,merced,0.0,0.0,/mnt/storage/traces/gtrace_v2_champsim_myscript/merced/merced.log,None,None,1,1,/mnt/storage/traces/gtrace_v2_champsim_myscript/merced/merced_0062.champsim.gz,0,0,True,
78.99,5.247,0.9708,2.935,0.515,0.4013,0.2437,0.5715,0.5806,cpu0_DTLB,DTLB,25865218,1.0,25234924,0.9756,630294,0.0244,6.3029,291477,0.0113,25865218,25234924,0.9756,630294,0.0244,6.3029,291477,0.0113,12.11,None,0.0,0,0,0,0,0.9756,25234924,630294,cpu0_ITLB,ITLB,11009939,1.0,11009060,0.9999,879,0.0001,0.0088,603,0.0001,11009939,11009060,0.9999,879,0.0001,0.0088,603,0.0001,21.42,None,0.0,0,0,0,0,0.9999,11009060,879,cpu0_L1D,L1D,14800803,0.5353,13416018,0.9064,1384785,0.0936,13.8478,432391,0.0292,27649185,24715029,0.8939,2934156,0.1061,29.3416,1614117,0.0584,6394,0.0002,101,0.0158,6293,0.9842,0.0629,49,0.0077,12841988,0.4645,11298910,0.8798,1543078,0.1202,15.4308,1181677,0.092,187.1,None,0.0,0,0,0,0,0.9064,13416018,1384785,cpu0_L1I,L1I,12991248,1.0,10127877,0.7796,2863371,0.2204,28.6337,1144703,0.0881,12991248,10127877,0.7796,2863371,0.2204,28.6337,1144703,0.0881,43.39,None,0.0,0,0,0,0,0.7796,10127877,2863371,cpu0_L2C,L2C,2671053,0.7463,2148042,0.8042,523011,0.1958,5.2301,0,0.0,361381,0.101,93418,0.2585,267963,0.7415,2.6796,0,0.0,3579294,2695219,0.753,884075,0.247,8.8407,0,0.0,6244,0.0017,1126,0.1803,5118,0.8197,0.0512,0,0.0,540616,0.151,452633,0.8373,87983,0.1627,0.8798,0,0.0,337.4,None,0.0,0,0,0,0,0.7392,2241460,790974,LLC,LLC,523011,0.4503,50572,0.0967,472439,0.9033,4.7244,0,0.0,267963,0.2307,9631,0.0359,258332,0.9641,2.5833,0,0.0,1161354,102478,0.0882,1058876,0.9118,10.5888,0,0.0,5118,0.0044,51,0.01,5067,0.99,0.0507,0,0.0,365262,0.3145,42224,0.1156,323038,0.8844,3.2304,0,0.0,272.2,None,0.0,0,0,0,0,0.0761,60203,730771,cpu0_STLB,STLB,339093,1.0,336139,0.9913,2954,0.0087,0.0295,0,0.0,339093,336139,0.9913,2954,0.0087,0.0295,0,0.0,816.3,None,0.0,0,0,0,0,0.9913,336139,2954,4,0,0.6527,153212310,100000000,,core,1,core.1.v1.,v1,,l1d,n,l1d.n.v1.,v1,,l1i,n,l1i.n.v1.,v1,,l2c,n,l2c.n.v1.,v1,,llc,1,llc.1.v1.,v1,,memory,1,memory.1.v2.,v2,,tlbs,n,tlbs.n.v1.,v1,4,1,tango_004_1_004.raw,4,myscript_google,tango,0.0,0.0,/mnt/storage/traces/gtrace_v2_champsim_myscript/tango/tango.log,100000000,100000000,1,1,/mnt/storage/traces/gtrace_v2_champsim_myscript/tango/tango_0004.champsim.gz,0,0,True,
37.28,12.42,0.9316,4.834,2.336,2.915,0.3719,0.4637,1.5,cpu0_DTLB,DTLB,27833346,1.0,26870051,0.9654,963295,0.0346,9.6329,387533,0.0139,27833346,26870051,0.9654,963295,0.0346,9.6329,387533,0.0139,10.99,None,0.0,0,0,0,0,0.9654,26870051,963295,cpu0_ITLB,ITLB,12986528,1.0,12986403,1.0,125,0.0,0.0012,62,0.0,12986528,12986403,1.0,125,0.0,0.0012,62,0.0,521.7,None,0.0,0,0,0,0,1.0,12986403,125,cpu0_L1D,L1D,17013455,0.5774,14805531,0.8702,2207924,0.1298,22.0792,576143,0.0339,29464730,25176291,0.8545,4288439,0.1455,42.8844,1896426,0.0644,9960,0.0003,18,0.0018,9942,0.9982,0.0994,0,0.0,12441315,0.4222,10370742,0.8336,2070573,0.1664,20.7057,1320283,0.1061,241.5,None,0.0,0,0,0,0,0.8702,14805531,2207924,cpu0_L1I,L1I,15685678,1.0,10059751,0.6413,5625927,0.3587,56.2593,2098193,0.1338,15685678,10059751,0.6413,5625927,0.3587,56.2593,2098193,0.1338,90.97,None,0.0,0,0,0,0,0.6413,10059751,5625927,cpu0_L2C,L2C,5159475,0.7315,3577853,0.6935,1581622,0.3065,15.8162,0,0.0,750191,0.1064,279356,0.3724,470835,0.6276,4.7083,0,0.0,7052922,4827309,0.6844,2225613,0.3156,22.2561,0,0.0,9942,0.0014,490,0.0493,9452,0.9507,0.0945,0,0.0,1133314,0.1607,969610,0.8556,163704,0.1444,1.637,0,0.0,382.0,None,0.0,0,0,0,0,0.6527,3857209,2052457,LLC,LLC,1581622,0.5815,183017,0.1157,1398605,0.8843,13.986,0,0.0,470835,0.1731,29483,0.0626,441352,0.9374,4.4135,0,0.0,2719732,314060,0.1155,2405672,0.8845,24.0567,0,0.0,9452,0.0035,287,0.0304,9165,0.9696,0.0916,0,0.0,657823,0.2419,101273,0.154,556550,0.846,5.5655,0,0.0,341.6,None,0.0,0,0,0,0,0.1035,212500,1839957,cpu0_STLB,STLB,575825,1.0,570846,0.9914,4979,0.0086,0.0498,0,0.0,575825,570846,0.9914,4979,0.0086,0.0498,0,0.0,698.5,None,0.0,0,0,0,0,0.9914,570846,4979,12,0,0.3165,315943765,100000004,,core,1,core.1.v1.,v1,,l1d,n,l1d.n.v1.,v1,,l1i,n,l1i.n.v1.,v1,,l2c,n,l2c.n.v1.,v1,,llc,1,llc.1.v1.,v1,,memory,1,memory.1.v2.,v2,,tlbs,n,tlbs.n.v1.,v1,12,1,sierra.a.4_012_1_012.raw,12,myscript_google,sierra.a.4,0.0,0.0,/mnt/storage/traces/gtrace_v2_champsim_myscript/sierra.a.4/sierra.a.4.log,100000000,100000000,1,1,/mnt/storage/traces/gtrace_v2_champsim_myscript/sierra.a.4/sierra.a.4_0012.champsim.gz,0,0,True,
39.51,10.84,0.9381,6.856,1.217,1.147,0.3887,0.4253,0.8027,cpu0_DTLB,DTLB,23521374,1.0,23078146,0.9812,443228,0.0188,4.4323,184513,0.0078,23521374,23078146,0.9812,443228,0.0188,4.4323,184513,0.0078,21.4,None,0.0,0,0,0,0,0.9812,23078146,443228,cpu0_ITLB,ITLB,9212750,1.0,9212742,1.0,8,0.0,0.0001,3,0.0,9212750,9212742,1.0,8,0.0,0.0001,3,0.0,1218.0,None,0.0,0,0,0,0,1.0,9212742,8,cpu0_L1D,L1D,15169364,0.6119,13484870,0.889,1684494,0.111,16.8449,491897,0.0324,24792485,21658754,0.8736,3133731,0.1264,31.3373,1538161,0.062,13212,0.0005,82,0.0062,13130,0.9938,0.1313,19,0.0014,9609909,0.3876,8173802,0.8506,1436107,0.1494,14.3611,1046245,0.1089,210.1,None,0.0,0,0,0,0,0.889,13484870,1684494,cpu0_L1I,L1I,11161942,1.0,8934869,0.8005,2227073,0.1995,22.2707,850677,0.0762,11161942,8934869,0.8005,2227073,0.1995,22.2707,850677,0.0762,123.5,None,0.0,0,0,0,0,0.8005,8934869,2227073,cpu0_L2C,L2C,2568988,0.7278,1483808,0.5776,1085180,0.4224,10.8518,0,0.0,389845,0.1104,101193,0.2596,288652,0.7404,2.8865,0,0.0,3530029,2044050,0.579,1485979,0.421,14.8598,0,0.0,13111,0.0037,2019,0.154,11092,0.846,0.1109,0,0.0,558085,0.1581,457030,0.8189,101055,0.1811,1.0105,0,0.0,324.1,None,0.0,0,0,0,0,0.5357,1585001,1373832,LLC,LLC,1085180,0.6199,125559,0.1157,959621,0.8843,9.5962,0,0.0,288652,0.1649,8958,0.031,279694,0.969,2.7969,0,0.0,1750563,179480,0.1025,1571083,0.8975,15.7108,0,0.0,11092,0.0063,181,0.0163,10911,0.9837,0.1091,0,0.0,365639,0.2089,44782,0.1225,320857,0.8775,3.2086,0,0.0,294.1,None,0.0,0,0,0,0,0.0979,134517,1239315,cpu0_STLB,STLB,258720,1.0,252767,0.977,5953,0.023,0.0595,0,0.0,258720,252767,0.977,5953,0.023,0.0595,0,0.0,712.6,None,0.0,0,0,0,0,0.977,252767,5953,29,0,0.4142,241450573,100000003,,core,1,core.1.v1.,v1,,l1d,n,l1d.n.v1.,v1,,l1i,n,l1i.n.v1.,v1,,l2c,n,l2c.n.v1.,v1,,llc,1,llc.1.v1.,v1,,memory,1,memory.1.v2.,v2,,tlbs,n,tlbs.n.v1.,v1,29,1,merced_029_1_029.raw,29,myscript_google,merced,0.0,0.0,/mnt/storage/traces/gtrace_v2_champsim_myscript/merced/merced.log,None,None,1,1,/mnt/storage/traces/gtrace_v2_champsim_myscript/merced/merced_0029.champsim.gz,0,0,True,
42.5,10.28,0.9438,6.183,1.463,0.8563,0.4837,0.4426,0.8539,cpu0_DTLB,DTLB,26707291,1.0,26207742,0.9813,499549,0.0187,4.9955,214688,0.008,26707291,26207742,0.9813,499549,0.0187,4.9955,214688,0.008,10.0,None,0.0,0,0,0,0,0.9813,26207742,499549,cpu0_ITLB,ITLB,9068593,1.0,9068520,1.0,73,0.0,0.0007,29,0.0,9068593,9068520,1.0,73,0.0,0.0007,29,0.0,371.2,None,0.0,0,0,0,0,1.0,9068520,73,cpu0_L1D,L1D,16504980,0.5849,14735299,0.8928,1769681,0.1072,17.6968,546011,0.0331,28217333,24705554,0.8755,3511779,0.1245,35.1178,1861919,0.066,3941,0.0001,48,0.0122,3893,0.9878,0.0389,1,0.0003,11708412,0.4149,9970207,0.8515,1738205,0.1485,17.382,1315907,0.1124,200.2,None,0.0,0,0,0,0,0.8928,14735299,1769681,cpu0_L1I,L1I,10905873,1.0,8816870,0.8085,2089003,0.1915,20.89,786362,0.0721,10905873,8816870,0.8085,2089003,0.1915,20.89,786362,0.0721,131.5,None,0.0,0,0,0,0,0.8085,8816870,2089003,cpu0_L2C,L2C,2526300,0.7057,1417978,0.5613,1108322,0.4387,11.0832,0,0.0,422264,0.1179,103575,0.2453,318689,0.7547,3.1869,0,0.0,3580036,2029254,0.5668,1550782,0.4332,15.5078,0,0.0,3892,0.0011,395,0.1015,3497,0.8985,0.035,0,0.0,627580,0.1753,507306,0.8084,120274,0.1916,1.2027,0,0.0,308.3,None,0.0,0,0,0,0,0.516,1521553,1427011,LLC,LLC,1108322,0.5915,203449,0.1836,904873,0.8164,9.0487,0,0.0,318689,0.1701,9871,0.031,308818,0.969,3.0882,0,0.0,1873848,261419,0.1395,1612429,0.8605,16.1243,0,0.0,3497,0.0019,36,0.0103,3461,0.9897,0.0346,0,0.0,443340,0.2366,48063,0.1084,395277,0.8916,3.9528,0,0.0,284.4,None,0.0,0,0,0,0,0.1495,213320,1213691,cpu0_STLB,STLB,284905,1.0,283087,0.9936,1818,0.0064,0.0182,0,0.0,284905,283087,0.9936,1818,0.0064,0.0182,0,0.0,791.7,None,0.0,0,0,0,0,0.9936,283087,1818,49,0,0.4284,233446449,100000003,,core,1,core.1.v1.,v1,,l1d,n,l1d.n.v1.,v1,,l1i,n,l1i.n.v1.,v1,,l2c,n,l2c.n.v1.,v1,,llc,1,llc.1.v1.,v1,,memory,1,memory.1.v2.,v2,,tlbs,n,tlbs.n.v1.,v1,49,1,yankee_049_1_049.raw,49,myscript_google,yankee,0.0,0.0,/mnt/storage/traces/gtrace_v2_champsim_myscript/yankee/yankee.log,None,None,1,1,/mnt/storage/traces/gtrace_v2_champsim_myscript/yankee/yankee_0049.champsim.gz,0,0,True,
43.79,9.24,0.9511,5.382,1.422,0.8136,0.4227,0.4227,0.7771,cpu0_DTLB,DTLB,26820286,1.0,26156040,0.9752,664246,0.0248,6.6425,271019,0.0101,26820286,26156040,0.9752,664246,0.0248,6.6425,271019,0.0101,6.916,None,0.0,0,0,0,0,0.9752,26156040,664246,cpu0_ITLB,ITLB,10039537,1.0,10039492,1.0,45,0.0,0.0004,9,0.0,10039537,10039492,1.0,45,0.0,0.0004,9,0.0,101.9,None,0.0,0,0,0,0,1.0,10039492,45,cpu0_L1D,L1D,17366110,0.615,15570644,0.8966,1795466,0.1034,17.9547,498087,0.0287,28236639,24915618,0.8824,3321021,0.1176,33.2102,1643973,0.0582,1802,0.0001,2,0.0011,1800,0.9989,0.018,0,0.0,10868727,0.3849,9344972,0.8598,1523755,0.1402,15.2376,1145886,0.1054,169.1,None,0.0,0,0,0,0,0.8966,15570644,1795466,cpu0_L1I,L1I,12045644,1.0,9973406,0.828,2072238,0.172,20.7224,786134,0.0653,12045644,9973406,0.828,2072238,0.172,20.7224,786134,0.0653,125.5,None,0.0,0,0,0,0,0.828,9973406,2072238,cpu0_L2C,L2C,2583462,0.7351,1602156,0.6202,981306,0.3798,9.8131,0,0.0,377826,0.1075,92897,0.2459,284929,0.7541,2.8493,0,0.0,3514370,2140117,0.609,1374253,0.391,13.7425,0,0.0,1800,0.0005,105,0.0583,1695,0.9417,0.0169,0,0.0,551282,0.1569,444959,0.8071,106323,0.1929,1.0632,0,0.0,306.8,None,0.0,0,0,0,0,0.5724,1695053,1266235,LLC,LLC,981304,0.5951,170245,0.1735,811059,0.8265,8.1106,0,0.0,284929,0.1728,10018,0.0352,274911,0.9648,2.7491,0,0.0,1648873,226580,0.1374,1422293,0.8626,14.2229,0,0.0,1695,0.001,8,0.0047,1687,0.9953,0.0169,0,0.0,380945,0.231,46309,0.1216,334636,0.8784,3.3464,0,0.0,284.1,None,0.0,0,0,0,0,0.1424,180263,1085970,cpu0_STLB,STLB,393263,1.0,392387,0.9978,876,0.0022,0.0088,0,0.0,393263,392387,0.9978,876,0.0022,0.0088,0,0.0,862.8,None,0.0,0,0,0,0,0.9978,392387,876,46,0,0.4756,210253287,100000000,,core,1,core.1.v1.,v1,,l1d,n,l1d.n.v1.,v1,,l1i,n,l1i.n.v1.,v1,,l2c,n,l2c.n.v1.,v1,,llc,1,llc.1.v1.,v1,,memory,1,memory.1.v2.,v2,,tlbs,n,tlbs.n.v1.,v1,46,1,yankee_046_1_046.raw,46,myscript_google,yankee,0.0,0.0,/mnt/storage/traces/gtrace_v2_champsim_myscript/yankee/yankee.log,None,None,1,1,/mnt/storage/traces/gtrace_v2_champsim_myscript/yankee/yankee_0046.champsim.gz,0,0,True,
42.79,10.91,0.9409,6.223,1.719,0.9475,0.5368,0.4999,0.9836,cpu0_DTLB,DTLB,26972773,1.0,26468036,0.9813,504737,0.0187,5.0474,211714,0.0078,26972773,26468036,0.9813,504737,0.0187,5.0474,211714,0.0078,9.694,None,0.0,0,0,0,0,0.9813,26468036,504737,cpu0_ITLB,ITLB,9097718,1.0,9097601,1.0,117,0.0,0.0012,57,0.0,9097718,9097601,1.0,117,0.0,0.0012,57,0.0,230.2,None,0.0,0,0,0,0,1.0,9097601,117,cpu0_L1D,L1D,16717913,0.586,15037898,0.8995,1680015,0.1005,16.8001,496766,0.0297,28526656,25158791,0.8819,3367865,0.1181,33.6786,1749547,0.0613,3386,0.0001,26,0.0077,3360,0.9923,0.0336,8,0.0024,11805357,0.4138,10120867,0.8573,1684490,0.1427,16.8449,1252773,0.1061,197.7,None,0.0,0,0,0,0,0.8995,15037898,1680015,cpu0_L1I,L1I,10987099,1.0,8652701,0.7875,2334398,0.2125,23.344,872538,0.0794,10987099,8652701,0.7875,2334398,0.2125,23.344,872538,0.0794,112.7,None,0.0,0,0,0,0,0.7875,8652701,2334398,cpu0_L2C,L2C,2645091,0.718,1577052,0.5962,1068039,0.4038,10.6804,0,0.0,431688,0.1172,105553,0.2445,326135,0.7555,3.2613,0,0.0,3683758,2170684,0.5893,1513074,0.4107,15.1307,0,0.0,3352,0.0009,228,0.068,3124,0.932,0.0312,0,0.0,603627,0.1639,487851,0.8082,115776,0.1918,1.1578,0,0.0,304.3,None,0.0,0,0,0,0,0.5469,1682605,1394174,LLC,LLC,1068039,0.5886,211838,0.1983,856201,0.8017,8.562,0,0.0,326135,0.1797,10125,0.031,316010,0.969,3.1601,0,0.0,1814614,273603,0.1508,1541011,0.8492,15.4101,0,0.0,3124,0.0017,28,0.009,3096,0.991,0.031,0,0.0,417316,0.23,51612,0.1237,365704,0.8763,3.657,0,0.0,286.3,None,0.0,0,0,0,0,0.1592,221963,1172211,cpu0_STLB,STLB,293083,1.0,291512,0.9946,1571,0.0054,0.0157,0,0.0,293083,291512,0.9946,1571,0.0054,0.0157,0,0.0,883.1,None,0.0,0,0,0,0,0.9946,291512,1571,18,0,0.4434,225540254,100000001,,core,1,core.1.v1.,v1,,l1d,n,l1d.n.v1.,v1,,l1i,n,l1i.n.v1.,v1,,l2c,n,l2c.n.v1.,v1,,llc,1,llc.1.v1.,v1,,memory,1,memory.1.v2.,v2,,tlbs,n,tlbs.n.v1.,v1,18,1,yankee_018_1_018.raw,18,myscript_google,yankee,0.0,0.0,/mnt/storage/traces/gtrace_v2_champsim_myscript/yankee/yankee.log,None,None,1,1,/mnt/storage/traces/gtrace_v2_champsim_myscript/yankee/yankee_0018.champsim.gz,0,0,True,
98.41,2.421,0.9843,2.267,0.0064,0.05,0.0745,0.0056,0.0176,cpu0_DTLB,DTLB,25767865,1.0,25742127,0.999,25738,0.001,0.2574,10962,0.0004,25767865,25742127,0.999,25738,0.001,0.2574,10962,0.0004,50.42,None,0.0,0,0,0,0,0.999,25742127,25738,cpu0_ITLB,ITLB,10423360,1.0,10423351,1.0,9,0.0,0.0001,6,0.0,10423360,10423351,1.0,9,0.0,0.0001,6,0.0,569.7,None,0.0,0,0,0,0,1.0,10423351,9,cpu0_L1D,L1D,15665316,0.5504,15041429,0.9602,623887,0.0398,6.2389,206624,0.0132,28463039,26665383,0.9368,1797656,0.0632,17.9766,1096754,0.0385,1572,0.0001,21,0.0134,1551,0.9866,0.0155,1,0.0006,12796151,0.4496,11623933,0.9084,1172218,0.0916,11.7222,890129,0.0696,462.1,None,0.0,0,0,0,0,0.9602,15041429,623887,cpu0_L1I,L1I,12763465,1.0,12687357,0.994,76108,0.006,0.7611,31538,0.0025,12763465,12687357,0.994,76108,0.006,0.7611,31538,0.0025,143.7,None,0.0,0,0,0,0,0.994,12687357,76108,cpu0_L2C,L2C,461824,0.4448,258284,0.5593,203540,0.4407,2.0354,0,0.0,282071,0.2717,47289,0.1676,234782,0.8324,2.3478,0,0.0,1038190,573728,0.5526,464462,0.4474,4.6446,0,0.0,1550,0.0015,434,0.28,1116,0.72,0.0112,0,0.0,292745,0.282,267721,0.9145,25024,0.0855,0.2502,0,0.0,697.4,None,0.0,0,0,0,0,0.4108,305573,438322,LLC,LLC,203540,0.3005,16112,0.0792,187428,0.9208,1.8743,0,0.0,234782,0.3466,5793,0.0247,228989,0.9753,2.2899,0,0.0,677445,38431,0.0567,639014,0.9433,6.3901,0,0.0,1116,0.0016,12,0.0108,1104,0.9892,0.011,0,0.0,238007,0.3513,16514,0.0694,221493,0.9306,2.2149,0,0.0,498.9,None,0.0,0,0,0,0,0.05,21905,416417,cpu0_STLB,STLB,14779,1.0,13993,0.9468,786,0.0532,0.0079,0,0.0,14779,13993,0.9468,786,0.0532,0.0079,0,0.0,854.9,None,0.0,0,0,0,0,0.9468,13993,786,5,0,1.259,79451966,100000000,,core,1,core.1.v1.,v1,,l1d,n,l1d.n.v1.,v1,,l1i,n,l1i.n.v1.,v1,,l2c,n,l2c.n.v1.,v1,,llc,1,llc.1.v1.,v1,,memory,1,memory.1.v2.,v2,,tlbs,n,tlbs.n.v1.,v1,5,1,arizona_005_1_005.raw,5,myscript_google,arizona,0.0,0.0,/mnt/storage/traces/gtrace_v2_champsim_myscript/arizona/arizona.log,100000000,100000000,1,1,/mnt/storage/traces/gtrace_v2_champsim_myscript/arizona/arizona_0005.champsim.gz,0,0,True,
42.95,9.981,0.9442,5.998,1.472,0.8358,0.451,0.4293,0.7957,cpu0_DTLB,DTLB,26722512,1.0,26274668,0.9832,447844,0.0168,4.4784,190680,0.0071,26722512,26274668,0.9832,447844,0.0168,4.4784,190680,0.0071,8.982,None,0.0,0,0,0,0,0.9832,26274668,447844,cpu0_ITLB,ITLB,9186134,1.0,9186064,1.0,70,0.0,0.0007,20,0.0,9186134,9186064,1.0,70,0.0,0.0007,20,0.0,179.5,None,0.0,0,0,0,0,1.0,9186064,70,cpu0_L1D,L1D,16596916,0.5837,15112340,0.9106,1484576,0.0894,14.8458,424881,0.0256,28432017,25361469,0.892,3070548,0.108,30.7055,1613179,0.0567,2547,0.0001,5,0.002,2542,0.998,0.0254,3,0.0012,11832554,0.4162,10249124,0.8662,1583430,0.1338,15.8343,1188295,0.1004,203.4,None,0.0,0,0,0,0,0.9106,15112340,1484576,cpu0_L1I,L1I,11069536,1.0,9095360,0.8217,1974176,0.1783,19.7418,738570,0.0667,11069536,9095360,0.8217,1974176,0.1783,19.7418,738570,0.0667,127.1,None,0.0,0,0,0,0,0.8217,9095360,1974176,cpu0_L2C,L2C,2295289,0.7071,1328738,0.5789,966551,0.4211,9.6655,0,0.0,395111,0.1217,85840,0.2173,309271,0.7827,3.0927,0,0.0,3246248,1853498,0.571,1392750,0.429,13.9275,0,0.0,2539,0.0008,200,0.0788,2339,0.9212,0.0234,0,0.0,553309,0.1704,438720,0.7929,114589,0.2071,1.1459,0,0.0,310.3,None,0.0,0,0,0,0,0.5258,1414578,1275822,LLC,LLC,966551,0.5764,168745,0.1746,797806,0.8254,7.9781,0,0.0,309271,0.1844,10003,0.0323,299268,0.9677,2.9927,0,0.0,1676857,224436,0.1338,1452421,0.8662,14.5242,0,0.0,2339,0.0014,14,0.006,2325,0.994,0.0232,0,0.0,398696,0.2378,45674,0.1146,353022,0.8854,3.5302,0,0.0,285.5,None,0.0,0,0,0,0,0.1401,178748,1097074,cpu0_STLB,STLB,257213,1.0,255976,0.9952,1237,0.0048,0.0124,0,0.0,257213,255976,0.9952,1237,0.0048,0.0124,0,0.0,833.9,None,0.0,0,0,0,0,0.9952,255976,1237,34,0,0.4702,212673925,100000001,,core,1,core.1.v1.,v1,,l1d,n,l1d.n.v1.,v1,,l1i,n,l1i.n.v1.,v1,,l2c,n,l2c.n.v1.,v1,,llc,1,llc.1.v1.,v1,,memory,1,memory.1.v2.,v2,,tlbs,n,tlbs.n.v1.,v1,34,1,yankee_034_1_034.raw,34,myscript_google,yankee,0.0,0.0,/mnt/storage/traces/gtrace_v2_champsim_myscript/yankee/yankee.log,None,None,1,1,/mnt/storage/traces/gtrace_v2_champsim_myscript/yankee/yankee_0034.champsim.gz,0,0,True,
121.4,1.84,0.9896,1.481,0.0105,0.0697,0.2487,0.0049,0.0256,cpu0_DTLB,DTLB,26771541,1.0,26747873,0.9991,23668,0.0009,0.2367,9699,0.0004,26771541,26747873,0.9991,23668,0.0009,0.2367,9699,0.0004,64.85,None,0.0,0,0,0,0,0.9991,26747873,23668,cpu0_ITLB,ITLB,11267944,1.0,11267940,1.0,4,0.0,0.0,1,0.0,11267944,11267940,1.0,4,0.0,0.0,1,0.0,867.0,None,0.0,0,0,0,0,1.0,11267940,4,cpu0_L1D,L1D,16758497,0.5727,15990140,0.9542,768357,0.0458,7.6836,249835,0.0149,29264430,27375719,0.9355,1888711,0.0645,18.8871,1002738,0.0343,1972,0.0001,57,0.0289,1915,0.9711,0.0192,1,0.0005,12503961,0.4273,11385522,0.9106,1118439,0.0894,11.1844,752902,0.0602,502.1,None,0.0,0,0,0,0,0.9542,15990140,768357,cpu0_L1I,L1I,13496672,1.0,13392718,0.9923,103954,0.0077,1.0395,43447,0.0032,13496672,13392718,0.9923,103954,0.0077,1.0395,43447,0.0032,117.2,None,0.0,0,0,0,0,0.9923,13392718,103954,cpu0_L2C,L2C,579023,0.4365,320576,0.5536,258447,0.4464,2.5845,0,0.0,365508,0.2755,92854,0.254,272654,0.746,2.7265,0,0.0,1326570,760280,0.5731,566290,0.4269,5.6629,0,0.0,1914,0.0014,520,0.2717,1394,0.7283,0.0139,0,0.0,380125,0.2865,346330,0.9111,33795,0.0889,0.3379,0,0.0,783.8,None,0.0,0,0,0,0,0.4377,413430,531101,LLC,LLC,258447,0.3177,14095,0.0545,244352,0.9455,2.4435,0,0.0,272654,0.3352,9103,0.0334,263551,0.9666,2.6355,0,0.0,813491,40484,0.0498,773007,0.9502,7.7301,0,0.0,1394,0.0017,19,0.0136,1375,0.9864,0.0138,0,0.0,280996,0.3454,17267,0.0614,263729,0.9386,2.6373,0,0.0,566.1,None,0.0,0,0,0,0,0.0437,23198,507903,cpu0_STLB,STLB,13972,1.0,12987,0.9295,985,0.0705,0.0098,0,0.0,13972,12987,0.9295,985,0.0705,0.0098,0,0.0,850.4,None,0.0,0,0,0,0,0.9295,12987,985,1,0,1.148,87103500,100000000,,core,1,core.1.v1.,v1,,l1d,n,l1d.n.v1.,v1,,l1i,n,l1i.n.v1.,v1,,l2c,n,l2c.n.v1.,v1,,llc,1,llc.1.v1.,v1,,memory,1,memory.1.v2.,v2,,tlbs,n,tlbs.n.v1.,v1,1,1,arizona_001_1_001.raw,1,myscript_google,arizona,0.0,0.0,/mnt/storage/traces/gtrace_v2_champsim_myscript/arizona/arizona.log,100000000,100000000,1,1,/mnt/storage/traces/gtrace_v2_champsim_myscript/arizona/arizona_0001.champsim.gz,0,0,True,
43.35,10.17,0.9449,6.142,1.435,0.892,0.484,0.4204,0.7948,cpu0_DTLB,DTLB,26586442,1.0,26089449,0.9813,496993,0.0187,4.9699,211227,0.0079,26586442,26089449,0.9813,496993,0.0187,4.9699,211227,0.0079,9.303,None,0.0,0,0,0,0,0.9813,26089449,496993,cpu0_ITLB,ITLB,9000411,1.0,9000331,1.0,80,0.0,0.0008,36,0.0,9000411,9000331,1.0,80,0.0,0.0008,36,0.0,329.2,None,0.0,0,0,0,0,1.0,9000331,80,cpu0_L1D,L1D,16734489,0.5956,15164197,0.9062,1570292,0.0938,15.7029,475229,0.0284,28094897,24882323,0.8857,3212574,0.1143,32.1257,1700589,0.0605,2946,0.0001,28,0.0095,2918,0.9905,0.0292,6,0.002,11357462,0.4043,9718098,0.8557,1639364,0.1443,16.3936,1225354,0.1079,205.2,None,0.0,0,0,0,0,0.9062,15164197,1570292,cpu0_L1I,L1I,10860110,1.0,9028323,0.8313,1831787,0.1687,18.3179,679600,0.0626,10860110,9028323,0.8313,1831787,0.1687,18.3179,679600,0.0626,128.3,None,0.0,0,0,0,0,0.8313,9028323,1831787,cpu0_L2C,L2C,2247232,0.695,1326892,0.5905,920340,0.4095,9.2034,0,0.0,413985,0.128,95054,0.2296,318931,0.7704,3.1893,0,0.0,3233605,1880879,0.5817,1352726,0.4183,13.5273,0,0.0,2912,0.0009,231,0.0793,2681,0.9207,0.0268,0,0.0,569476,0.1761,458702,0.8055,110774,0.1945,1.1077,0,0.0,323.0,None,0.0,0,0,0,0,0.5343,1421946,1239271,LLC,LLC,920340,0.5607,166408,0.1808,753932,0.8192,7.5393,0,0.0,318931,0.1943,9271,0.0291,309660,0.9709,3.0966,0,0.0,1641521,220861,0.1345,1420660,0.8655,14.2066,0,0.0,2681,0.0016,14,0.0052,2667,0.9948,0.0267,0,0.0,399569,0.2434,45168,0.113,354401,0.887,3.544,0,0.0,295.6,None,0.0,0,0,0,0,0.1418,175679,1063592,cpu0_STLB,STLB,285810,1.0,284426,0.9952,1384,0.0048,0.0138,0,0.0,285810,284426,0.9952,1384,0.0048,0.0138,0,0.0,897.6,None,0.0,0,0,0,0,0.9952,284426,1384,68,0,0.4823,207318474,100000002,,core,1,core.1.v1.,v1,,l1d,n,l1d.n.v1.,v1,,l1i,n,l1i.n.v1.,v1,,l2c,n,l2c.n.v1.,v1,,llc,1,llc.1.v1.,v1,,memory,1,memory.1.v2.,v2,,tlbs,n,tlbs.n.v1.,v1,68,1,yankee_068_1_068.raw,68,myscript_google,yankee,0.0,0.0,/mnt/storage/traces/gtrace_v2_champsim_myscript/yankee/yankee.log,None,None,1,1,/mnt/storage/traces/gtrace_v2_champsim_myscript/yankee/yankee_0068.champsim.gz,0,0,True,
35.61,12.35,0.9277,5.052,2.28,2.762,0.2797,0.4958,1.476,cpu0_DTLB,DTLB,27690437,1.0,26732166,0.9654,958271,0.0346,9.5827,388872,0.014,27690437,26732166,0.9654,958271,0.0346,9.5827,388872,0.014,12.2,None,0.0,0,0,0,0,0.9654,26732166,958271,cpu0_ITLB,ITLB,12994463,1.0,12994232,1.0,231,0.0,0.0023,125,0.0,12994463,12994232,1.0,231,0.0,0.0023,125,0.0,391.9,None,0.0,0,0,0,0,1.0,12994232,231,cpu0_L1D,L1D,17130632,0.5846,14889981,0.8692,2240651,0.1308,22.4065,592322,0.0346,29304708,25038973,0.8544,4265735,0.1456,42.6573,1846232,0.063,12180,0.0004,28,0.0023,12152,0.9977,0.1215,3,0.0002,12161896,0.415,10148964,0.8345,2012932,0.1655,20.1293,1253907,0.1031,241.7,None,0.0,0,0,0,0,0.8692,14889981,2240651,cpu0_L1I,L1I,15738360,1.0,10359904,0.6583,5378456,0.3417,53.7846,2000764,0.1271,15738360,10359904,0.6583,5378456,0.3417,53.7846,2000764,0.1271,95.12,None,0.0,0,0,0,0,0.6583,10359904,5378456,cpu0_L2C,L2C,5025992,0.7248,3413589,0.6792,1612403,0.3208,16.124,0,0.0,758904,0.1094,304109,0.4007,454795,0.5993,4.5479,0,0.0,6934255,4692642,0.6767,2241613,0.3233,22.4161,0,0.0,12149,0.0018,1057,0.087,11092,0.913,0.1109,0,0.0,1137210,0.164,973887,0.8564,163323,0.1436,1.6332,0,0.0,382.9,None,0.0,0,0,0,0,0.6427,3717698,2067198,LLC,LLC,1612403,0.5943,144680,0.0897,1467723,0.9103,14.6772,0,0.0,454794,0.1676,29638,0.0652,425156,0.9348,4.2516,0,0.0,2713009,271714,0.1002,2441295,0.8998,24.4129,0,0.0,11092,0.0041,158,0.0142,10934,0.9858,0.1093,0,0.0,634720,0.234,97238,0.1532,537482,0.8468,5.3748,0,0.0,339.7,None,0.0,0,0,0,0,0.0843,174318,1892879,cpu0_STLB,STLB,569505,1.0,563415,0.9893,6090,0.0107,0.0609,0,0.0,569505,563415,0.9893,6090,0.0107,0.0609,0,0.0,678.4,None,0.0,0,0,0,0,0.9893,563415,6090,19,0,0.3102,322351565,100000001,,core,1,core.1.v1.,v1,,l1d,n,l1d.n.v1.,v1,,l1i,n,l1i.n.v1.,v1,,l2c,n,l2c.n.v1.,v1,,llc,1,llc.1.v1.,v1,,memory,1,memory.1.v2.,v2,,tlbs,n,tlbs.n.v1.,v1,19,1,sierra.a.4_019_1_019.raw,19,myscript_google,sierra.a.4,0.0,0.0,/mnt/storage/traces/gtrace_v2_champsim_myscript/sierra.a.4/sierra.a.4.log,100000000,100000000,1,1,/mnt/storage/traces/gtrace_v2_champsim_myscript/sierra.a.4/sierra.a.4_0019.champsim.gz,0,0,True,
45.64,9.233,0.9499,5.38,0.9761,0.8217,0.5956,0.4613,0.9982,cpu0_DTLB,DTLB,26251058,1.0,25769663,0.9817,481395,0.0183,4.8139,202162,0.0077,26251058,25769663,0.9817,481395,0.0183,4.8139,202162,0.0077,16.43,None,0.0,0,0,0,0,0.9817,25769663,481395,cpu0_ITLB,ITLB,8774689,1.0,8774465,1.0,224,0.0,0.0022,39,0.0,8774689,8774465,1.0,224,0.0,0.0022,39,0.0,228.4,None,0.0,0,0,0,0,1.0,8774465,224,cpu0_L1D,L1D,16050161,0.5757,14150188,0.8816,1899973,0.1184,18.9997,648586,0.0404,27879302,24751190,0.8878,3128112,0.1122,31.2811,1550766,0.0556,8877,0.0003,161,0.0181,8716,0.9819,0.0872,12,0.0014,11820264,0.424,10600841,0.8968,1219423,0.1032,12.1942,902168,0.0763,231.8,None,0.0,0,0,0,0,0.8816,14150188,1899973,cpu0_L1I,L1I,10467474,1.0,8252250,0.7884,2215224,0.2116,22.1522,782291,0.0747,10467474,8252250,0.7884,2215224,0.2116,22.1522,782291,0.0747,107.4,None,0.0,0,0,0,0,0.7884,8252250,2215224,cpu0_L2C,L2C,2684310,0.7648,1483904,0.5528,1200406,0.4472,12.0041,0,0.0,317241,0.0904,66925,0.211,250316,0.789,2.5032,0,0.0,3509629,1942486,0.5535,1567143,0.4465,15.6714,0,0.0,8704,0.0025,1593,0.183,7111,0.817,0.0711,0,0.0,499374,0.1423,390064,0.7811,109310,0.2189,1.0931,0,0.0,316.2,None,0.0,0,0,0,0,0.5167,1550829,1450722,LLC,LLC,1200405,0.6592,70772,0.059,1129633,0.941,11.2963,0,0.0,250316,0.1375,8041,0.0321,242275,0.9679,2.4227,0,0.0,1821074,123940,0.0681,1697134,0.9319,16.9713,0,0.0,7111,0.0039,41,0.0058,7070,0.9942,0.0707,0,0.0,363242,0.1995,45086,0.1241,318156,0.8759,3.1816,0,0.0,279.7,None,0.0,0,0,0,0,0.0543,78813,1371908,cpu0_STLB,STLB,279418,1.0,275371,0.9855,4047,0.0145,0.0405,0,0.0,279418,275371,0.9855,4047,0.0145,0.0405,0,0.0,797.9,None,0.0,0,0,0,0,0.9855,275371,4047,32,0,0.3892,256908316,100000001,,core,1,core.1.v1.,v1,,l1d,n,l1d.n.v1.,v1,,l1i,n,l1i.n.v1.,v1,,l2c,n,l2c.n.v1.,v1,,llc,1,llc.1.v1.,v1,,memory,1,memory.1.v2.,v2,,tlbs,n,tlbs.n.v1.,v1,32,1,tahoe_032_1_032.raw,32,myscript_google,tahoe,0.0,0.0,/mnt/storage/traces/gtrace_v2_champsim_myscript/tahoe/tahoe.log,100000000,100000000,1,1,/mnt/storage/traces/gtrace_v2_champsim_myscript/tahoe/tahoe_0032.champsim.gz,0,0,True,
43.48,9.137,0.9493,6.303,0.771,0.9943,0.2839,0.269,0.5158,cpu0_DTLB,DTLB,22974819,1.0,22427920,0.9762,546899,0.0238,5.469,226170,0.0098,22974819,22427920,0.9762,546899,0.0238,5.469,226170,0.0098,22.19,None,0.0,0,0,0,0,0.9762,22427920,546899,cpu0_ITLB,ITLB,9790352,1.0,9790340,1.0,12,0.0,0.0001,6,0.0,9790352,9790340,1.0,12,0.0,0.0001,6,0.0,928.0,None,0.0,0,0,0,0,1.0,9790340,12,cpu0_L1D,L1D,15510766,0.6413,13813403,0.8906,1697363,0.1094,16.9736,526792,0.034,24185244,21365389,0.8834,2819855,0.1166,28.1985,1342544,0.0555,17084,0.0007,106,0.0062,16978,0.9938,0.1698,17,0.001,8657394,0.358,7551880,0.8723,1105514,0.1277,11.0551,815735,0.0942,159.5,None,0.0,0,0,0,0,0.8906,13813403,1697363,cpu0_L1I,L1I,11807460,1.0,9819197,0.8316,1988263,0.1684,19.8826,804868,0.0682,11807460,9819197,0.8316,1988263,0.1684,19.8826,804868,0.0682,102.7,None,0.0,0,0,0,0,0.8316,9819197,1988263,cpu0_L2C,L2C,2353942,0.7592,1554367,0.6603,799575,0.3397,7.9957,0,0.0,289752,0.0935,84316,0.291,205436,0.709,2.0544,0,0.0,3100382,2006690,0.6472,1093692,0.3528,10.9369,0,0.0,16961,0.0055,3419,0.2016,13542,0.7984,0.1354,0,0.0,439727,0.1418,364588,0.8291,75139,0.1709,0.7514,0,0.0,307.4,None,0.0,0,0,0,0,0.6198,1638683,1005011,LLC,LLC,799575,0.625,67438,0.0843,732137,0.9157,7.3214,0,0.0,205436,0.1606,8137,0.0396,197299,0.9604,1.973,0,0.0,1279306,112670,0.0881,1166636,0.9119,11.6664,0,0.0,13542,0.0106,357,0.0264,13185,0.9736,0.1318,0,0.0,260753,0.2038,36738,0.1409,224015,0.8591,2.2401,0,0.0,275.8,None,0.0,0,0,0,0,0.0752,75575,929436,cpu0_STLB,STLB,320735,1.0,313085,0.9761,7650,0.0239,0.0765,0,0.0,320735,313085,0.9761,7650,0.0239,0.0765,0,0.0,720.5,None,0.0,0,0,0,0,0.9761,313085,7650,18,0,0.5032,198716189,100000002,,core,1,core.1.v1.,v1,,l1d,n,l1d.n.v1.,v1,,l1i,n,l1i.n.v1.,v1,,l2c,n,l2c.n.v1.,v1,,llc,1,llc.1.v1.,v1,,memory,1,memory.1.v2.,v2,,tlbs,n,tlbs.n.v1.,v1,18,1,merced_018_1_018.raw,18,myscript_google,merced,0.0,0.0,/mnt/storage/traces/gtrace_v2_champsim_myscript/merced/merced.log,None,None,1,1,/mnt/storage/traces/gtrace_v2_champsim_myscript/merced/merced_0018.champsim.gz,0,0,True,
42.6,9.685,0.9479,6.458,0.8831,0.9474,0.4417,0.3502,0.6051,cpu0_DTLB,DTLB,25033009,1.0,24552649,0.9808,480360,0.0192,4.8036,208579,0.0083,25033009,24552649,0.9808,480360,0.0192,4.8036,208579,0.0083,21.57,None,0.0,0,0,0,0,0.9808,24552649,480360,cpu0_ITLB,ITLB,9358248,1.0,9358239,1.0,9,0.0,0.0001,2,0.0,9358248,9358239,1.0,9,0.0,0.0001,2,0.0,826.7,None,0.0,0,0,0,0,1.0,9358239,9,cpu0_L1D,L1D,16521872,0.6254,14849747,0.8988,1672125,0.1012,16.7212,524648,0.0318,26417835,23444746,0.8875,2973089,0.1125,29.7309,1476176,0.0559,13993,0.0005,100,0.0071,13893,0.9929,0.1389,17,0.0012,9881970,0.3741,8594899,0.8698,1287071,0.1302,12.8707,951511,0.0963,178.1,None,0.0,0,0,0,0,0.8988,14849747,1672125,cpu0_L1I,L1I,11376642,1.0,9275213,0.8153,2101429,0.1847,21.0143,823850,0.0724,11376642,9275213,0.8153,2101429,0.1847,21.0143,823850,0.0724,126.3,None,0.0,0,0,0,0,0.8153,9275213,2101429,cpu0_L2C,L2C,2425039,0.744,1468641,0.6056,956398,0.3944,9.564,0,0.0,335536,0.1029,98666,0.2941,236870,0.7059,2.3687,0,0.0,3259478,1968074,0.6038,1291404,0.3962,12.914,0,0.0,13876,0.0043,2593,0.1869,11283,0.8131,0.1128,0,0.0,485027,0.1488,398174,0.8209,86853,0.1791,0.8685,0,0.0,314.4,None,0.0,0,0,0,0,0.5677,1567307,1193268,LLC,LLC,956397,0.6352,58038,0.0607,898359,0.9393,8.9836,0,0.0,236870,0.1573,6491,0.0274,230379,0.9726,2.3038,0,0.0,1505698,104842,0.0696,1400856,0.9304,14.0086,0,0.0,11283,0.0075,266,0.0236,11017,0.9764,0.1102,0,0.0,301148,0.2,40047,0.133,261101,0.867,2.611,0,0.0,277.5,None,0.0,0,0,0,0,0.0541,64529,1128738,cpu0_STLB,STLB,271788,1.0,265500,0.9769,6288,0.0231,0.0629,0,0.0,271788,265500,0.9769,6288,0.0231,0.0629,0,0.0,716.1,None,0.0,0,0,0,0,0.9769,265500,6288,5,0,0.4452,224600780,100000001,,core,1,core.1.v1.,v1,,l1d,n,l1d.n.v1.,v1,,l1i,n,l1i.n.v1.,v1,,l2c,n,l2c.n.v1.,v1,,llc,1,llc.1.v1.,v1,,memory,1,memory.1.v2.,v2,,tlbs,n,tlbs.n.v1.,v1,5,1,merced_005_1_005.raw,5,myscript_google,merced,0.0,0.0,/mnt/storage/traces/gtrace_v2_champsim_myscript/merced/merced.log,None,None,1,1,/mnt/storage/traces/gtrace_v2_champsim_myscript/merced/merced_0005.champsim.gz,0,0,True,
62.4,6.91,0.9608,4.112,0.8778,0.584,0.3136,0.2948,0.7281,cpu0_DTLB,DTLB,24665171,1.0,24043239,0.9748,621932,0.0252,6.2193,280534,0.0114,24665171,24043239,0.9748,621932,0.0252,6.2193,280534,0.0114,17.93,None,0.0,0,0,0,0,0.9748,24043239,621932,cpu0_ITLB,ITLB,11145718,1.0,11144573,0.9999,1145,0.0001,0.0114,766,0.0001,11145718,11144573,0.9999,1145,0.0001,0.0114,766,0.0001,32.63,None,0.0,0,0,0,0,0.9999,11144573,1145,cpu0_L1D,L1D,14457137,0.5521,12998349,0.8991,1458788,0.1009,14.5879,458109,0.0317,26187277,23188159,0.8855,2999118,0.1145,29.9912,1612016,0.0616,13240,0.0005,168,0.0127,13072,0.9873,0.1307,104,0.0079,11716900,0.4474,10189642,0.8697,1527258,0.1303,15.2726,1153803,0.0985,185.9,None,0.0,0,0,0,0,0.8991,12998349,1458788,cpu0_L1I,L1I,13016809,1.0,10035852,0.771,2980957,0.229,29.8096,1163140,0.0894,13016809,10035852,0.771,2980957,0.229,29.8096,1163140,0.0894,36.76,None,0.0,0,0,0,0,0.771,10035852,2980957,cpu0_L2C,L2C,2818482,0.746,2278374,0.8084,540108,0.1916,5.4011,0,0.0,373428,0.0988,103583,0.2774,269845,0.7226,2.6984,0,0.0,3778232,2865149,0.7583,913083,0.2417,9.1308,0,0.0,12968,0.0034,2288,0.1764,10680,0.8236,0.1068,0,0.0,573354,0.1518,480904,0.8388,92450,0.1612,0.9245,0,0.0,328.7,None,0.0,0,0,0,0,0.7462,2381957,809953,LLC,LLC,540108,0.4517,51489,0.0953,488619,0.9047,4.8862,0,0.0,269845,0.2257,10258,0.038,259587,0.962,2.5959,0,0.0,1195841,115214,0.0963,1080627,0.9037,10.8063,0,0.0,10680,0.0089,334,0.0313,10346,0.9687,0.1035,0,0.0,375208,0.3138,53133,0.1416,322075,0.8584,3.2207,0,0.0,268.0,None,0.0,0,0,0,0,0.0762,61747,748206,cpu0_STLB,STLB,341777,1.0,335579,0.9819,6198,0.0181,0.062,0,0.0,341777,335579,0.9819,6198,0.0181,0.062,0,0.0,712.7,None,0.0,0,0,0,0,0.9819,335579,6198,44,0,0.6107,163733777,100000003,,core,1,core.1.v1.,v1,,l1d,n,l1d.n.v1.,v1,,l1i,n,l1i.n.v1.,v1,,l2c,n,l2c.n.v1.,v1,,llc,1,llc.1.v1.,v1,,memory,1,memory.1.v2.,v2,,tlbs,n,tlbs.n.v1.,v1,44,1,tango_044_1_044.raw,44,myscript_google,tango,0.0,0.0,/mnt/storage/traces/gtrace_v2_champsim_myscript/tango/tango.log,100000000,100000000,1,1,/mnt/storage/traces/gtrace_v2_champsim_myscript/tango/tango_0044.champsim.gz,0,0,True,
44.99,9.265,0.9503,5.351,1.135,0.8975,0.4175,0.4497,1.013,cpu0_DTLB,DTLB,27278252,1.0,26752398,0.9807,525854,0.0193,5.2585,216629,0.0079,27278252,26752398,0.9807,525854,0.0193,5.2585,216629,0.0079,17.05,None,0.0,0,0,0,0,0.9807,26752398,525854,cpu0_ITLB,ITLB,9851659,1.0,9851382,1.0,277,0.0,0.0028,68,0.0,9851659,9851382,1.0,277,0.0,0.0028,68,0.0,281.8,None,0.0,0,0,0,0,1.0,9851382,277,cpu0_L1D,L1D,17017842,0.5842,15265600,0.897,1752242,0.103,17.5224,518923,0.0305,29128311,25946752,0.8908,3181559,0.1092,31.8156,1544862,0.053,9492,0.0003,89,0.0094,9403,0.9906,0.094,9,0.0009,12100977,0.4154,10681063,0.8827,1419914,0.1173,14.1991,1025930,0.0848,239.7,None,0.0,0,0,0,0,0.897,15265600,1752242,cpu0_L1I,L1I,11777751,1.0,9124760,0.7747,2652991,0.2253,26.5299,948417,0.0805,11777751,9124760,0.7747,2652991,0.2253,26.5299,948417,0.0805,97.31,None,0.0,0,0,0,0,0.7747,9124760,2652991,cpu0_L2C,L2C,2937874,0.7499,1822388,0.6203,1115486,0.3797,11.1549,0,0.0,393965,0.1006,87776,0.2228,306189,0.7772,3.0619,0,0.0,3917631,2374013,0.606,1543618,0.394,15.4362,0,0.0,9394,0.0024,1503,0.16,7891,0.84,0.0789,0,0.0,576398,0.1471,462346,0.8021,114052,0.1979,1.1405,0,0.0,344.6,None,0.0,0,0,0,0,0.5733,1910164,1421675,LLC,LLC,1115486,0.6113,76818,0.0689,1038668,0.9311,10.3867,0,0.0,306189,0.1678,7642,0.025,298547,0.975,2.9855,0,0.0,1824643,133461,0.0731,1691182,0.9269,16.9118,0,0.0,7891,0.0043,137,0.0174,7754,0.9826,0.0775,0,0.0,395077,0.2165,48864,0.1237,346213,0.8763,3.4621,0,0.0,302.6,None,0.0,0,0,0,0,0.0594,84460,1337215,cpu0_STLB,STLB,309434,1.0,305172,0.9862,4262,0.0138,0.0426,0,0.0,309434,305172,0.9862,4262,0.0138,0.0426,0,0.0,886.9,None,0.0,0,0,0,0,0.9862,305172,4262,10,0,0.4056,246529463,100000000,,core,1,core.1.v1.,v1,,l1d,n,l1d.n.v1.,v1,,l1i,n,l1i.n.v1.,v1,,l2c,n,l2c.n.v1.,v1,,llc,1,llc.1.v1.,v1,,memory,1,memory.1.v2.,v2,,tlbs,n,tlbs.n.v1.,v1,10,1,tahoe_010_1_010.raw,10,myscript_google,tahoe,0.0,0.0,/mnt/storage/traces/gtrace_v2_champsim_myscript/tahoe/tahoe.log,100000000,100000000,1,1,/mnt/storage/traces/gtrace_v2_champsim_myscript/tahoe/tahoe_0010.champsim.gz,0,0,True,
36.82,10.6,0.9352,4.667,1.856,2.293,0.2319,0.3569,1.191,cpu0_DTLB,DTLB,25700347,1.0,24965905,0.9714,734442,0.0286,7.3444,301304,0.0117,25700347,24965905,0.9714,734442,0.0286,7.3444,301304,0.0117,11.37,None,0.0,0,0,0,0,0.9714,24965905,734442,cpu0_ITLB,ITLB,12983612,1.0,12983398,1.0,214,0.0,0.0021,117,0.0,12983612,12983398,1.0,214,0.0,0.0021,117,0.0,412.9,None,0.0,0,0,0,0,1.0,12983398,214,cpu0_L1D,L1D,15946015,0.5824,14048003,0.881,1898012,0.119,18.9801,508437,0.0319,27380583,23611968,0.8624,3768615,0.1376,37.6861,1731648,0.0632,8062,0.0003,21,0.0026,8041,0.9974,0.0804,3,0.0004,11426506,0.4173,9563944,0.837,1862562,0.163,18.6256,1223208,0.1071,257.7,None,0.0,0,0,0,0,0.881,14048003,1898012,cpu0_L1I,L1I,15530267,1.0,11285405,0.7267,4244862,0.2733,42.4486,1569973,0.1011,15530267,11285405,0.7267,4244862,0.2733,42.4486,1569973,0.1011,104.1,None,0.0,0,0,0,0,0.7267,11285405,4244862,cpu0_L2C,L2C,4064443,0.7159,2685197,0.6607,1379246,0.3393,13.7925,0,0.0,639276,0.1126,207146,0.324,432130,0.676,4.3213,0,0.0,5677346,3705852,0.6527,1971494,0.3473,19.7149,0,0.0,8038,0.0014,514,0.0639,7524,0.9361,0.0752,0,0.0,965589,0.1701,812995,0.842,152594,0.158,1.5259,0,0.0,388.1,None,0.0,0,0,0,0,0.6149,2892343,1811376,LLC,LLC,1379246,0.5719,142509,0.1033,1236737,0.8967,12.3674,0,0.0,432130,0.1792,25256,0.0584,406874,0.9416,4.0687,0,0.0,2411724,255297,0.1059,2156427,0.8941,21.5643,0,0.0,7524,0.0031,116,0.0154,7408,0.9846,0.0741,0,0.0,592824,0.2458,87416,0.1475,505408,0.8525,5.0541,0,0.0,343.2,None,0.0,0,0,0,0,0.0926,167765,1643611,cpu0_STLB,STLB,433235,1.0,429204,0.9907,4031,0.0093,0.0403,0,0.0,433235,429204,0.9907,4031,0.0093,0.0403,0,0.0,693.5,None,0.0,0,0,0,0,0.9907,429204,4031,20,0,0.351,284865954,100000001,,core,1,core.1.v1.,v1,,l1d,n,l1d.n.v1.,v1,,l1i,n,l1i.n.v1.,v1,,l2c,n,l2c.n.v1.,v1,,llc,1,llc.1.v1.,v1,,memory,1,memory.1.v2.,v2,,tlbs,n,tlbs.n.v1.,v1,20,1,sierra.a.4_020_1_020.raw,20,myscript_google,sierra.a.4,0.0,0.0,/mnt/storage/traces/gtrace_v2_champsim_myscript/sierra.a.4/sierra.a.4.log,100000000,100000000,1,1,/mnt/storage/traces/gtrace_v2_champsim_myscript/sierra.a.4/sierra.a.4_0020.champsim.gz,0,0,True,
63.03,6.892,0.9649,3.848,0.8749,0.6314,0.459,0.2889,0.7894,cpu0_DTLB,DTLB,25376954,1.0,24726755,0.9744,650199,0.0256,6.502,297176,0.0117,25376954,24726755,0.9744,650199,0.0256,6.502,297176,0.0117,13.72,None,0.0,0,0,0,0,0.9744,24726755,650199,cpu0_ITLB,ITLB,10920563,1.0,10919028,0.9999,1535,0.0001,0.0153,1060,0.0001,10920563,10919028,0.9999,1535,0.0001,0.0153,1060,0.0001,32.65,None,0.0,0,0,0,0,0.9999,10919028,1535,cpu0_L1D,L1D,14895237,0.5514,13449411,0.9029,1445826,0.0971,14.4583,436471,0.0293,27014738,24149914,0.894,2864824,0.106,28.6482,1516632,0.0561,8808,0.0003,85,0.0097,8723,0.9903,0.0872,90,0.0102,12110693,0.4483,10700418,0.8836,1410275,0.1164,14.1027,1080071,0.0892,163.4,None,0.0,0,0,0,0,0.9029,13449411,1445826,cpu0_L1I,L1I,12711448,1.0,9526626,0.7495,3184822,0.2505,31.8482,1244807,0.0979,12711448,9526626,0.7495,3184822,0.2505,31.8482,1244807,0.0979,31.09,None,0.0,0,0,0,0,0.7495,9526626,3184822,cpu0_L2C,L2C,2949358,0.7678,2450966,0.831,498392,0.169,4.9839,0,0.0,330177,0.0859,90706,0.2747,239471,0.7253,2.3947,0,0.0,3841506,3007952,0.783,833554,0.217,8.3355,0,0.0,8633,0.0022,1307,0.1514,7326,0.8486,0.0733,0,0.0,553338,0.144,464973,0.8403,88365,0.1597,0.8836,0,0.0,306.6,None,0.0,0,0,0,0,0.775,2541672,737863,LLC,LLC,498392,0.451,51006,0.1023,447386,0.8977,4.4739,0,0.0,239471,0.2167,9329,0.039,230142,0.961,2.3014,0,0.0,1104999,120246,0.1088,984753,0.8912,9.8475,0,0.0,7326,0.0066,170,0.0232,7156,0.9768,0.0716,0,0.0,359810,0.3256,59741,0.166,300069,0.834,3.0007,0,0.0,249.9,None,0.0,0,0,0,0,0.0818,60335,677528,cpu0_STLB,STLB,353498,1.0,349527,0.9888,3971,0.0112,0.0397,0,0.0,353498,349527,0.9888,3971,0.0112,0.0397,0,0.0,777.7,None,0.0,0,0,0,0,0.9888,349527,3971,34,0,0.6584,151879534,100000004,,core,1,core.1.v1.,v1,,l1d,n,l1d.n.v1.,v1,,l1i,n,l1i.n.v1.,v1,,l2c,n,l2c.n.v1.,v1,,llc,1,llc.1.v1.,v1,,memory,1,memory.1.v2.,v2,,tlbs,n,tlbs.n.v1.,v1,34,1,tango_034_1_034.raw,34,myscript_google,tango,0.0,0.0,/mnt/storage/traces/gtrace_v2_champsim_myscript/tango/tango.log,100000000,100000000,1,1,/mnt/storage/traces/gtrace_v2_champsim_myscript/tango/tango_0034.champsim.gz,0,0,True,
41.26,9.963,0.9447,6.582,0.9517,1.028,0.391,0.3498,0.6602,cpu0_DTLB,DTLB,24300016,1.0,23830325,0.9807,469691,0.0193,4.6969,195190,0.008,24300016,23830325,0.9807,469691,0.0193,4.6969,195190,0.008,21.58,None,0.0,0,0,0,0,0.9807,23830325,469691,cpu0_ITLB,ITLB,9560079,1.0,9560073,1.0,6,0.0,0.0001,2,0.0,9560079,9560073,1.0,6,0.0,0.0001,2,0.0,941.8,None,0.0,0,0,0,0,1.0,9560073,6,cpu0_L1D,L1D,16038100,0.6256,14375751,0.8964,1662349,0.1036,16.6235,515913,0.0322,25635869,22669014,0.8843,2966855,0.1157,29.6685,1465707,0.0572,13917,0.0005,108,0.0078,13809,0.9922,0.1381,14,0.001,9583852,0.3738,8293155,0.8653,1290697,0.1347,12.907,949780,0.0991,177.2,None,0.0,0,0,0,0,0.8964,14375751,1662349,cpu0_L1I,L1I,11545114,1.0,9381517,0.8126,2163597,0.1874,21.636,840300,0.0728,11545114,9381517,0.8126,2163597,0.1874,21.636,840300,0.0728,122.1,None,0.0,0,0,0,0,0.8126,9381517,2163597,cpu0_L2C,L2C,2469726,0.7426,1503510,0.6088,966216,0.3912,9.6622,0,0.0,340889,0.1025,95518,0.2802,245371,0.7198,2.4537,0,0.0,3325876,2012107,0.605,1313769,0.395,13.1377,0,0.0,13795,0.0041,2092,0.1516,11703,0.8484,0.117,0,0.0,501466,0.1508,410987,0.8196,90479,0.1804,0.9048,0,0.0,308.5,None,0.0,0,0,0,0,0.5689,1599028,1211587,LLC,LLC,966216,0.6292,79197,0.082,887019,0.918,8.8702,0,0.0,245371,0.1598,8550,0.0348,236821,0.9652,2.3682,0,0.0,1535511,130518,0.085,1404993,0.915,14.0499,0,0.0,11703,0.0076,359,0.0307,11344,0.9693,0.1134,0,0.0,312221,0.2033,42412,0.1358,269809,0.8642,2.6981,0,0.0,276.1,None,0.0,0,0,0,0,0.0724,87747,1123840,cpu0_STLB,STLB,274505,1.0,268291,0.9774,6214,0.0226,0.0621,0,0.0,274505,268291,0.9774,6214,0.0226,0.0621,0,0.0,732.1,None,0.0,0,0,0,0,0.9774,268291,6214,70,0,0.4445,224959209,100000000,,core,1,core.1.v1.,v1,,l1d,n,l1d.n.v1.,v1,,l1i,n,l1i.n.v1.,v1,,l2c,n,l2c.n.v1.,v1,,llc,1,llc.1.v1.,v1,,memory,1,memory.1.v2.,v2,,tlbs,n,tlbs.n.v1.,v1,70,1,merced_070_1_070.raw,70,myscript_google,merced,0.0,0.0,/mnt/storage/traces/gtrace_v2_champsim_myscript/merced/merced.log,None,None,1,1,/mnt/storage/traces/gtrace_v2_champsim_myscript/merced/merced_0070.champsim.gz,0,0,True,
41.52,8.521,0.9518,5.697,0.812,0.8271,0.2794,0.3259,0.5796,cpu0_DTLB,DTLB,23451950,1.0,23062104,0.9834,389846,0.0166,3.8985,163558,0.007,23451950,23062104,0.9834,389846,0.0166,3.8985,163558,0.007,28.03,None,0.0,0,0,0,0,0.9834,23062104,389846,cpu0_ITLB,ITLB,10418346,1.0,10418312,1.0,34,0.0,0.0003,20,0.0,10418346,10418312,1.0,34,0.0,0.0003,20,0.0,986.6,None,0.0,0,0,0,0,1.0,10418312,34,cpu0_L1D,L1D,15598174,0.6326,13882673,0.89,1715501,0.11,17.155,547993,0.0351,24658741,21669513,0.8788,2989228,0.1212,29.8923,1478184,0.0599,15490,0.0006,88,0.0057,15402,0.9943,0.154,6,0.0004,9045077,0.3668,7786752,0.8609,1258325,0.1391,12.5832,930185,0.1028,195.0,None,0.0,0,0,0,0,0.89,13882673,1715501,cpu0_L1I,L1I,12407920,1.0,10397167,0.8379,2010753,0.1621,20.1075,787479,0.0635,12407920,10397167,0.8379,2010753,0.1621,20.1075,787479,0.0635,127.6,None,0.0,0,0,0,0,0.8379,10397167,2010753,cpu0_L2C,L2C,2390768,0.7281,1356615,0.5674,1034153,0.4326,10.3415,0,0.0,328109,0.0999,100475,0.3062,227634,0.6938,2.2763,0,0.0,3283680,1883018,0.5734,1400662,0.4266,14.0066,0,0.0,15396,0.0047,2487,0.1615,12909,0.8385,0.1291,0,0.0,549407,0.1673,423441,0.7707,125966,0.2293,1.2597,0,0.0,306.4,None,0.0,0,0,0,0,0.5359,1457090,1261787,LLC,LLC,1034153,0.629,54623,0.0528,979530,0.9472,9.7953,0,0.0,227634,0.1385,6110,0.0268,221524,0.9732,2.2152,0,0.0,1644097,98975,0.0602,1545122,0.9398,15.4512,0,0.0,12909,0.0079,399,0.0309,12510,0.9691,0.1251,0,0.0,369401,0.2247,37843,0.1024,331558,0.8976,3.3156,0,0.0,266.2,None,0.0,0,0,0,0,0.0481,60733,1201054,cpu0_STLB,STLB,226302,1.0,219383,0.9694,6919,0.0306,0.0692,0,0.0,226302,219383,0.9694,6919,0.0306,0.0692,0,0.0,754.1,None,0.0,0,0,0,0,0.9694,219383,6919,3,0,0.424,235869311,100000002,,core,1,core.1.v1.,v1,,l1d,n,l1d.n.v1.,v1,,l1i,n,l1i.n.v1.,v1,,l2c,n,l2c.n.v1.,v1,,llc,1,llc.1.v1.,v1,,memory,1,memory.1.v2.,v2,,tlbs,n,tlbs.n.v1.,v1,3,1,merced_003_1_003.raw,3,myscript_google,merced,0.0,0.0,/mnt/storage/traces/gtrace_v2_champsim_myscript/merced/merced.log,None,None,1,1,/mnt/storage/traces/gtrace_v2_champsim_myscript/merced/merced_0003.champsim.gz,0,0,True,
41.36,10.32,0.9395,7.236,0.741,1.22,0.2839,0.3017,0.5357,cpu0_DTLB,DTLB,22828668,1.0,22400486,0.9812,428182,0.0188,4.2818,179200,0.0078,22828668,22400486,0.9812,428182,0.0188,4.2818,179200,0.0078,24.18,None,0.0,0,0,0,0,0.9812,22400486,428182,cpu0_ITLB,ITLB,9077620,1.0,9077600,1.0,20,0.0,0.0002,14,0.0,9077620,9077600,1.0,20,0.0,0.0002,14,0.0,983.5,None,0.0,0,0,0,0,1.0,9077600,20,cpu0_L1D,L1D,15185828,0.6319,13316373,0.8769,1869455,0.1231,18.6945,614572,0.0405,24033072,20875199,0.8686,3157873,0.1314,31.5787,1552169,0.0646,13972,0.0006,104,0.0074,13868,0.9926,0.1387,19,0.0014,8833272,0.3675,7558722,0.8557,1274550,0.1443,12.7455,937578,0.1061,163.1,None,0.0,0,0,0,0,0.8769,13316373,1869455,cpu0_L1I,L1I,10961497,1.0,8957338,0.8172,2004159,0.1828,20.0416,791543,0.0722,10961497,8957338,0.8172,2004159,0.1828,20.0416,791543,0.0722,117.2,None,0.0,0,0,0,0,0.8172,8957338,2004159,cpu0_L2C,L2C,2467493,0.7483,1553849,0.6297,913644,0.3703,9.1364,0,0.0,336942,0.1022,112302,0.3333,224640,0.6667,2.2464,0,0.0,3297385,2069226,0.6275,1228159,0.3725,12.2816,0,0.0,13849,0.0042,2491,0.1799,11358,0.8201,0.1136,0,0.0,479101,0.1453,400584,0.8361,78517,0.1639,0.7852,0,0.0,310.8,None,0.0,0,0,0,0,0.5941,1666151,1138284,LLC,LLC,913644,0.641,45865,0.0502,867779,0.9498,8.6778,0,0.0,224640,0.1576,6128,0.0273,218512,0.9727,2.1851,0,0.0,1425315,85987,0.0603,1339328,0.9397,13.3933,0,0.0,11358,0.008,195,0.0172,11163,0.9828,0.1116,0,0.0,275673,0.1934,33799,0.1226,241874,0.8774,2.4187,0,0.0,272.7,None,0.0,0,0,0,0,0.0457,51993,1086291,cpu0_STLB,STLB,248988,1.0,242712,0.9748,6276,0.0252,0.0628,0,0.0,248988,242712,0.9748,6276,0.0252,0.0628,0,0.0,760.9,None,0.0,0,0,0,0,0.9748,242712,6276,34,0,0.4482,223101139,100000004,,core,1,core.1.v1.,v1,,l1d,n,l1d.n.v1.,v1,,l1i,n,l1i.n.v1.,v1,,l2c,n,l2c.n.v1.,v1,,llc,1,llc.1.v1.,v1,,memory,1,memory.1.v2.,v2,,tlbs,n,tlbs.n.v1.,v1,34,1,merced_034_1_034.raw,34,myscript_google,merced,0.0,0.0,/mnt/storage/traces/gtrace_v2_champsim_myscript/merced/merced.log,None,None,1,1,/mnt/storage/traces/gtrace_v2_champsim_myscript/merced/merced_0034.champsim.gz,0,0,True,
67.44,6.162,0.967,3.551,0.7355,0.5287,0.3155,0.3094,0.7227,cpu0_DTLB,DTLB,26492503,1.0,25802828,0.974,689675,0.026,6.8967,310321,0.0117,26492503,25802828,0.974,689675,0.026,6.8967,310321,0.0117,11.3,None,0.0,0,0,0,0,0.974,25802828,689675,cpu0_ITLB,ITLB,11214733,1.0,11213627,0.9999,1106,0.0001,0.0111,752,0.0001,11214733,11213627,0.9999,1106,0.0001,0.0111,752,0.0001,30.25,None,0.0,0,0,0,0,0.9999,11213627,1106,cpu0_L1D,L1D,14869686,0.5254,13277431,0.8929,1592255,0.1071,15.9225,493157,0.0332,28299794,24816272,0.8769,3483522,0.1231,34.8352,1944498,0.0687,6740,0.0002,43,0.0064,6697,0.9936,0.067,61,0.0091,13423368,0.4743,11538798,0.8596,1884570,0.1404,18.8457,1451280,0.1081,184.2,None,0.0,0,0,0,0,0.8929,13277431,1592255,cpu0_L1I,L1I,13156757,1.0,9653985,0.7338,3502772,0.2662,35.0277,1392679,0.1059,13156757,9653985,0.7338,3502772,0.2662,35.0277,1392679,0.1059,37.52,None,0.0,0,0,0,0,0.7338,9653985,3502772,cpu0_L2C,L2C,3209170,0.7447,2624943,0.818,584227,0.182,5.8423,0,0.0,433269,0.1005,109081,0.2518,324188,0.7482,3.2419,0,0.0,4309169,3288312,0.7631,1020857,0.2369,10.2086,0,0.0,6636,0.0015,852,0.1284,5784,0.8716,0.0578,0,0.0,660094,0.1532,553436,0.8384,106658,0.1616,1.0666,0,0.0,327.9,None,0.0,0,0,0,0,0.7506,2734024,908415,LLC,LLC,584227,0.4282,43153,0.0739,541074,0.9261,5.4107,0,0.0,324188,0.2376,9977,0.0308,314211,0.9692,3.1421,0,0.0,1364395,103403,0.0758,1260992,0.9242,12.6099,0,0.0,5784,0.0042,77,0.0133,5707,0.9867,0.0571,0,0.0,450196,0.33,50196,0.1115,400000,0.8885,4.0,0,0.0,256.4,None,0.0,0,0,0,0,0.0585,53130,855285,cpu0_STLB,STLB,379708,1.0,376643,0.9919,3065,0.0081,0.0307,0,0.0,379708,376643,0.9919,3065,0.0081,0.0307,0,0.0,782.1,None,0.0,0,0,0,0,0.9919,376643,3065,10,0,0.5701,175411715,100000000,,core,1,core.1.v1.,v1,,l1d,n,l1d.n.v1.,v1,,l1i,n,l1i.n.v1.,v1,,l2c,n,l2c.n.v1.,v1,,llc,1,llc.1.v1.,v1,,memory,1,memory.1.v2.,v2,,tlbs,n,tlbs.n.v1.,v1,10,1,tango_010_1_010.raw,10,myscript_google,tango,0.0,0.0,/mnt/storage/traces/gtrace_v2_champsim_myscript/tango/tango.log,100000000,100000000,1,1,/mnt/storage/traces/gtrace_v2_champsim_myscript/tango/tango_0010.champsim.gz,0,0,True,
70.95,7.72,0.9609,2.966,1.268,1.767,0.2814,0.3422,1.094,cpu0_DTLB,DTLB,26838767,1.0,25864062,0.9637,974705,0.0363,9.747,397020,0.0148,26838767,25864062,0.9637,974705,0.0363,9.747,397020,0.0148,5.403,None,0.0,0,0,0,0,0.9637,25864062,974705,cpu0_ITLB,ITLB,13248666,1.0,13248649,1.0,17,0.0,0.0002,10,0.0,13248666,13248649,1.0,17,0.0,0.0002,10,0.0,1248.0,None,0.0,0,0,0,0,1.0,13248649,17,cpu0_L1D,L1D,15687849,0.5457,13571940,0.8651,2115909,0.1349,21.1591,520783,0.0332,28746342,24880438,0.8655,3865904,0.1345,38.659,1766618,0.0615,475,0.0,0,0.0,475,1.0,0.0047,0,0.0,13058018,0.4542,11308498,0.866,1749520,0.134,17.4952,1245835,0.0954,131.2,None,0.0,0,0,0,0,0.8651,13571940,2115909,cpu0_L1I,L1I,16112288,1.0,8131310,0.5047,7980978,0.4953,79.8098,3249364,0.2017,16112288,8131310,0.5047,7980978,0.4953,79.8098,3249364,0.2017,29.49,None,0.0,0,0,0,0,0.5047,8131310,7980978,cpu0_L2C,L2C,6326698,0.8198,5489951,0.8677,836747,0.1323,8.3675,0,0.0,503652,0.0653,251066,0.4985,252586,0.5015,2.5259,0,0.0,7717337,6532296,0.8464,1185041,0.1536,11.8504,0,0.0,475,0.0001,16,0.0337,459,0.9663,0.0046,0,0.0,886512,0.1149,791263,0.8926,95249,0.1074,0.9525,0,0.0,306.7,None,0.0,0,0,0,0,0.8405,5741017,1089333,LLC,LLC,836747,0.5441,91800,0.1097,744947,0.8903,7.4495,0,0.0,252586,0.1642,22195,0.0879,230391,0.9121,2.3039,0,0.0,1537825,208134,0.1353,1329691,0.8647,13.2969,0,0.0,459,0.0003,3,0.0065,456,0.9935,0.0046,0,0.0,448033,0.2913,94136,0.2101,353897,0.7899,3.539,0,0.0,262.4,None,0.0,0,0,0,0,0.1046,113995,975338,cpu0_STLB,STLB,577692,1.0,577455,0.9996,237,0.0004,0.0024,0,0.0,577692,577455,0.9996,237,0.0004,0.0024,0,0.0,1016.0,None,0.0,0,0,0,0,0.9996,577455,237,4,0,0.542,184509020,100000001,,core,1,core.1.v1.,v1,,l1d,n,l1d.n.v1.,v1,,l1i,n,l1i.n.v1.,v1,,l2c,n,l2c.n.v1.,v1,,llc,1,llc.1.v1.,v1,,memory,1,memory.1.v2.,v2,,tlbs,n,tlbs.n.v1.,v1,4,1,sierra.a.6_004_1_004.raw,4,myscript_google,sierra.a.6,0.0,0.0,/mnt/storage/traces/gtrace_v2_champsim_myscript/sierra.a.6/sierra.a.6.log,100000000,100000000,1,1,/mnt/storage/traces/gtrace_v2_champsim_myscript/sierra.a.6/sierra.a.6_0004.champsim.gz,0,0,True,
54.09,9.007,0.9569,5.947,0.7044,0.5901,0.294,0.776,0.6958,cpu0_DTLB,DTLB,28048778,1.0,27703644,0.9877,345134,0.0123,3.4513,146742,0.0052,28048778,27703644,0.9877,345134,0.0123,3.4513,146742,0.0052,14.58,None,0.0,0,0,0,0,0.9877,27703644,345134,cpu0_ITLB,ITLB,6976504,1.0,6976324,1.0,180,0.0,0.0018,39,0.0,6976504,6976324,1.0,180,0.0,0.0018,39,0.0,223.6,None,0.0,0,0,0,0,1.0,6976324,180,cpu0_L1D,L1D,18441055,0.6194,17282204,0.9372,1158851,0.0628,11.5885,439225,0.0238,29771759,27792429,0.9335,1979330,0.0665,19.7933,1037733,0.0349,5386,0.0002,57,0.0106,5329,0.9894,0.0533,12,0.0022,11325318,0.3804,10510168,0.928,815150,0.072,8.1515,598496,0.0528,193.5,None,0.0,0,0,0,0,0.9372,17282204,1158851,cpu0_L1I,L1I,8281490,1.0,6563646,0.7926,1717844,0.2074,17.1784,612438,0.074,8281490,6563646,0.7926,1717844,0.2074,17.1784,612438,0.074,81.55,None,0.0,0,0,0,0,0.7926,6563646,1717844,cpu0_L2C,L2C,1825024,0.7698,1186484,0.6501,638540,0.3499,6.3854,0,0.0,216643,0.0914,52479,0.2422,164164,0.7578,1.6416,0,0.0,2370676,1501036,0.6332,869640,0.3668,8.6964,0,0.0,5317,0.0022,978,0.1839,4339,0.8161,0.0434,0,0.0,323692,0.1365,261095,0.8066,62597,0.1934,0.626,0,0.0,294.8,None,0.0,0,0,0,0,0.6068,1238963,802704,LLC,LLC,638540,0.6239,49446,0.0774,589094,0.9226,5.8909,0,0.0,164164,0.1604,4783,0.0291,159381,0.9709,1.5938,0,0.0,1023440,83342,0.0814,940098,0.9186,9.401,0,0.0,4339,0.0042,46,0.0106,4293,0.9894,0.0429,0,0.0,216397,0.2114,29067,0.1343,187330,0.8657,1.8733,0,0.0,260.5,None,0.0,0,0,0,0,0.0676,54229,748475,cpu0_STLB,STLB,198533,1.0,196120,0.9878,2413,0.0122,0.0241,0,0.0,198533,196120,0.9878,2413,0.0122,0.0241,0,0.0,799.5,None,0.0,0,0,0,0,0.9878,196120,2413,19,0,0.5841,171198387,100000002,,core,1,core.1.v1.,v1,,l1d,n,l1d.n.v1.,v1,,l1i,n,l1i.n.v1.,v1,,l2c,n,l2c.n.v1.,v1,,llc,1,llc.1.v1.,v1,,memory,1,memory.1.v2.,v2,,tlbs,n,tlbs.n.v1.,v1,19,1,tahoe_019_1_019.raw,19,myscript_google,tahoe,0.0,0.0,/mnt/storage/traces/gtrace_v2_champsim_myscript/tahoe/tahoe.log,100000000,100000000,1,1,/mnt/storage/traces/gtrace_v2_champsim_myscript/tahoe/tahoe_0019.champsim.gz,0,0,True,
48.27,7.5,0.9522,4.715,0.9821,0.5518,0.3876,0.3131,0.5508,cpu0_DTLB,DTLB,24777495,1.0,24427689,0.9859,349806,0.0141,3.4981,150142,0.0061,24777495,24427689,0.9859,349806,0.0141,3.4981,150142,0.0061,11.17,None,0.0,0,0,0,0,0.9859,24427689,349806,cpu0_ITLB,ITLB,9992273,1.0,9992201,1.0,72,0.0,0.0007,36,0.0,9992273,9992201,1.0,72,0.0,0.0007,36,0.0,215.9,None,0.0,0,0,0,0,1.0,9992201,72,cpu0_L1D,L1D,15241450,0.5685,14260626,0.9356,980824,0.0644,9.8082,278066,0.0182,26811498,24642800,0.9191,2168698,0.0809,21.687,1165331,0.0435,3019,0.0001,34,0.0113,2985,0.9887,0.0298,1,0.0003,11567029,0.4314,10382140,0.8976,1184889,0.1024,11.8489,887264,0.0767,196.9,None,0.0,0,0,0,0,0.9356,14260626,980824,cpu0_L1I,L1I,11889198,1.0,10542091,0.8867,1347107,0.1133,13.4711,509253,0.0428,11889198,10542091,0.8867,1347107,0.1133,13.4711,509253,0.0428,103.7,None,0.0,0,0,0,0,0.8867,10542091,1347107,cpu0_L2C,L2C,1540598,0.6857,927635,0.6021,612963,0.3979,6.1296,0,0.0,297604,0.1325,71405,0.2399,226199,0.7601,2.262,0,0.0,2246670,1331115,0.5925,915555,0.4075,9.1555,0,0.0,2984,0.0013,368,0.1233,2616,0.8767,0.0262,0,0.0,405484,0.1805,331707,0.8181,73777,0.1819,0.7378,0,0.0,294.7,None,0.0,0,0,0,0,0.5435,999040,839162,LLC,LLC,612963,0.5475,153645,0.2507,459318,0.7493,4.5932,0,0.0,226199,0.2021,8007,0.0354,218192,0.9646,2.1819,0,0.0,1119489,199050,0.1778,920439,0.8222,9.2044,0,0.0,2616,0.0023,54,0.0206,2562,0.9794,0.0256,0,0.0,277711,0.2481,37344,0.1345,240367,0.8655,2.4037,0,0.0,280.7,None,0.0,0,0,0,0,0.1926,161652,677510,cpu0_STLB,STLB,199700,1.0,198303,0.993,1397,0.007,0.014,0,0.0,199700,198303,0.993,1397,0.007,0.014,0,0.0,886.7,None,0.0,0,0,0,0,0.993,198303,1397,32,0,0.6993,142994481,100000003,,core,1,core.1.v1.,v1,,l1d,n,l1d.n.v1.,v1,,l1i,n,l1i.n.v1.,v1,,l2c,n,l2c.n.v1.,v1,,llc,1,llc.1.v1.,v1,,memory,1,memory.1.v2.,v2,,tlbs,n,tlbs.n.v1.,v1,32,1,yankee_032_1_032.raw,32,myscript_google,yankee,0.0,0.0,/mnt/storage/traces/gtrace_v2_champsim_myscript/yankee/yankee.log,None,None,1,1,/mnt/storage/traces/gtrace_v2_champsim_myscript/yankee/yankee_0032.champsim.gz,0,0,True,
66.68,5.507,0.9712,3.101,0.7367,0.4881,0.2923,0.2576,0.6316,cpu0_DTLB,DTLB,25553336,1.0,24927519,0.9755,625817,0.0245,6.2582,286293,0.0112,25553336,24927519,0.9755,625817,0.0245,6.2582,286293,0.0112,17.89,None,0.0,0,0,0,0,0.9755,24927519,625817,cpu0_ITLB,ITLB,12416843,1.0,12415468,0.9999,1375,0.0001,0.0138,955,0.0001,12416843,12415468,0.9999,1375,0.0001,0.0138,955,0.0001,36.62,None,0.0,0,0,0,0,0.9999,12415468,1375,cpu0_L1D,L1D,14230497,0.5217,12914185,0.9075,1316312,0.0925,13.1631,409636,0.0288,27277183,24591392,0.9015,2685791,0.0985,26.8579,1450985,0.0532,15177,0.0006,384,0.0253,14793,0.9747,0.1479,103,0.0068,13031509,0.4777,11676823,0.896,1354686,0.104,13.5469,1041246,0.0799,177.3,None,0.0,0,0,0,0,0.9075,12914185,1316312,cpu0_L1I,L1I,14542276,1.0,11886756,0.8174,2655520,0.1826,26.5552,1037865,0.0714,14542276,11886756,0.8174,2655520,0.1826,26.5552,1037865,0.0714,36.18,None,0.0,0,0,0,0,0.8174,11886756,2655520,cpu0_L2C,L2C,2524322,0.7548,2058284,0.8154,466038,0.1846,4.6604,0,0.0,313421,0.0937,79358,0.2532,234063,0.7468,2.3406,0,0.0,3344293,2553261,0.7635,791032,0.2365,7.9103,0,0.0,14690,0.0044,3802,0.2588,10888,0.7412,0.1089,0,0.0,491860,0.1471,411817,0.8373,80043,0.1627,0.8004,0,0.0,323.1,None,0.0,0,0,0,0,0.7533,2137642,700101,LLC,LLC,466038,0.4515,39630,0.085,426408,0.915,4.2641,0,0.0,234063,0.2267,6537,0.0279,227526,0.9721,2.2753,0,0.0,1032259,87432,0.0847,944827,0.9153,9.4483,0,0.0,10888,0.0105,294,0.027,10594,0.973,0.1059,0,0.0,321270,0.3112,40971,0.1275,280299,0.8725,2.803,0,0.0,260.9,None,0.0,0,0,0,0,0.0659,46167,653934,cpu0_STLB,STLB,339944,1.0,332733,0.9788,7211,0.0212,0.0721,0,0.0,339944,332733,0.9788,7211,0.0212,0.0721,0,0.0,607.8,None,0.0,0,0,0,0,0.9788,332733,7211,21,0,0.6776,147582320,100000000,,core,1,core.1.v1.,v1,,l1d,n,l1d.n.v1.,v1,,l1i,n,l1i.n.v1.,v1,,l2c,n,l2c.n.v1.,v1,,llc,1,llc.1.v1.,v1,,memory,1,memory.1.v2.,v2,,tlbs,n,tlbs.n.v1.,v1,21,1,tango_021_1_021.raw,21,myscript_google,tango,0.0,0.0,/mnt/storage/traces/gtrace_v2_champsim_myscript/tango/tango.log,100000000,100000000,1,1,/mnt/storage/traces/gtrace_v2_champsim_myscript/tango/tango_0021.champsim.gz,0,0,True,
41.58,11.39,0.938,6.457,1.834,0.9952,0.5622,0.5177,1.023,cpu0_DTLB,DTLB,27183182,1.0,26641233,0.9801,541949,0.0199,5.4195,231365,0.0085,27183182,26641233,0.9801,541949,0.0199,5.4195,231365,0.0085,9.016,None,0.0,0,0,0,0,0.9801,26641233,541949,cpu0_ITLB,ITLB,9055237,1.0,9055112,1.0,125,0.0,0.0012,66,0.0,9055237,9055112,1.0,125,0.0,0.0012,66,0.0,262.8,None,0.0,0,0,0,0,1.0,9055112,125,cpu0_L1D,L1D,16692378,0.5806,14965928,0.8966,1726450,0.1034,17.2645,501240,0.03,28750810,25203640,0.8766,3547170,0.1234,35.4717,1856090,0.0646,3240,0.0001,21,0.0065,3219,0.9935,0.0322,4,0.0012,12055192,0.4193,10237691,0.8492,1817501,0.1508,18.175,1354846,0.1124,203.7,None,0.0,0,0,0,0,0.8966,14965928,1726450,cpu0_L1I,L1I,10935382,1.0,8588660,0.7854,2346722,0.2146,23.4672,872596,0.0798,10935382,8588660,0.7854,2346722,0.2146,23.4672,872596,0.0798,110.7,None,0.0,0,0,0,0,0.7854,8588660,2346722,cpu0_L2C,L2C,2699323,0.7076,1591409,0.5896,1107914,0.4104,11.0791,0,0.0,462624,0.1213,111786,0.2416,350838,0.7584,3.5084,0,0.0,3814932,2226051,0.5835,1588881,0.4165,15.8888,0,0.0,3215,0.0008,246,0.0765,2969,0.9235,0.0297,0,0.0,649770,0.1703,522610,0.8043,127160,0.1957,1.2716,0,0.0,303.8,None,0.0,0,0,0,0,0.5387,1703195,1458752,LLC,LLC,1107914,0.578,243852,0.2201,864062,0.7799,8.6406,0,0.0,350838,0.183,10401,0.0296,340437,0.9704,3.4044,0,0.0,1916685,306389,0.1599,1610296,0.8401,16.103,0,0.0,2969,0.0015,30,0.0101,2939,0.9899,0.0294,0,0.0,454964,0.2374,52106,0.1145,402858,0.8855,4.0286,0,0.0,287.3,None,0.0,0,0,0,0,0.1743,254253,1204499,cpu0_STLB,STLB,310643,1.0,309126,0.9951,1517,0.0049,0.0152,0,0.0,310643,309126,0.9951,1517,0.0049,0.0152,0,0.0,831.1,None,0.0,0,0,0,0,0.9951,309126,1517,52,0,0.4308,232132284,100000003,,core,1,core.1.v1.,v1,,l1d,n,l1d.n.v1.,v1,,l1i,n,l1i.n.v1.,v1,,l2c,n,l2c.n.v1.,v1,,llc,1,llc.1.v1.,v1,,memory,1,memory.1.v2.,v2,,tlbs,n,tlbs.n.v1.,v1,52,1,yankee_052_1_052.raw,52,myscript_google,yankee,0.0,0.0,/mnt/storage/traces/gtrace_v2_champsim_myscript/yankee/yankee.log,None,None,1,1,/mnt/storage/traces/gtrace_v2_champsim_myscript/yankee/yankee_0052.champsim.gz,0,0,True,
69.71,7.569,0.9615,3.475,1.056,1.547,0.244,0.2989,0.9481,cpu0_DTLB,DTLB,26268727,1.0,25305034,0.9633,963693,0.0367,9.6369,392049,0.0149,26268727,25305034,0.9633,963693,0.0367,9.6369,392049,0.0149,5.362,None,0.0,0,0,0,0,0.9633,25305034,963693,cpu0_ITLB,ITLB,12953142,1.0,12953122,1.0,20,0.0,0.0002,9,0.0,12953142,12953122,1.0,20,0.0,0.0002,9,0.0,1176.0,None,0.0,0,0,0,0,1.0,12953122,20,cpu0_L1D,L1D,15434493,0.5481,13196506,0.855,2237987,0.145,22.3799,542151,0.0351,28162107,24228933,0.8603,3933174,0.1397,39.3317,1755188,0.0623,435,0.0,0,0.0,435,1.0,0.0043,0,0.0,12727179,0.4519,11032427,0.8668,1694752,0.1332,16.9475,1213037,0.0953,148.0,None,0.0,0,0,0,0,0.855,13196506,2237987,cpu0_L1I,L1I,15831527,1.0,8079451,0.5103,7752076,0.4897,77.5208,3173967,0.2005,15831527,8079451,0.5103,7752076,0.4897,77.5208,3173967,0.2005,27.71,None,0.0,0,0,0,0,0.5103,8079451,7752076,cpu0_L2C,L2C,6273904,0.8239,5343719,0.8517,930185,0.1483,9.3018,0,0.0,481673,0.0633,237787,0.4937,243886,0.5063,2.4389,0,0.0,7614490,6348090,0.8337,1266400,0.1663,12.664,0,0.0,435,0.0001,9,0.0207,426,0.9793,0.0043,0,0.0,858478,0.1127,766575,0.8929,91903,0.1071,0.919,0,0.0,314.4,None,0.0,0,0,0,0,0.8262,5581506,1174071,LLC,LLC,930185,0.5767,68777,0.0739,861408,0.9261,8.6141,0,0.0,243886,0.1512,18922,0.0776,224964,0.9224,2.2496,0,0.0,1613045,176648,0.1095,1436397,0.8905,14.364,0,0.0,426,0.0003,7,0.0164,419,0.9836,0.0042,0,0.0,438548,0.2719,88942,0.2028,349606,0.7972,3.4961,0,0.0,266.1,None,0.0,0,0,0,0,0.0747,87699,1086372,cpu0_STLB,STLB,571655,1.0,571439,0.9996,216,0.0004,0.0022,0,0.0,571655,571439,0.9996,216,0.0004,0.0022,0,0.0,1015.0,None,0.0,0,0,0,0,0.9996,571439,216,12,0,0.5173,193310238,100000003,,core,1,core.1.v1.,v1,,l1d,n,l1d.n.v1.,v1,,l1i,n,l1i.n.v1.,v1,,l2c,n,l2c.n.v1.,v1,,llc,1,llc.1.v1.,v1,,memory,1,memory.1.v2.,v2,,tlbs,n,tlbs.n.v1.,v1,12,1,sierra.a.6_012_1_012.raw,12,myscript_google,sierra.a.6,0.0,0.0,/mnt/storage/traces/gtrace_v2_champsim_myscript/sierra.a.6/sierra.a.6.log,100000000,100000000,1,1,/mnt/storage/traces/gtrace_v2_champsim_myscript/sierra.a.6/sierra.a.6_0012.champsim.gz,0,0,True,
65.29,6.68,0.9643,3.83,0.8633,0.5705,0.3849,0.2925,0.7387,cpu0_DTLB,DTLB,25913527,1.0,25195622,0.9723,717905,0.0277,7.179,330730,0.0128,25913527,25195622,0.9723,717905,0.0277,7.179,330730,0.0128,19.69,None,0.0,0,0,0,0,0.9723,25195622,717905,cpu0_ITLB,ITLB,10929544,1.0,10927960,0.9999,1584,0.0001,0.0158,1106,0.0001,10929544,10927960,0.9999,1584,0.0001,0.0158,1106,0.0001,34.46,None,0.0,0,0,0,0,0.9999,10927960,1584,cpu0_L1D,L1D,14876130,0.5366,13550956,0.9109,1325174,0.0891,13.2517,401959,0.027,27720546,25005772,0.9021,2714774,0.0979,27.1477,1456364,0.0525,20118,0.0007,359,0.0178,19759,0.9822,0.1976,166,0.0083,12824298,0.4626,11454457,0.8932,1369841,0.1068,13.6984,1054239,0.0822,155.2,None,0.0,0,0,0,0,0.9109,13550956,1325174,cpu0_L1I,L1I,12867286,1.0,9905881,0.7699,2961405,0.2301,29.614,1159595,0.0901,12867286,9905881,0.7699,2961405,0.2301,29.614,1159595,0.0901,27.01,None,0.0,0,0,0,0,0.7699,9905881,2961405,cpu0_L2C,L2C,2725018,0.7644,2306694,0.8465,418324,0.1535,4.1832,0,0.0,315581,0.0885,86366,0.2737,229215,0.7263,2.2921,0,0.0,3565037,2827802,0.7932,737235,0.2068,7.3723,0,0.0,19593,0.0055,5447,0.278,14146,0.722,0.1415,0,0.0,504845,0.1416,429295,0.8504,75550,0.1496,0.7555,0,0.0,299.4,None,0.0,0,0,0,0,0.787,2393060,647539,LLC,LLC,418324,0.4254,35914,0.0859,382410,0.9141,3.8241,0,0.0,229215,0.2331,12078,0.0527,217137,0.9473,2.1714,0,0.0,983273,97815,0.0995,885458,0.9005,8.8546,0,0.0,14146,0.0144,511,0.0361,13635,0.9639,0.1363,0,0.0,321588,0.3271,49312,0.1533,272276,0.8467,2.7228,0,0.0,239.8,None,0.0,0,0,0,0,0.0741,47992,599547,cpu0_STLB,STLB,387653,1.0,378130,0.9754,9523,0.0246,0.0952,0,0.0,387653,378130,0.9754,9523,0.0246,0.0952,0,0.0,597.9,None,0.0,0,0,0,0,0.9754,378130,9523,45,0,0.7014,142571794,100000001,,core,1,core.1.v1.,v1,,l1d,n,l1d.n.v1.,v1,,l1i,n,l1i.n.v1.,v1,,l2c,n,l2c.n.v1.,v1,,llc,1,llc.1.v1.,v1,,memory,1,memory.1.v2.,v2,,tlbs,n,tlbs.n.v1.,v1,45,1,tango_045_1_045.raw,45,myscript_google,tango,0.0,0.0,/mnt/storage/traces/gtrace_v2_champsim_myscript/tango/tango.log,100000000,100000000,1,1,/mnt/storage/traces/gtrace_v2_champsim_myscript/tango/tango_0045.champsim.gz,0,0,True,
71.72,7.22,0.9634,2.902,1.115,1.619,0.2818,0.3102,0.992,cpu0_DTLB,DTLB,26811698,1.0,25856010,0.9644,955688,0.0356,9.5569,387511,0.0145,26811698,25856010,0.9644,955688,0.0356,9.5569,387511,0.0145,5.573,None,0.0,0,0,0,0,0.9644,25856010,955688,cpu0_ITLB,ITLB,13145264,1.0,13145234,1.0,30,0.0,0.0003,16,0.0,13145264,13145234,1.0,30,0.0,0.0003,16,0.0,918.1,None,0.0,0,0,0,0,1.0,13145234,30,cpu0_L1D,L1D,15578320,0.5419,13520977,0.8679,2057343,0.1321,20.5734,523879,0.0336,28749657,24899180,0.8661,3850477,0.1339,38.5048,1817276,0.0632,680,0.0,1,0.0015,679,0.9985,0.0068,0,0.0,13170657,0.4581,11378202,0.8639,1792455,0.1361,17.9245,1293397,0.0982,128.7,None,0.0,0,0,0,0,0.8679,13520977,2057343,cpu0_L1I,L1I,15954779,1.0,8144321,0.5105,7810458,0.4895,78.1046,3187054,0.1998,15954779,8144321,0.5105,7810458,0.4895,78.1046,3187054,0.1998,31.76,None,0.0,0,0,0,0,0.5105,8144321,7810458,cpu0_L2C,L2C,6156838,0.8172,5362064,0.8709,794774,0.1291,7.9477,0,0.0,499009,0.0662,246606,0.4942,252403,0.5058,2.524,0,0.0,7534355,6393643,0.8486,1140712,0.1514,11.4071,0,0.0,679,0.0001,32,0.0471,647,0.9529,0.0065,0,0.0,877829,0.1165,784941,0.8942,92888,0.1058,0.9289,0,0.0,314.2,None,0.0,0,0,0,0,0.8427,5608670,1047177,LLC,LLC,794774,0.5322,67168,0.0845,727606,0.9155,7.2761,0,0.0,252403,0.169,19674,0.0779,232729,0.9221,2.3273,0,0.0,1493287,174223,0.1167,1319064,0.8833,13.1906,0,0.0,647,0.0004,10,0.0155,637,0.9845,0.0064,0,0.0,445463,0.2983,87371,0.1961,358092,0.8039,3.5809,0,0.0,261.2,None,0.0,0,0,0,0,0.0829,86842,960335,cpu0_STLB,STLB,568191,1.0,567851,0.9994,340,0.0006,0.0034,0,0.0,568191,567851,0.9994,340,0.0006,0.0034,0,0.0,993.6,None,0.0,0,0,0,0,0.9994,567851,340,16,0,0.5467,182904012,100000001,,core,1,core.1.v1.,v1,,l1d,n,l1d.n.v1.,v1,,l1i,n,l1i.n.v1.,v1,,l2c,n,l2c.n.v1.,v1,,llc,1,llc.1.v1.,v1,,memory,1,memory.1.v2.,v2,,tlbs,n,tlbs.n.v1.,v1,16,1,sierra.a.6_016_1_016.raw,16,myscript_google,sierra.a.6,0.0,0.0,/mnt/storage/traces/gtrace_v2_champsim_myscript/sierra.a.6/sierra.a.6.log,100000000,100000000,1,1,/mnt/storage/traces/gtrace_v2_champsim_myscript/sierra.a.6/sierra.a.6_0016.champsim.gz,0,0,True,
41.77,10.23,0.9408,7.039,0.7503,1.396,0.2562,0.284,0.5032,cpu0_DTLB,DTLB,21337700,1.0,20851741,0.9772,485959,0.0228,4.8596,201068,0.0094,21337700,20851741,0.9772,485959,0.0228,4.8596,201068,0.0094,22.71,None,0.0,0,0,0,0,0.9772,20851741,485959,cpu0_ITLB,ITLB,9303804,1.0,9303801,1.0,3,0.0,0.0,1,0.0,9303804,9303801,1.0,3,0.0,0.0,1,0.0,948.5,None,0.0,0,0,0,0,1.0,9303801,3,cpu0_L1D,L1D,14144348,0.6292,12479772,0.8823,1664576,0.1177,16.6458,515514,0.0364,22480304,19668787,0.8749,2811517,0.1251,28.1152,1347168,0.0599,14739,0.0007,104,0.0071,14635,0.9929,0.1464,15,0.001,8321217,0.3702,7188911,0.8639,1132306,0.1361,11.3231,831639,0.0999,162.5,None,0.0,0,0,0,0,0.8823,12479772,1664576,cpu0_L1I,L1I,11269414,1.0,9301127,0.8253,1968287,0.1747,19.6829,790800,0.0702,11269414,9301127,0.8253,1968287,0.1747,19.6829,790800,0.0702,111.0,None,0.0,0,0,0,0,0.8253,9301127,1968287,cpu0_L2C,L2C,2326538,0.7542,1466388,0.6303,860150,0.3697,8.6015,0,0.0,300641,0.0975,104699,0.3483,195942,0.6517,1.9594,0,0.0,3084971,1944509,0.6303,1140462,0.3697,11.4046,0,0.0,14620,0.0047,2813,0.1924,11807,0.8076,0.1181,0,0.0,443172,0.1437,370609,0.8363,72563,0.1637,0.7256,0,0.0,304.9,None,0.0,0,0,0,0,0.598,1571087,1056092,LLC,LLC,860150,0.6521,41125,0.0478,819025,0.9522,8.1903,0,0.0,195942,0.1485,6796,0.0347,189146,0.9653,1.8915,0,0.0,1319146,81501,0.0618,1237645,0.9382,12.3765,0,0.0,11807,0.009,143,0.0121,11664,0.9879,0.1166,0,0.0,251247,0.1905,33437,0.1331,217810,0.8669,2.1781,0,0.0,268.5,None,0.0,0,0,0,0,0.0454,47921,1008171,cpu0_STLB,STLB,284893,1.0,278301,0.9769,6592,0.0231,0.0659,0,0.0,284893,278301,0.9769,6592,0.0231,0.0659,0,0.0,764.7,None,0.0,0,0,0,0,0.9769,278301,6592,32,0,0.4729,211479615,100000000,,core,1,core.1.v1.,v1,,l1d,n,l1d.n.v1.,v1,,l1i,n,l1i.n.v1.,v1,,l2c,n,l2c.n.v1.,v1,,llc,1,llc.1.v1.,v1,,memory,1,memory.1.v2.,v2,,tlbs,n,tlbs.n.v1.,v1,32,1,merced_032_1_032.raw,32,myscript_google,merced,0.0,0.0,/mnt/storage/traces/gtrace_v2_champsim_myscript/merced/merced.log,None,None,1,1,/mnt/storage/traces/gtrace_v2_champsim_myscript/merced/merced_0032.champsim.gz,0,0,True,
43.26,9.959,0.9422,6.769,0.8643,1.125,0.3378,0.294,0.5685,cpu0_DTLB,DTLB,22372058,1.0,21841099,0.9763,530959,0.0237,5.3096,221100,0.0099,22372058,21841099,0.9763,530959,0.0237,5.3096,221100,0.0099,22.5,None,0.0,0,0,0,0,0.9763,21841099,530959,cpu0_ITLB,ITLB,9331948,1.0,9331946,1.0,2,0.0,0.0,0,0.0,9331948,9331946,1.0,2,0.0,0.0,0,0.0,1022.0,None,0.0,0,0,0,0,1.0,9331946,2,cpu0_L1D,L1D,14793245,0.6288,13155516,0.8893,1637729,0.1107,16.3773,511769,0.0346,23526969,20836302,0.8856,2690667,0.1144,26.9067,1270106,0.054,17943,0.0008,112,0.0062,17831,0.9938,0.1783,11,0.0006,8715781,0.3705,7680674,0.8812,1035107,0.1188,10.3511,758326,0.087,169.9,None,0.0,0,0,0,0,0.8893,13155516,1637729,cpu0_L1I,L1I,11255189,1.0,9173847,0.8151,2081342,0.1849,20.8134,835136,0.0742,11255189,9173847,0.8151,2081342,0.1849,20.8134,835136,0.0742,98.85,None,0.0,0,0,0,0,0.8151,9173847,2081342,cpu0_L2C,L2C,2372160,0.7673,1535125,0.6471,837035,0.3529,8.3703,0,0.0,276764,0.0895,72565,0.2622,204199,0.7378,2.042,0,0.0,3091658,1958070,0.6333,1133588,0.3667,11.3359,0,0.0,17820,0.0058,3255,0.1827,14565,0.8173,0.1456,0,0.0,424914,0.1374,347125,0.8169,77789,0.1831,0.7779,0,0.0,303.0,None,0.0,0,0,0,0,0.6069,1607690,1041234,LLC,LLC,837035,0.634,54949,0.0656,782086,0.9344,7.8209,0,0.0,204199,0.1547,6758,0.0331,197441,0.9669,1.9744,0,0.0,1320171,97841,0.0741,1222330,0.9259,12.2233,0,0.0,14565,0.011,441,0.0303,14124,0.9697,0.1412,0,0.0,264372,0.2003,35693,0.135,228679,0.865,2.2868,0,0.0,268.7,None,0.0,0,0,0,0,0.0593,61707,979527,cpu0_STLB,STLB,309861,1.0,301841,0.9741,8020,0.0259,0.0802,0,0.0,309861,301841,0.9741,8020,0.0259,0.0802,0,0.0,675.3,None,0.0,0,0,0,0,0.9741,301841,8020,47,0,0.4769,209709330,100000001,,core,1,core.1.v1.,v1,,l1d,n,l1d.n.v1.,v1,,l1i,n,l1i.n.v1.,v1,,l2c,n,l2c.n.v1.,v1,,llc,1,llc.1.v1.,v1,,memory,1,memory.1.v2.,v2,,tlbs,n,tlbs.n.v1.,v1,47,1,merced_047_1_047.raw,47,myscript_google,merced,0.0,0.0,/mnt/storage/traces/gtrace_v2_champsim_myscript/merced/merced.log,None,None,1,1,/mnt/storage/traces/gtrace_v2_champsim_myscript/merced/merced_0047.champsim.gz,0,0,True,
63.44,7.127,0.9624,3.854,1.036,0.6647,0.4124,0.31,0.8501,cpu0_DTLB,DTLB,25786799,1.0,25126559,0.9744,660240,0.0256,6.6024,295238,0.0114,25786799,25126559,0.9744,660240,0.0256,6.6024,295238,0.0114,13.79,None,0.0,0,0,0,0,0.9744,25126559,660240,cpu0_ITLB,ITLB,11034095,1.0,11032435,0.9998,1660,0.0002,0.0166,1145,0.0001,11034095,11032435,0.9998,1660,0.0002,0.0166,1145,0.0001,27.2,None,0.0,0,0,0,0,0.9998,11032435,1660,cpu0_L1D,L1D,14732470,0.5366,13286742,0.9019,1445728,0.0981,14.4573,442339,0.03,27453504,24571214,0.895,2882290,0.105,28.8229,1531183,0.0558,9456,0.0003,129,0.0136,9327,0.9864,0.0933,91,0.0096,12711578,0.463,11284343,0.8877,1427235,0.1123,14.2723,1088753,0.0857,166.2,None,0.0,0,0,0,0,0.9019,13286742,1445728,cpu0_L1I,L1I,12966042,1.0,9708812,0.7488,3257230,0.2512,32.5723,1267347,0.0977,12966042,9708812,0.7488,3257230,0.2512,32.5723,1267347,0.0977,28.16,None,0.0,0,0,0,0,0.7488,9708812,3257230,cpu0_L2C,L2C,2993264,0.7703,2516007,0.8406,477257,0.1594,4.7726,0,0.0,338463,0.0871,92669,0.2738,245794,0.7262,2.4579,0,0.0,3885638,3072722,0.7908,812916,0.2092,8.1292,0,0.0,9236,0.0024,1477,0.1599,7759,0.8401,0.0776,0,0.0,544675,0.1402,462569,0.8493,82106,0.1507,0.8211,0,0.0,313.8,None,0.0,0,0,0,0,0.783,2608676,723051,LLC,LLC,477257,0.4387,45020,0.0943,432237,0.9057,4.3224,0,0.0,245793,0.2259,11192,0.0455,234601,0.9545,2.346,0,0.0,1087831,113001,0.1039,974830,0.8961,9.7483,0,0.0,7759,0.0071,236,0.0304,7523,0.9696,0.0752,0,0.0,357022,0.3282,56553,0.1584,300469,0.8416,3.0047,0,0.0,252.2,None,0.0,0,0,0,0,0.0777,56212,666838,cpu0_STLB,STLB,365517,1.0,361161,0.9881,4356,0.0119,0.0436,0,0.0,365517,361161,0.9881,4356,0.0119,0.0436,0,0.0,737.8,None,0.0,0,0,0,0,0.9881,361161,4356,18,0,0.6615,151178048,100000003,,core,1,core.1.v1.,v1,,l1d,n,l1d.n.v1.,v1,,l1i,n,l1i.n.v1.,v1,,l2c,n,l2c.n.v1.,v1,,llc,1,llc.1.v1.,v1,,memory,1,memory.1.v2.,v2,,tlbs,n,tlbs.n.v1.,v1,18,1,tango_018_1_018.raw,18,myscript_google,tango,0.0,0.0,/mnt/storage/traces/gtrace_v2_champsim_myscript/tango/tango.log,100000000,100000000,1,1,/mnt/storage/traces/gtrace_v2_champsim_myscript/tango/tango_0018.champsim.gz,0,0,True,
37.02,12.85,0.926,5.161,2.458,2.88,0.2985,0.4718,1.577,cpu0_DTLB,DTLB,28048899,1.0,27014051,0.9631,1034848,0.0369,10.3485,425538,0.0152,28048899,27014051,0.9631,1034848,0.0369,10.3485,425538,0.0152,12.02,None,0.0,0,0,0,0,0.9631,27014051,1034848,cpu0_ITLB,ITLB,12780797,1.0,12780550,1.0,247,0.0,0.0025,134,0.0,12780797,12780550,1.0,247,0.0,0.0025,134,0.0,382.7,None,0.0,0,0,0,0,1.0,12780550,247,cpu0_L1D,L1D,17004157,0.5721,14704974,0.8648,2299183,0.1352,22.9918,609453,0.0358,29720181,25336759,0.8525,4383422,0.1475,43.8342,1953998,0.0657,12990,0.0004,36,0.0028,12954,0.9972,0.1295,4,0.0003,12703034,0.4274,10631749,0.8369,2071285,0.1631,20.7128,1344541,0.1058,222.7,None,0.0,0,0,0,0,0.8648,14704974,2299183,cpu0_L1I,L1I,15452721,1.0,9560773,0.6187,5891948,0.3813,58.9195,2209585,0.143,15452721,9560773,0.6187,5891948,0.3813,58.9195,2209585,0.143,88.03,None,0.0,0,0,0,0,0.6187,9560773,5891948,cpu0_L2C,L2C,5372066,0.7423,3737799,0.6958,1634267,0.3042,16.3427,0,0.0,726660,0.1004,285268,0.3926,441392,0.6074,4.4139,0,0.0,7237527,4984341,0.6887,2253186,0.3113,22.5319,0,0.0,12950,0.0018,982,0.0758,11968,0.9242,0.1197,0,0.0,1125851,0.1556,960292,0.8529,165559,0.1471,1.6556,0,0.0,362.1,None,0.0,0,0,0,0,0.6597,4023067,2075659,LLC,LLC,1634267,0.5995,158560,0.097,1475707,0.903,14.7571,0,0.0,441392,0.1619,31214,0.0707,410178,0.9293,4.1018,0,0.0,2726264,293011,0.1075,2433253,0.8925,24.3325,0,0.0,11968,0.0044,371,0.031,11597,0.969,0.116,0,0.0,638637,0.2343,102866,0.1611,535771,0.8389,5.3577,0,0.0,323.4,None,0.0,0,0,0,0,0.0914,189774,1885885,cpu0_STLB,STLB,609423,1.0,602929,0.9893,6494,0.0107,0.0649,0,0.0,609423,602929,0.9893,6494,0.0107,0.0649,0,0.0,664.1,None,0.0,0,0,0,0,0.9893,602929,6494,21,0,0.3066,326170833,100000000,,core,1,core.1.v1.,v1,,l1d,n,l1d.n.v1.,v1,,l1i,n,l1i.n.v1.,v1,,l2c,n,l2c.n.v1.,v1,,llc,1,llc.1.v1.,v1,,memory,1,memory.1.v2.,v2,,tlbs,n,tlbs.n.v1.,v1,21,1,sierra.a.4_021_1_021.raw,21,myscript_google,sierra.a.4,0.0,0.0,/mnt/storage/traces/gtrace_v2_champsim_myscript/sierra.a.4/sierra.a.4.log,100000000,100000000,1,1,/mnt/storage/traces/gtrace_v2_champsim_myscript/sierra.a.4/sierra.a.4_0021.champsim.gz,0,0,True,
43.42,10.18,0.9457,6.054,1.477,0.8808,0.4823,0.4704,0.8159,cpu0_DTLB,DTLB,26685578,1.0,26166265,0.9805,519313,0.0195,5.1931,222770,0.0083,26685578,26166265,0.9805,519313,0.0195,5.1931,222770,0.0083,8.078,None,0.0,0,0,0,0,0.9805,26166265,519313,cpu0_ITLB,ITLB,9012896,1.0,9012808,1.0,88,0.0,0.0009,28,0.0,9012896,9012808,1.0,88,0.0,0.0009,28,0.0,139.0,None,0.0,0,0,0,0,1.0,9012808,88,cpu0_L1D,L1D,16619441,0.5896,14992630,0.9021,1626811,0.0979,16.2681,478564,0.0288,28187701,24874615,0.8825,3313086,0.1175,33.1309,1741879,0.0618,2308,0.0001,4,0.0017,2304,0.9983,0.023,2,0.0009,11565952,0.4103,9881981,0.8544,1683971,0.1456,16.8397,1263313,0.1092,203.5,None,0.0,0,0,0,0,0.9021,14992630,1626811,cpu0_L1I,L1I,10825618,1.0,8778157,0.8109,2047461,0.1891,20.4746,766487,0.0708,10825618,8778157,0.8109,2047461,0.1891,20.4746,766487,0.0708,135.7,None,0.0,0,0,0,0,0.8109,8778157,2047461,cpu0_L2C,L2C,2429212,0.7046,1426724,0.5873,1002488,0.4127,10.0249,0,0.0,420634,0.122,92475,0.2198,328159,0.7802,3.2816,0,0.0,3447515,1996461,0.5791,1451054,0.4209,14.5105,0,0.0,2302,0.0007,164,0.0712,2138,0.9288,0.0214,0,0.0,595367,0.1727,477098,0.8014,118269,0.1986,1.1827,0,0.0,324.6,None,0.0,0,0,0,0,0.5331,1519199,1330647,LLC,LLC,1002488,0.5712,147356,0.147,855132,0.853,8.5513,0,0.0,328159,0.187,7764,0.0237,320395,0.9763,3.2039,0,0.0,1754976,198179,0.1129,1556797,0.8871,15.568,0,0.0,2138,0.0012,12,0.0056,2126,0.9944,0.0213,0,0.0,422191,0.2406,43047,0.102,379144,0.898,3.7914,0,0.0,290.8,None,0.0,0,0,0,0,0.1166,155120,1175527,cpu0_STLB,STLB,296603,1.0,295483,0.9962,1120,0.0038,0.0112,0,0.0,296603,295483,0.9962,1120,0.0038,0.0112,0,0.0,821.1,None,0.0,0,0,0,0,0.9962,295483,1120,4,0,0.451,221731642,100000000,,core,1,core.1.v1.,v1,,l1d,n,l1d.n.v1.,v1,,l1i,n,l1i.n.v1.,v1,,l2c,n,l2c.n.v1.,v1,,llc,1,llc.1.v1.,v1,,memory,1,memory.1.v2.,v2,,tlbs,n,tlbs.n.v1.,v1,4,1,yankee_004_1_004.raw,4,myscript_google,yankee,0.0,0.0,/mnt/storage/traces/gtrace_v2_champsim_myscript/yankee/yankee.log,None,None,1,1,/mnt/storage/traces/gtrace_v2_champsim_myscript/yankee/yankee_0004.champsim.gz,0,0,True,
45.23,9.58,0.9474,5.641,1.407,0.8939,0.4599,0.406,0.7726,cpu0_DTLB,DTLB,26581902,1.0,26134349,0.9832,447553,0.0168,4.4755,192431,0.0072,26581902,26134349,0.9832,447553,0.0168,4.4755,192431,0.0072,7.824,None,0.0,0,0,0,0,0.9832,26134349,447553,cpu0_ITLB,ITLB,9155837,1.0,9155784,1.0,53,0.0,0.0005,8,0.0,9155837,9155784,1.0,53,0.0,0.0005,8,0.0,84.84,None,0.0,0,0,0,0,1.0,9155784,53,cpu0_L1D,L1D,16869089,0.6,15339987,0.9094,1529102,0.0906,15.291,466619,0.0277,28114536,24910869,0.886,3203667,0.114,32.0367,1708077,0.0608,1661,0.0001,5,0.003,1656,0.997,0.0166,0,0.0,11243786,0.3999,9570877,0.8512,1672909,0.1488,16.7291,1241458,0.1104,216.1,None,0.0,0,0,0,0,0.9094,15339987,1529102,cpu0_L1I,L1I,11117361,1.0,9154390,0.8234,1962971,0.1766,19.6297,741137,0.0667,11117361,9154390,0.8234,1962971,0.1766,19.6297,741137,0.0667,133.8,None,0.0,0,0,0,0,0.8234,9154390,1962971,cpu0_L2C,L2C,2284301,0.6891,1292380,0.5658,991921,0.4342,9.9192,0,0.0,431429,0.1301,93863,0.2176,337566,0.7824,3.3757,0,0.0,3315110,1865088,0.5626,1450022,0.4374,14.5002,0,0.0,1656,0.0005,87,0.0525,1569,0.9475,0.0157,0,0.0,597724,0.1803,478758,0.801,118966,0.199,1.1897,0,0.0,320.8,None,0.0,0,0,0,0,0.5104,1386243,1329487,LLC,LLC,991921,0.5632,168215,0.1696,823706,0.8304,8.2371,0,0.0,337566,0.1917,11953,0.0354,325613,0.9646,3.2561,0,0.0,1761222,228176,0.1296,1533046,0.8704,15.3305,0,0.0,1569,0.0009,11,0.007,1558,0.993,0.0156,0,0.0,430166,0.2442,47997,0.1116,382169,0.8884,3.8217,0,0.0,291.5,None,0.0,0,0,0,0,0.1355,180168,1149319,cpu0_STLB,STLB,255167,1.0,254353,0.9968,814,0.0032,0.0081,0,0.0,255167,254353,0.9968,814,0.0032,0.0081,0,0.0,888.3,None,0.0,0,0,0,0,0.9968,254353,814,17,0,0.459,217888472,100000000,,core,1,core.1.v1.,v1,,l1d,n,l1d.n.v1.,v1,,l1i,n,l1i.n.v1.,v1,,l2c,n,l2c.n.v1.,v1,,llc,1,llc.1.v1.,v1,,memory,1,memory.1.v2.,v2,,tlbs,n,tlbs.n.v1.,v1,17,1,yankee_017_1_017.raw,17,myscript_google,yankee,0.0,0.0,/mnt/storage/traces/gtrace_v2_champsim_myscript/yankee/yankee.log,None,None,1,1,/mnt/storage/traces/gtrace_v2_champsim_myscript/yankee/yankee_0017.champsim.gz,0,0,True,
45.51,9.749,0.9414,7.269,0.5768,1.072,0.2258,0.2177,0.3884,cpu0_DTLB,DTLB,20987169,1.0,20537602,0.9786,449567,0.0214,4.4957,192764,0.0092,20987169,20537602,0.9786,449567,0.0214,4.4957,192764,0.0092,27.73,None,0.0,0,0,0,0,0.9786,20537602,449567,cpu0_ITLB,ITLB,8730710,1.0,8730707,1.0,3,0.0,0.0,1,0.0,8730710,8730707,1.0,3,0.0,0.0,1,0.0,1040.0,None,0.0,0,0,0,0,1.0,8730707,3,cpu0_L1D,L1D,14230050,0.6447,12427518,0.8733,1802532,0.1267,18.0253,595361,0.0418,22071312,19237880,0.8716,2833432,0.1284,28.3343,1342365,0.0608,18075,0.0008,183,0.0101,17892,0.9899,0.1789,29,0.0016,7823187,0.3545,6810179,0.8705,1013008,0.1295,10.1301,746975,0.0955,168.6,None,0.0,0,0,0,0,0.8733,12427518,1802532,cpu0_L1I,L1I,10548943,1.0,8829642,0.837,1719301,0.163,17.193,693410,0.0657,10548943,8829642,0.837,1719301,0.163,17.193,693410,0.0657,93.31,None,0.0,0,0,0,0,0.837,8829642,1719301,cpu0_L2C,L2C,2233054,0.7641,1431360,0.641,801694,0.359,8.0169,0,0.0,266001,0.091,80684,0.3033,185317,0.6967,1.8532,0,0.0,2922534,1854270,0.6345,1068264,0.3655,10.6826,0,0.0,17863,0.0061,3484,0.195,14379,0.805,0.1438,0,0.0,405616,0.1388,338742,0.8351,66874,0.1649,0.6687,0,0.0,306.2,None,0.0,0,0,0,0,0.605,1512044,987011,LLC,LLC,801694,0.6463,35597,0.0444,766097,0.9556,7.661,0,0.0,185317,0.1494,6885,0.0372,178432,0.9628,1.7843,0,0.0,1240517,74551,0.0601,1165966,0.9399,11.6597,0,0.0,14379,0.0116,289,0.0201,14090,0.9799,0.1409,0,0.0,239127,0.1928,31780,0.1329,207347,0.8671,2.0735,0,0.0,268.3,None,0.0,0,0,0,0,0.043,42482,944529,cpu0_STLB,STLB,256805,1.0,248721,0.9685,8084,0.0315,0.0808,0,0.0,256805,248721,0.9685,8084,0.0315,0.0808,0,0.0,721.4,None,0.0,0,0,0,0,0.9685,248721,8084,57,0,0.478,209215523,100000004,,core,1,core.1.v1.,v1,,l1d,n,l1d.n.v1.,v1,,l1i,n,l1i.n.v1.,v1,,l2c,n,l2c.n.v1.,v1,,llc,1,llc.1.v1.,v1,,memory,1,memory.1.v2.,v2,,tlbs,n,tlbs.n.v1.,v1,57,1,merced_057_1_057.raw,57,myscript_google,merced,0.0,0.0,/mnt/storage/traces/gtrace_v2_champsim_myscript/merced/merced.log,None,None,1,1,/mnt/storage/traces/gtrace_v2_champsim_myscript/merced/merced_0057.champsim.gz,0,0,True,
68.21,6.228,0.9672,3.674,0.6566,0.5246,0.3484,0.2998,0.7251,cpu0_DTLB,DTLB,26117957,1.0,25423475,0.9734,694482,0.0266,6.9448,315168,0.0121,26117957,25423475,0.9734,694482,0.0266,6.9448,315168,0.0121,11.39,None,0.0,0,0,0,0,0.9734,25423475,694482,cpu0_ITLB,ITLB,11105551,1.0,11104441,0.9999,1110,0.0001,0.0111,754,0.0001,11105551,11104441,0.9999,1110,0.0001,0.0111,754,0.0001,37.2,None,0.0,0,0,0,0,0.9999,11104441,1110,cpu0_L1D,L1D,14981140,0.5361,13353771,0.8914,1627369,0.1086,16.2737,507892,0.0339,27947199,24633192,0.8814,3314007,0.1186,33.1401,1786421,0.0639,6766,0.0002,76,0.0112,6690,0.9888,0.0669,55,0.0081,12959293,0.4637,11279345,0.8704,1679948,0.1296,16.7995,1278474,0.0987,174.4,None,0.0,0,0,0,0,0.8914,13353771,1627369,cpu0_L1I,L1I,13131805,1.0,9649309,0.7348,3482496,0.2652,34.825,1399239,0.1066,13131805,9649309,0.7348,3482496,0.2652,34.825,1399239,0.1066,31.03,None,0.0,0,0,0,0,0.7348,9649309,3482496,cpu0_L2C,L2C,3202713,0.7569,2650515,0.8276,552198,0.1724,5.522,0,0.0,401448,0.0949,110923,0.2763,290525,0.7237,2.9052,0,0.0,4231334,3286233,0.7766,945101,0.2234,9.451,0,0.0,6635,0.0016,1094,0.1649,5541,0.8351,0.0554,0,0.0,620538,0.1467,523701,0.8439,96837,0.1561,0.9684,0,0.0,321.2,None,0.0,0,0,0,0,0.7662,2761438,842723,LLC,LLC,552198,0.4376,32858,0.0595,519340,0.9405,5.1934,0,0.0,290525,0.2302,11198,0.0385,279327,0.9615,2.7933,0,0.0,1261877,93392,0.074,1168485,0.926,11.6848,0,0.0,5541,0.0044,73,0.0132,5468,0.9868,0.0547,0,0.0,413613,0.3278,49263,0.1191,364350,0.8809,3.6435,0,0.0,250.7,None,0.0,0,0,0,0,0.0523,44056,798667,cpu0_STLB,STLB,379670,1.0,376538,0.9918,3132,0.0082,0.0313,0,0.0,379670,376538,0.9918,3132,0.0082,0.0313,0,0.0,776.2,None,0.0,0,0,0,0,0.9918,376538,3132,3,0,0.6044,165442082,100000004,,core,1,core.1.v1.,v1,,l1d,n,l1d.n.v1.,v1,,l1i,n,l1i.n.v1.,v1,,l2c,n,l2c.n.v1.,v1,,llc,1,llc.1.v1.,v1,,memory,1,memory.1.v2.,v2,,tlbs,n,tlbs.n.v1.,v1,3,1,tango_003_1_003.raw,3,myscript_google,tango,0.0,0.0,/mnt/storage/traces/gtrace_v2_champsim_myscript/tango/tango.log,100000000,100000000,1,1,/mnt/storage/traces/gtrace_v2_champsim_myscript/tango/tango_0003.champsim.gz,0,0,True,
69.22,7.423,0.9619,3.031,1.149,1.681,0.2514,0.3201,0.9908,cpu0_DTLB,DTLB,26514766,1.0,25579237,0.9647,935529,0.0353,9.3553,382244,0.0144,26514766,25579237,0.9647,935529,0.0353,9.3553,382244,0.0144,5.32,None,0.0,0,0,0,0,0.9647,25579237,935529,cpu0_ITLB,ITLB,13270157,1.0,13270151,1.0,6,0.0,0.0001,2,0.0,13270157,13270151,1.0,6,0.0,0.0001,2,0.0,1190.0,None,0.0,0,0,0,0,1.0,13270151,6,cpu0_L1D,L1D,15556778,0.5474,13490060,0.8671,2066718,0.1329,20.6672,561664,0.0361,28421242,24623825,0.8664,3797417,0.1336,37.9742,1806260,0.0636,359,0.0,0,0.0,359,1.0,0.0036,1,0.0028,12864105,0.4526,11133765,0.8655,1730340,0.1345,17.3034,1244595,0.0967,131.2,None,0.0,0,0,0,0,0.8671,13490060,2066718,cpu0_L1I,L1I,16106727,1.0,8567269,0.5319,7539458,0.4681,75.3946,3053827,0.1896,16106727,8567269,0.5319,7539458,0.4681,75.3946,3053827,0.1896,31.16,None,0.0,0,0,0,0,0.5319,8567269,7539458,cpu0_L2C,L2C,5990654,0.8175,5191364,0.8666,799290,0.1334,7.9929,0,0.0,485701,0.0663,231349,0.4763,254352,0.5237,2.5435,0,0.0,7327666,6178290,0.8431,1149376,0.1569,11.4938,0,0.0,358,0.0,4,0.0112,354,0.9888,0.0035,0,0.0,850953,0.1161,755573,0.8879,95380,0.1121,0.9538,0,0.0,306.5,None,0.0,0,0,0,0,0.8373,5422713,1053642,LLC,LLC,799290,0.5356,73548,0.092,725742,0.908,7.2574,0,0.0,254352,0.1704,19872,0.0781,234480,0.9219,2.3448,0,0.0,1492281,185423,0.1243,1306858,0.8757,13.0686,0,0.0,354,0.0002,3,0.0085,351,0.9915,0.0035,0,0.0,438285,0.2937,92000,0.2099,346285,0.7901,3.4628,0,0.0,258.9,None,0.0,0,0,0,0,0.0887,93420,960222,cpu0_STLB,STLB,553289,1.0,553110,0.9997,179,0.0003,0.0018,0,0.0,553289,553110,0.9997,179,0.0003,0.0018,0,0.0,1012.0,None,0.0,0,0,0,0,0.9997,553110,179,15,0,0.5535,180680621,100000001,,core,1,core.1.v1.,v1,,l1d,n,l1d.n.v1.,v1,,l1i,n,l1i.n.v1.,v1,,l2c,n,l2c.n.v1.,v1,,llc,1,llc.1.v1.,v1,,memory,1,memory.1.v2.,v2,,tlbs,n,tlbs.n.v1.,v1,15,1,sierra.a.6_015_1_015.raw,15,myscript_google,sierra.a.6,0.0,0.0,/mnt/storage/traces/gtrace_v2_champsim_myscript/sierra.a.6/sierra.a.6.log,100000000,100000000,1,1,/mnt/storage/traces/gtrace_v2_champsim_myscript/sierra.a.6/sierra.a.6_0015.champsim.gz,0,0,True,
52.13,9.325,0.948,3.917,1.595,2.098,0.2437,0.3647,1.107,cpu0_DTLB,DTLB,27171755,1.0,26184188,0.9637,987567,0.0363,9.8757,407577,0.015,27171755,26184188,0.9637,987567,0.0363,9.8757,407577,0.015,7.538,None,0.0,0,0,0,0,0.9637,26184188,987567,cpu0_ITLB,ITLB,13076519,1.0,13076400,1.0,119,0.0,0.0012,52,0.0,13076519,13076400,1.0,119,0.0,0.0012,52,0.0,281.1,None,0.0,0,0,0,0,1.0,13076400,119,cpu0_L1D,L1D,16361161,0.5634,14397584,0.88,1963577,0.12,19.6358,504527,0.0308,29042387,25125555,0.8651,3916832,0.1349,39.1683,1775543,0.0611,3616,0.0001,1,0.0003,3615,0.9997,0.0361,1,0.0003,12677610,0.4365,10727970,0.8462,1949640,0.1538,19.4964,1271015,0.1003,148.0,None,0.0,0,0,0,0,0.88,14397584,1963577,cpu0_L1I,L1I,16012081,1.0,9460458,0.5908,6551623,0.4092,65.5162,2557357,0.1597,16012081,9460458,0.5908,6551623,0.4092,65.5162,2557357,0.1597,48.12,None,0.0,0,0,0,0,0.5908,9460458,6551623,cpu0_L2C,L2C,5453273,0.7624,4496260,0.8245,957013,0.1755,9.5701,0,0.0,678558,0.0949,381025,0.5615,297533,0.4385,2.9753,0,0.0,7153151,5795110,0.8101,1358041,0.1899,13.5804,0,0.0,3614,0.0005,284,0.0786,3330,0.9214,0.0333,0,0.0,1017706,0.1423,917541,0.9016,100165,0.0984,1.0016,0,0.0,338.2,None,0.0,0,0,0,0,0.7954,4877285,1254546,LLC,LLC,957013,0.5652,88371,0.0923,868642,0.9077,8.6864,0,0.0,297533,0.1757,33681,0.1132,263852,0.8868,2.6385,0,0.0,1693235,215702,0.1274,1477533,0.8726,14.7753,0,0.0,3330,0.002,23,0.0069,3307,0.9931,0.0331,0,0.0,435359,0.2571,93627,0.2151,341732,0.7849,3.4173,0,0.0,299.1,None,0.0,0,0,0,0,0.0973,122052,1132494,cpu0_STLB,STLB,580057,1.0,578249,0.9969,1808,0.0031,0.0181,0,0.0,580057,578249,0.9969,1808,0.0031,0.0181,0,0.0,823.2,None,0.0,0,0,0,0,0.9969,578249,1808,10,0,0.4741,210936472,100000001,,core,1,core.1.v1.,v1,,l1d,n,l1d.n.v1.,v1,,l1i,n,l1i.n.v1.,v1,,l2c,n,l2c.n.v1.,v1,,llc,1,llc.1.v1.,v1,,memory,1,memory.1.v2.,v2,,tlbs,n,tlbs.n.v1.,v1,10,1,sierra.a.3_010_1_010.raw,10,myscript_google,sierra.a.3,0.0,0.0,/mnt/storage/traces/gtrace_v2_champsim_myscript/sierra.a.3/sierra.a.3.log,100000000,100000000,1,1,/mnt/storage/traces/gtrace_v2_champsim_myscript/sierra.a.3/sierra.a.3_0010.champsim.gz,0,0,True,
42.93,9.869,0.9417,6.807,0.8304,1.206,0.2321,0.2579,0.536,cpu0_DTLB,DTLB,22319170,1.0,21736586,0.9739,582584,0.0261,5.8258,243498,0.0109,22319170,21736586,0.9739,582584,0.0261,5.8258,243498,0.0109,23.81,None,0.0,0,0,0,0,0.9739,21736586,582584,cpu0_ITLB,ITLB,9531358,1.0,9531348,1.0,10,0.0,0.0001,4,0.0,9531358,9531348,1.0,10,0.0,0.0001,4,0.0,1164.0,None,0.0,0,0,0,0,1.0,9531348,10,cpu0_L1D,L1D,15158696,0.6417,13384262,0.8829,1774434,0.1171,17.7443,538960,0.0356,23622599,20806264,0.8808,2816335,0.1192,28.1634,1285567,0.0544,19770,0.0008,163,0.0082,19607,0.9918,0.1961,32,0.0016,8444133,0.3575,7421839,0.8789,1022294,0.1211,10.2229,746575,0.0884,158.7,None,0.0,0,0,0,0,0.8829,13384262,1774434,cpu0_L1I,L1I,11528855,1.0,9307590,0.8073,2221265,0.1927,22.2127,906900,0.0787,11528855,9307590,0.8073,2221265,0.1927,22.2127,906900,0.0787,94.35,None,0.0,0,0,0,0,0.8073,9307590,2221265,cpu0_L2C,L2C,2549817,0.7781,1686219,0.6613,863598,0.3387,8.636,0,0.0,275693,0.0841,81755,0.2965,193938,0.7035,1.9394,0,0.0,3276783,2130441,0.6502,1146342,0.3498,11.4634,0,0.0,19575,0.006,4101,0.2095,15474,0.7905,0.1547,0,0.0,431698,0.1317,358366,0.8301,73332,0.1699,0.7333,0,0.0,300.5,None,0.0,0,0,0,0,0.6257,1767974,1057536,LLC,LLC,863598,0.6511,49815,0.0577,813783,0.9423,8.1378,0,0.0,193938,0.1462,7454,0.0384,186484,0.9616,1.8648,0,0.0,1326378,93306,0.0703,1233072,0.9297,12.3307,0,0.0,15474,0.0117,367,0.0237,15107,0.9763,0.1511,0,0.0,253368,0.191,35670,0.1408,217698,0.8592,2.177,0,0.0,266.9,None,0.0,0,0,0,0,0.0542,57269,1000267,cpu0_STLB,STLB,339092,1.0,330266,0.974,8826,0.026,0.0883,0,0.0,339092,330266,0.974,8826,0.026,0.0883,0,0.0,722.3,None,0.0,0,0,0,0,0.974,330266,8826,21,0,0.4626,216171713,100000000,,core,1,core.1.v1.,v1,,l1d,n,l1d.n.v1.,v1,,l1i,n,l1i.n.v1.,v1,,l2c,n,l2c.n.v1.,v1,,llc,1,llc.1.v1.,v1,,memory,1,memory.1.v2.,v2,,tlbs,n,tlbs.n.v1.,v1,21,1,merced_021_1_021.raw,21,myscript_google,merced,0.0,0.0,/mnt/storage/traces/gtrace_v2_champsim_myscript/merced/merced.log,None,None,1,1,/mnt/storage/traces/gtrace_v2_champsim_myscript/merced/merced_0021.champsim.gz,0,0,True,
92.53,3.714,0.9796,2.749,0.1067,0.3975,0.1567,0.0657,0.2384,cpu0_DTLB,DTLB,26057411,1.0,25616102,0.9831,441309,0.0169,4.4131,216253,0.0083,26057411,25616102,0.9831,441309,0.0169,4.4131,216253,0.0083,6.262,None,0.0,0,0,0,0,0.9831,25616102,441309,cpu0_ITLB,ITLB,10270394,1.0,10270347,1.0,47,0.0,0.0005,27,0.0,10270394,10270347,1.0,47,0.0,0.0005,27,0.0,142.6,None,0.0,0,0,0,0,1.0,10270347,47,cpu0_L1D,L1D,16490608,0.5983,10592159,0.6423,5898449,0.3577,58.9845,2263876,0.1373,27563823,20641162,0.7488,6922661,0.2512,69.2266,3090549,0.1121,644,0.0,24,0.0373,620,0.9627,0.0062,1,0.0016,11072571,0.4017,10048979,0.9076,1023592,0.0924,10.2359,826672,0.0747,263.4,None,0.0,0,0,0,0,0.6423,10592159,5898449,cpu0_L1I,L1I,11942384,1.0,11405117,0.955,537267,0.045,5.3727,207457,0.0174,11942384,11405117,0.955,537267,0.045,5.3727,207457,0.0174,115.7,None,0.0,0,0,0,0,0.955,11405117,537267,cpu0_L2C,L2C,3964378,0.784,1352245,0.3411,2612133,0.6589,26.1213,0,0.0,196909,0.0389,39210,0.1991,157699,0.8009,1.577,0,0.0,5056287,2173580,0.4299,2882707,0.5701,28.8271,0,0.0,619,0.0001,90,0.1454,529,0.8546,0.0053,0,0.0,894381,0.1769,782035,0.8744,112346,0.1256,1.1235,0,0.0,351.1,None,0.0,0,0,0,0,0.3344,1391455,2769832,LLC,LLC,2612133,0.8345,42265,0.0162,2569868,0.9838,25.6987,0,0.0,157699,0.0504,2867,0.0182,154832,0.9818,1.5483,0,0.0,3130007,76517,0.0244,3053490,0.9756,30.5349,0,0.0,529,0.0002,1,0.0019,528,0.9981,0.0053,0,0.0,359646,0.1149,31384,0.0873,328262,0.9127,3.2826,0,0.0,317.8,None,0.0,0,0,0,0,0.0163,45132,2724700,cpu0_STLB,STLB,225076,1.0,224756,0.9986,320,0.0014,0.0032,0,0.0,225076,224756,0.9986,320,0.0014,0.0032,0,0.0,894.8,None,0.0,0,0,0,0,0.9986,224756,320,6,0,0.2449,408287277,100000000,,core,1,core.1.v1.,v1,,l1d,n,l1d.n.v1.,v1,,l1i,n,l1i.n.v1.,v1,,l2c,n,l2c.n.v1.,v1,,llc,1,llc.1.v1.,v1,,memory,1,memory.1.v2.,v2,,tlbs,n,tlbs.n.v1.,v1,6,1,tango_006_1_006.raw,6,myscript_google,tango,0.0,0.0,/mnt/storage/traces/gtrace_v2_champsim_myscript/tango/tango.log,100000000,100000000,1,1,/mnt/storage/traces/gtrace_v2_champsim_myscript/tango/tango_0006.champsim.gz,0,0,True,
62.86,7.611,0.9601,4.157,1.094,0.7114,0.437,0.3315,0.8805,cpu0_DTLB,DTLB,26050116,1.0,25341938,0.9728,708178,0.0272,7.0818,325635,0.0125,26050116,25341938,0.9728,708178,0.0272,7.0818,325635,0.0125,14.51,None,0.0,0,0,0,0,0.9728,25341938,708178,cpu0_ITLB,ITLB,10662025,1.0,10660534,0.9999,1491,0.0001,0.0149,1017,0.0001,10662025,10660534,0.9999,1491,0.0001,0.0149,1017,0.0001,31.22,None,0.0,0,0,0,0,0.9999,10660534,1491,cpu0_L1D,L1D,14849784,0.5345,13352901,0.8992,1496883,0.1008,14.9688,449182,0.0302,27781481,24697451,0.889,3084030,0.111,30.8403,1655327,0.0596,10953,0.0004,143,0.0131,10810,0.9869,0.1081,89,0.0081,12920744,0.4651,11344407,0.878,1576337,0.122,15.7634,1206056,0.0933,167.9,None,0.0,0,0,0,0,0.8992,13352901,1496883,cpu0_L1I,L1I,12564476,1.0,9132166,0.7268,3432310,0.2732,34.3231,1335867,0.1063,12564476,9132166,0.7268,3432310,0.2732,34.3231,1335867,0.1063,27.13,None,0.0,0,0,0,0,0.7268,9132166,3432310,cpu0_L2C,L2C,3144128,0.7664,2662497,0.8468,481631,0.1532,4.8163,0,0.0,370249,0.0903,99763,0.2694,270486,0.7306,2.7049,0,0.0,4102256,3254105,0.7932,848151,0.2068,8.4815,0,0.0,10721,0.0026,1797,0.1676,8924,0.8324,0.0892,0,0.0,577158,0.1407,490048,0.8491,87110,0.1509,0.8711,0,0.0,318.2,None,0.0,0,0,0,0,0.786,2762260,752117,LLC,LLC,481631,0.4228,45747,0.095,435884,0.905,4.3588,0,0.0,270486,0.2374,12787,0.0473,257699,0.9527,2.577,0,0.0,1139233,117004,0.1027,1022229,0.8973,10.2223,0,0.0,8924,0.0078,203,0.0227,8721,0.9773,0.0872,0,0.0,378192,0.332,58267,0.1541,319925,0.8459,3.1992,0,0.0,254.6,None,0.0,0,0,0,0,0.0778,58534,693583,cpu0_STLB,STLB,383017,1.0,377937,0.9867,5080,0.0133,0.0508,0,0.0,383017,377937,0.9867,5080,0.0133,0.0508,0,0.0,717.3,None,0.0,0,0,0,0,0.9867,377937,5080,36,0,0.6439,155303716,100000001,,core,1,core.1.v1.,v1,,l1d,n,l1d.n.v1.,v1,,l1i,n,l1i.n.v1.,v1,,l2c,n,l2c.n.v1.,v1,,llc,1,llc.1.v1.,v1,,memory,1,memory.1.v2.,v2,,tlbs,n,tlbs.n.v1.,v1,36,1,tango_036_1_036.raw,36,myscript_google,tango,0.0,0.0,/mnt/storage/traces/gtrace_v2_champsim_myscript/tango/tango.log,100000000,100000000,1,1,/mnt/storage/traces/gtrace_v2_champsim_myscript/tango/tango_0036.champsim.gz,0,0,True,
74.44,1.694,0.982,1.137,0.0694,0.1269,0.0528,0.0512,0.2567,cpu0_DTLB,DTLB,23636937,1.0,23363464,0.9884,273473,0.0116,2.7347,129113,0.0055,23636937,23363464,0.9884,273473,0.0116,2.7347,129113,0.0055,22.71,None,0.0,0,0,0,0,0.9884,23363464,273473,cpu0_ITLB,ITLB,16310984,1.0,16310982,1.0,2,0.0,0.0,1,0.0,16310984,16310982,1.0,2,0.0,0.0,1,0.0,5.0,None,0.0,0,0,0,0,1.0,16310982,2,cpu0_L1D,L1D,14503628,0.5573,11830560,0.8157,2673068,0.1843,26.7307,630802,0.0435,26023327,21729030,0.835,4294297,0.165,42.943,1847511,0.071,9859,0.0004,98,0.0099,9761,0.9901,0.0976,0,0.0,11509840,0.4423,9898372,0.86,1611468,0.14,16.1147,1216709,0.1057,326.3,None,0.0,0,0,0,0,0.8157,11830560,2673068,cpu0_L1I,L1I,18316221,1.0,16880134,0.9216,1436087,0.0784,14.3609,623415,0.034,18316221,16880134,0.9216,1436087,0.0784,14.3609,623415,0.034,43.4,None,0.0,0,0,0,0,0.9216,16880134,1436087,cpu0_L2C,L2C,2854931,0.7475,1141467,0.3998,1713464,0.6002,17.1346,0,0.0,394752,0.1034,59590,0.151,335162,0.849,3.3516,0,0.0,3819383,1678069,0.4394,2141314,0.5606,21.4131,0,0.0,9761,0.0026,1870,0.1916,7891,0.8084,0.0789,0,0.0,559939,0.1466,475142,0.8486,84797,0.1514,0.848,0,0.0,376.6,None,0.0,0,0,0,0,0.3696,1201057,2048626,LLC,LLC,1713464,0.6937,30409,0.0177,1683055,0.9823,16.8305,0,0.0,335162,0.1357,8564,0.0256,326598,0.9744,3.266,0,0.0,2470053,82780,0.0335,2387273,0.9665,23.8727,0,0.0,7891,0.0032,166,0.021,7725,0.979,0.0772,0,0.0,413536,0.1674,43641,0.1055,369895,0.8945,3.6989,0,0.0,325.3,None,0.0,0,0,0,0,0.019,38973,2009653,cpu0_STLB,STLB,144361,1.0,139435,0.9659,4926,0.0341,0.0493,0,0.0,144361,139435,0.9659,4926,0.0341,0.0493,0,0.0,517.9,None,0.0,0,0,0,0,0.9659,139435,4926,2,0,0.2988,334627409,100000003,,core,1,core.1.v1.,v1,,l1d,n,l1d.n.v1.,v1,,l1i,n,l1i.n.v1.,v1,,l2c,n,l2c.n.v1.,v1,,llc,1,llc.1.v1.,v1,,memory,1,memory.1.v2.,v2,,tlbs,n,tlbs.n.v1.,v1,2,1,delta_002_1_002.raw,2,myscript_google,delta,0.0,0.0,/mnt/storage/traces/gtrace_v2_champsim_myscript/delta/delta.log,100000000,100000000,1,1,/mnt/storage/traces/gtrace_v2_champsim_myscript/delta/delta_0002.champsim.gz,0,0,True,
43.84,9.453,0.9443,6.046,1.178,0.8108,0.378,0.382,0.6588,cpu0_DTLB,DTLB,26739613,1.0,26317059,0.9842,422554,0.0158,4.2255,179066,0.0067,26739613,26317059,0.9842,422554,0.0158,4.2255,179066,0.0067,8.858,None,0.0,0,0,0,0,0.9842,26317059,422554,cpu0_ITLB,ITLB,9061025,1.0,9060997,1.0,28,0.0,0.0003,6,0.0,9061025,9060997,1.0,28,0.0,0.0003,6,0.0,123.5,None,0.0,0,0,0,0,1.0,9060997,28,cpu0_L1D,L1D,16482692,0.5761,15073528,0.9145,1409164,0.0855,14.0916,433207,0.0263,28612167,25710801,0.8986,2901366,0.1014,29.0137,1548873,0.0541,2355,0.0001,5,0.0021,2350,0.9979,0.0235,0,0.0,12127120,0.4238,10637268,0.8771,1489852,0.1229,14.8985,1115666,0.092,214.6,None,0.0,0,0,0,0,0.9145,15073528,1409164,cpu0_L1I,L1I,10949535,1.0,9050806,0.8266,1898729,0.1734,18.9873,727799,0.0665,10949535,9050806,0.8266,1898729,0.1734,18.9873,727799,0.0665,140.3,None,0.0,0,0,0,0,0.8266,9050806,1898729,cpu0_L2C,L2C,2146873,0.7014,1236559,0.576,910314,0.424,9.1031,0,0.0,374161,0.1222,91220,0.2438,282941,0.7562,2.8294,0,0.0,3060646,1759678,0.5749,1300968,0.4251,13.0097,0,0.0,2350,0.0008,154,0.0655,2196,0.9345,0.022,0,0.0,537262,0.1755,431745,0.8036,105517,0.1964,1.0552,0,0.0,334.0,None,0.0,0,0,0,0,0.5267,1327779,1193255,LLC,LLC,910314,0.5794,79067,0.0869,831247,0.9131,8.3125,0,0.0,282941,0.1801,12889,0.0456,270052,0.9544,2.7005,0,0.0,1571076,139753,0.089,1431323,0.911,14.3132,0,0.0,2196,0.0014,10,0.0046,2186,0.9954,0.0219,0,0.0,375625,0.2391,47787,0.1272,327838,0.8728,3.2784,0,0.0,292.1,None,0.0,0,0,0,0,0.0771,91956,1101299,cpu0_STLB,STLB,243510,1.0,242366,0.9953,1144,0.0047,0.0114,0,0.0,243510,242366,0.9953,1144,0.0047,0.0114,0,0.0,822.2,None,0.0,0,0,0,0,0.9953,242366,1144,37,0,0.4801,208303638,100000001,,core,1,core.1.v1.,v1,,l1d,n,l1d.n.v1.,v1,,l1i,n,l1i.n.v1.,v1,,l2c,n,l2c.n.v1.,v1,,llc,1,llc.1.v1.,v1,,memory,1,memory.1.v2.,v2,,tlbs,n,tlbs.n.v1.,v1,37,1,yankee_037_1_037.raw,37,myscript_google,yankee,0.0,0.0,/mnt/storage/traces/gtrace_v2_champsim_myscript/yankee/yankee.log,None,None,1,1,/mnt/storage/traces/gtrace_v2_champsim_myscript/yankee/yankee_0037.champsim.gz,0,0,True,
42.24,11.19,0.9393,6.221,1.79,0.9848,0.5879,0.5456,1.059,cpu0_DTLB,DTLB,27292639,1.0,26736120,0.9796,556519,0.0204,5.5652,233436,0.0086,27292639,26736120,0.9796,556519,0.0204,5.5652,233436,0.0086,8.796,None,0.0,0,0,0,0,0.9796,26736120,556519,cpu0_ITLB,ITLB,9054665,1.0,9054549,1.0,116,0.0,0.0012,53,0.0,9054665,9054549,1.0,116,0.0,0.0012,53,0.0,184.2,None,0.0,0,0,0,0,1.0,9054549,116,cpu0_L1D,L1D,16703592,0.5787,14976502,0.8966,1727090,0.1034,17.2709,513625,0.0307,28865022,25319896,0.8772,3545126,0.1228,35.4513,1875611,0.065,3103,0.0001,21,0.0068,3082,0.9932,0.0308,4,0.0013,12158327,0.4212,10343373,0.8507,1814954,0.1493,18.1495,1361982,0.112,204.3,None,0.0,0,0,0,0,0.8966,14976502,1727090,cpu0_L1I,L1I,10903128,1.0,8410621,0.7714,2492507,0.2286,24.9251,935656,0.0858,10903128,8410621,0.7714,2492507,0.2286,24.9251,935656,0.0858,124.8,None,0.0,0,0,0,0,0.7714,8410621,2492507,cpu0_L2C,L2C,2770300,0.7167,1639331,0.5918,1130969,0.4082,11.3097,0,0.0,452950,0.1172,109591,0.2419,343359,0.7581,3.4336,0,0.0,3865550,2266598,0.5864,1598952,0.4136,15.9895,0,0.0,3078,0.0008,237,0.077,2841,0.923,0.0284,0,0.0,639222,0.1654,517439,0.8095,121783,0.1905,1.2178,0,0.0,318.8,None,0.0,0,0,0,0,0.5426,1748922,1474328,LLC,LLC,1130969,0.5892,170316,0.1506,960653,0.8494,9.6065,0,0.0,343359,0.1789,7523,0.0219,335836,0.9781,3.3584,0,0.0,1919352,226984,0.1183,1692368,0.8817,16.9237,0,0.0,2841,0.0015,11,0.0039,2830,0.9961,0.0283,0,0.0,442183,0.2304,49134,0.1111,393049,0.8889,3.9305,0,0.0,289.2,None,0.0,0,0,0,0,0.1206,177839,1296489,cpu0_STLB,STLB,323146,1.0,321712,0.9956,1434,0.0044,0.0143,0,0.0,323146,321712,0.9956,1434,0.0044,0.0143,0,0.0,862.1,None,0.0,0,0,0,0,0.9956,321712,1434,61,0,0.4092,244390675,100000000,,core,1,core.1.v1.,v1,,l1d,n,l1d.n.v1.,v1,,l1i,n,l1i.n.v1.,v1,,l2c,n,l2c.n.v1.,v1,,llc,1,llc.1.v1.,v1,,memory,1,memory.1.v2.,v2,,tlbs,n,tlbs.n.v1.,v1,61,1,yankee_061_1_061.raw,61,myscript_google,yankee,0.0,0.0,/mnt/storage/traces/gtrace_v2_champsim_myscript/yankee/yankee.log,None,None,1,1,/mnt/storage/traces/gtrace_v2_champsim_myscript/yankee/yankee_0061.champsim.gz,0,0,True,
65.24,6.594,0.9636,3.171,0.8885,1.316,0.2063,0.2388,0.7734,cpu0_DTLB,DTLB,26316570,1.0,25536976,0.9704,779594,0.0296,7.7959,316683,0.012,26316570,25536976,0.9704,779594,0.0296,7.7959,316683,0.012,5.402,None,0.0,0,0,0,0,0.9704,25536976,779594,cpu0_ITLB,ITLB,12600037,1.0,12600030,1.0,7,0.0,0.0001,1,0.0,12600037,12600030,1.0,7,0.0,0.0001,1,0.0,977.2,None,0.0,0,0,0,0,1.0,12600030,7,cpu0_L1D,L1D,15293273,0.5421,13410800,0.8769,1882473,0.1231,18.8247,535029,0.035,28209986,24689707,0.8752,3520279,0.1248,35.2028,1745459,0.0619,370,0.0,1,0.0027,369,0.9973,0.0037,0,0.0,12916343,0.4579,11278906,0.8732,1637437,0.1268,16.3744,1210430,0.0937,150.0,None,0.0,0,0,0,0,0.8769,13410800,1882473,cpu0_L1I,L1I,15258088,1.0,9478876,0.6212,5779212,0.3788,57.7921,2327062,0.1525,15258088,9478876,0.6212,5779212,0.3788,57.7921,2327062,0.1525,45.47,None,0.0,0,0,0,0,0.6212,9478876,5779212,cpu0_L2C,L2C,4799560,0.801,3914763,0.8157,884797,0.1843,8.848,0,0.0,426974,0.0713,185886,0.4354,241088,0.5646,2.4109,0,0.0,5992331,4774054,0.7967,1218277,0.2033,12.1828,0,0.0,369,0.0001,12,0.0325,357,0.9675,0.0036,0,0.0,765428,0.1277,673393,0.8798,92035,0.1202,0.9203,0,0.0,314.7,None,0.0,0,0,0,0,0.7846,4100649,1125885,LLC,LLC,884797,0.5764,73603,0.0832,811194,0.9168,8.1119,0,0.0,241088,0.1571,19116,0.0793,221972,0.9207,2.2197,0,0.0,1534929,172064,0.1121,1362865,0.8879,13.6286,0,0.0,357,0.0002,8,0.0224,349,0.9776,0.0035,0,0.0,408687,0.2663,79337,0.1941,329350,0.8059,3.2935,0,0.0,270.1,None,0.0,0,0,0,0,0.0824,92719,1033166,cpu0_STLB,STLB,462917,1.0,462733,0.9996,184,0.0004,0.0018,0,0.0,462917,462733,0.9996,184,0.0004,0.0018,0,0.0,1039.0,None,0.0,0,0,0,0,0.9996,462733,184,13,0,0.5259,190156795,100000003,,core,1,core.1.v1.,v1,,l1d,n,l1d.n.v1.,v1,,l1i,n,l1i.n.v1.,v1,,l2c,n,l2c.n.v1.,v1,,llc,1,llc.1.v1.,v1,,memory,1,memory.1.v2.,v2,,tlbs,n,tlbs.n.v1.,v1,13,1,sierra.a.6_013_1_013.raw,13,myscript_google,sierra.a.6,0.0,0.0,/mnt/storage/traces/gtrace_v2_champsim_myscript/sierra.a.6/sierra.a.6.log,100000000,100000000,1,1,/mnt/storage/traces/gtrace_v2_champsim_myscript/sierra.a.6/sierra.a.6_0013.champsim.gz,0,0,True,
43.52,10.51,0.9427,5.939,1.605,0.8688,0.6067,0.553,0.9414,cpu0_DTLB,DTLB,26973663,1.0,26425190,0.9797,548473,0.0203,5.4847,233526,0.0087,26973663,26425190,0.9797,548473,0.0203,5.4847,233526,0.0087,9.708,None,0.0,0,0,0,0,0.9797,26425190,548473,cpu0_ITLB,ITLB,8982986,1.0,8982878,1.0,108,0.0,0.0011,51,0.0,8982986,8982878,1.0,108,0.0,0.0011,51,0.0,134.7,None,0.0,0,0,0,0,1.0,8982878,108,cpu0_L1D,L1D,16477767,0.578,14701388,0.8922,1776379,0.1078,17.7638,543697,0.033,28507140,24888253,0.8731,3618887,0.1269,36.1889,1940507,0.0681,3953,0.0001,37,0.0094,3916,0.9906,0.0392,7,0.0018,12025420,0.4218,10186828,0.8471,1838592,0.1529,18.3859,1396803,0.1162,200.6,None,0.0,0,0,0,0,0.8922,14701388,1776379,cpu0_L1I,L1I,10794344,1.0,8588054,0.7956,2206290,0.2044,22.0629,829029,0.0768,10794344,8588054,0.7956,2206290,0.2044,22.0629,829029,0.0768,144.3,None,0.0,0,0,0,0,0.7956,8588054,2206290,cpu0_L2C,L2C,2609927,0.7065,1474402,0.5649,1135525,0.4351,11.3552,0,0.0,441761,0.1196,106876,0.2419,334885,0.7581,3.3488,0,0.0,3694191,2098377,0.568,1595814,0.432,15.9581,0,0.0,3909,0.0011,420,0.1074,3489,0.8926,0.0349,0,0.0,638594,0.1729,516679,0.8091,121915,0.1909,1.2191,0,0.0,320.4,None,0.0,0,0,0,0,0.5182,1581278,1470410,LLC,LLC,1135524,0.5919,134642,0.1186,1000882,0.8814,10.0088,0,0.0,334885,0.1746,9237,0.0276,325648,0.9724,3.2565,0,0.0,1918289,193162,0.1007,1725127,0.8993,17.2513,0,0.0,3489,0.0018,20,0.0057,3469,0.9943,0.0347,0,0.0,444391,0.2317,49263,0.1109,395128,0.8891,3.9513,0,0.0,284.5,None,0.0,0,0,0,0,0.0978,143879,1326530,cpu0_STLB,STLB,315004,1.0,313157,0.9941,1847,0.0059,0.0185,0,0.0,315004,313157,0.9941,1847,0.0059,0.0185,0,0.0,805.8,None,0.0,0,0,0,0,0.9941,313157,1847,56,0,0.4026,248397893,100000004,,core,1,core.1.v1.,v1,,l1d,n,l1d.n.v1.,v1,,l1i,n,l1i.n.v1.,v1,,l2c,n,l2c.n.v1.,v1,,llc,1,llc.1.v1.,v1,,memory,1,memory.1.v2.,v2,,tlbs,n,tlbs.n.v1.,v1,56,1,yankee_056_1_056.raw,56,myscript_google,yankee,0.0,0.0,/mnt/storage/traces/gtrace_v2_champsim_myscript/yankee/yankee.log,None,None,1,1,/mnt/storage/traces/gtrace_v2_champsim_myscript/yankee/yankee_0056.champsim.gz,0,0,True,
68.04,5.376,0.9708,3.184,0.6494,0.428,0.2456,0.2564,0.6128,cpu0_DTLB,DTLB,25600012,1.0,25029892,0.9777,570120,0.0223,5.7012,266896,0.0104,25600012,25029892,0.9777,570120,0.0223,5.7012,266896,0.0104,14.69,None,0.0,0,0,0,0,0.9777,25029892,570120,cpu0_ITLB,ITLB,11719328,1.0,11718412,0.9999,916,0.0001,0.0092,631,0.0001,11719328,11718412,0.9999,916,0.0001,0.0092,631,0.0001,17.81,None,0.0,0,0,0,0,0.9999,11718412,916,cpu0_L1D,L1D,14192857,0.5193,12812130,0.9027,1380727,0.0973,13.8073,466123,0.0328,27333197,24503931,0.8965,2829266,0.1035,28.2927,1556931,0.057,8913,0.0003,179,0.0201,8734,0.9799,0.0873,56,0.0063,13131427,0.4804,11691622,0.8904,1439805,0.1096,14.398,1090752,0.0831,222.8,None,0.0,0,0,0,0,0.9027,12812130,1380727,cpu0_L1I,L1I,13893074,1.0,11494272,0.8273,2398802,0.1727,23.988,937268,0.0675,13893074,11494272,0.8273,2398802,0.1727,23.988,937268,0.0675,56.34,None,0.0,0,0,0,0,0.8273,11494272,2398802,cpu0_L2C,L2C,2376131,0.7234,1766624,0.7435,609507,0.2565,6.0951,0,0.0,349032,0.1063,77468,0.222,271564,0.778,2.7156,0,0.0,3284574,2291789,0.6977,992785,0.3023,9.9278,0,0.0,8678,0.0026,1427,0.1644,7251,0.8356,0.0725,0,0.0,550733,0.1677,446270,0.8103,104463,0.1897,1.0446,0,0.0,347.3,None,0.0,0,0,0,0,0.6767,1844092,881071,LLC,LLC,609507,0.4809,50598,0.083,558909,0.917,5.5891,0,0.0,271564,0.2142,7504,0.0276,264060,0.9724,2.6406,0,0.0,1267560,103251,0.0815,1164309,0.9185,11.6431,0,0.0,7251,0.0057,178,0.0245,7073,0.9755,0.0707,0,0.0,379238,0.2992,44971,0.1186,334267,0.8814,3.3427,0,0.0,286.2,None,0.0,0,0,0,0,0.0659,58102,822969,cpu0_STLB,STLB,303509,1.0,299363,0.9863,4146,0.0137,0.0415,0,0.0,303509,299363,0.9863,4146,0.0137,0.0415,0,0.0,708.7,None,0.0,0,0,0,0,0.9863,299363,4146,40,0,0.6001,166636001,100000001,,core,1,core.1.v1.,v1,,l1d,n,l1d.n.v1.,v1,,l1i,n,l1i.n.v1.,v1,,l2c,n,l2c.n.v1.,v1,,llc,1,llc.1.v1.,v1,,memory,1,memory.1.v2.,v2,,tlbs,n,tlbs.n.v1.,v1,40,1,tango_040_1_040.raw,40,myscript_google,tango,0.0,0.0,/mnt/storage/traces/gtrace_v2_champsim_myscript/tango/tango.log,100000000,100000000,1,1,/mnt/storage/traces/gtrace_v2_champsim_myscript/tango/tango_0040.champsim.gz,0,0,True,
61.18,6.363,0.9649,3.459,0.9411,0.6005,0.3137,0.2888,0.7602,cpu0_DTLB,DTLB,26065874,1.0,25424938,0.9754,640936,0.0246,6.4094,289824,0.0111,26065874,25424938,0.9754,640936,0.0246,6.4094,289824,0.0111,16.99,None,0.0,0,0,0,0,0.9754,25424938,640936,cpu0_ITLB,ITLB,12288558,1.0,12287144,0.9999,1414,0.0001,0.0141,963,0.0001,12288558,12287144,0.9999,1414,0.0001,0.0141,963,0.0001,30.22,None,0.0,0,0,0,0,0.9999,12287144,1414,cpu0_L1D,L1D,14518502,0.52,13115382,0.9034,1403120,0.0966,14.0312,457145,0.0315,27920299,24786036,0.8877,3134263,0.1123,31.3426,1787220,0.064,12487,0.0004,218,0.0175,12269,0.9825,0.1227,155,0.0124,13389310,0.4796,11670436,0.8716,1718874,0.1284,17.1887,1329920,0.0993,201.9,None,0.0,0,0,0,0,0.9034,13115382,1403120,cpu0_L1I,L1I,14384641,1.0,11288467,0.7848,3096174,0.2152,30.9617,1203981,0.0837,14384641,11288467,0.7848,3096174,0.2152,30.9617,1203981,0.0837,41.14,None,0.0,0,0,0,0,0.7848,11288467,3096174,cpu0_L2C,L2C,2838156,0.7422,2269228,0.7995,568928,0.2005,5.6893,0,0.0,388931,0.1017,77938,0.2004,310993,0.7996,3.1099,0,0.0,3824233,2825802,0.7389,998431,0.2611,9.9843,0,0.0,12114,0.0032,2346,0.1937,9768,0.8063,0.0977,0,0.0,585032,0.153,476290,0.8141,108742,0.1859,1.0874,0,0.0,325.6,None,0.0,0,0,0,0,0.7273,2347166,879921,LLC,LLC,568928,0.4331,42017,0.0739,526911,0.9261,5.2691,0,0.0,310993,0.2368,9536,0.0307,301457,0.9693,3.0146,0,0.0,1313496,99505,0.0758,1213991,0.9242,12.1399,0,0.0,9768,0.0074,148,0.0152,9620,0.9848,0.0962,0,0.0,423807,0.3227,47804,0.1128,376003,0.8872,3.76,0,0.0,258.6,None,0.0,0,0,0,0,0.0586,51553,828368,cpu0_STLB,STLB,351563,1.0,345744,0.9834,5819,0.0166,0.0582,0,0.0,351563,345744,0.9834,5819,0.0166,0.0582,0,0.0,724.2,None,0.0,0,0,0,0,0.9834,345744,5819,8,0,0.582,171823387,100000001,,core,1,core.1.v1.,v1,,l1d,n,l1d.n.v1.,v1,,l1i,n,l1i.n.v1.,v1,,l2c,n,l2c.n.v1.,v1,,llc,1,llc.1.v1.,v1,,memory,1,memory.1.v2.,v2,,tlbs,n,tlbs.n.v1.,v1,8,1,tango_008_1_008.raw,8,myscript_google,tango,0.0,0.0,/mnt/storage/traces/gtrace_v2_champsim_myscript/tango/tango.log,100000000,100000000,1,1,/mnt/storage/traces/gtrace_v2_champsim_myscript/tango/tango_0008.champsim.gz,0,0,True,
43.64,10.07,0.9468,5.938,1.504,0.8632,0.4504,0.4602,0.8503,cpu0_DTLB,DTLB,26779629,1.0,26270849,0.981,508780,0.019,5.0878,216599,0.0081,26779629,26270849,0.981,508780,0.019,5.0878,216599,0.0081,7.576,None,0.0,0,0,0,0,0.981,26270849,508780,cpu0_ITLB,ITLB,9222871,1.0,9222789,1.0,82,0.0,0.0008,22,0.0,9222871,9222789,1.0,82,0.0,0.0008,22,0.0,151.1,None,0.0,0,0,0,0,1.0,9222789,82,cpu0_L1D,L1D,16769167,0.5933,14861543,0.8862,1907624,0.1138,19.0762,585283,0.0349,28265441,24598170,0.8703,3667271,0.1297,36.6727,1910751,0.0676,1932,0.0001,2,0.001,1930,0.999,0.0193,0,0.0,11494342,0.4067,9736625,0.8471,1757717,0.1529,17.5772,1325468,0.1153,181.1,None,0.0,0,0,0,0,0.8862,14861543,1907624,cpu0_L1I,L1I,11065237,1.0,8763321,0.792,2301916,0.208,23.0192,877748,0.0793,11065237,8763321,0.792,2301916,0.208,23.0192,877748,0.0793,136.3,None,0.0,0,0,0,0,0.792,8763321,2301916,cpu0_L2C,L2C,2746499,0.7209,1714886,0.6244,1031613,0.3756,10.3161,0,0.0,432215,0.1135,111512,0.258,320703,0.742,3.207,0,0.0,3809729,2340315,0.6143,1469414,0.3857,14.6941,0,0.0,1930,0.0005,173,0.0896,1757,0.9104,0.0176,0,0.0,629085,0.1651,513744,0.8167,115341,0.1833,1.1534,0,0.0,331.5,None,0.0,0,0,0,0,0.5746,1826398,1352316,LLC,LLC,1031613,0.5783,95929,0.093,935684,0.907,9.3568,0,0.0,320703,0.1798,11446,0.0357,309257,0.9643,3.0926,0,0.0,1783916,157956,0.0885,1625960,0.9115,16.2596,0,0.0,1757,0.001,23,0.0131,1734,0.9869,0.0173,0,0.0,429843,0.241,50558,0.1176,379285,0.8824,3.7928,0,0.0,288.1,None,0.0,0,0,0,0,0.0794,107375,1244941,cpu0_STLB,STLB,292241,1.0,291299,0.9968,942,0.0032,0.0094,0,0.0,292241,291299,0.9968,942,0.0032,0.0094,0,0.0,807.2,None,0.0,0,0,0,0,0.9968,291299,942,77,0,0.4304,232348499,100000002,,core,1,core.1.v1.,v1,,l1d,n,l1d.n.v1.,v1,,l1i,n,l1i.n.v1.,v1,,l2c,n,l2c.n.v1.,v1,,llc,1,llc.1.v1.,v1,,memory,1,memory.1.v2.,v2,,tlbs,n,tlbs.n.v1.,v1,77,1,yankee_077_1_077.raw,77,myscript_google,yankee,0.0,0.0,/mnt/storage/traces/gtrace_v2_champsim_myscript/yankee/yankee.log,None,None,1,1,/mnt/storage/traces/gtrace_v2_champsim_myscript/yankee/yankee_0077.champsim.gz,0,0,True,
64.99,6.721,0.9637,3.796,0.8992,0.5889,0.3474,0.3119,0.7776,cpu0_DTLB,DTLB,25832844,1.0,25213779,0.976,619065,0.024,6.1906,281035,0.0109,25832844,25213779,0.976,619065,0.024,6.1906,281035,0.0109,14.37,None,0.0,0,0,0,0,0.976,25213779,619065,cpu0_ITLB,ITLB,11576442,1.0,11574547,0.9998,1895,0.0002,0.0189,1310,0.0001,11576442,11574547,0.9998,1895,0.0002,0.0189,1310,0.0001,17.72,None,0.0,0,0,0,0,0.9998,11574547,1895,cpu0_L1D,L1D,15143780,0.5495,13669772,0.9027,1474008,0.0973,14.7401,443536,0.0293,27558530,24537654,0.8904,3020876,0.1096,30.2088,1627791,0.0591,8915,0.0003,70,0.0079,8845,0.9921,0.0884,84,0.0094,12405835,0.4502,10867812,0.876,1538023,0.124,15.3802,1184171,0.0955,169.5,None,0.0,0,0,0,0,0.9027,13669772,1474008,cpu0_L1I,L1I,13771378,1.0,10582651,0.7685,3188727,0.2315,31.8873,1247194,0.0906,13771378,10582651,0.7685,3188727,0.2315,31.8873,1247194,0.0906,32.3,None,0.0,0,0,0,0,0.7685,10582651,3188727,cpu0_L2C,L2C,2971991,0.762,2468672,0.8306,503319,0.1694,5.0332,0,0.0,353827,0.0907,88925,0.2513,264902,0.7487,2.649,0,0.0,3900378,3035562,0.7783,864816,0.2217,8.6482,0,0.0,8761,0.0022,1242,0.1418,7519,0.8582,0.0752,0,0.0,565799,0.1451,476723,0.8426,89076,0.1574,0.8908,0,0.0,316.1,None,0.0,0,0,0,0,0.769,2557597,768221,LLC,LLC,503319,0.4394,39312,0.0781,464007,0.9219,4.6401,0,0.0,264902,0.2313,8499,0.0321,256403,0.9679,2.564,0,0.0,1145487,93386,0.0815,1052101,0.9185,10.521,0,0.0,7519,0.0066,173,0.023,7346,0.977,0.0735,0,0.0,369747,0.3228,45402,0.1228,324345,0.8772,3.2434,0,0.0,250.5,None,0.0,0,0,0,0,0.0622,47811,720410,cpu0_STLB,STLB,338615,1.0,334579,0.9881,4036,0.0119,0.0404,0,0.0,338615,334579,0.9881,4036,0.0119,0.0404,0,0.0,785.2,None,0.0,0,0,0,0,0.9881,334579,4036,47,0,0.6304,158633657,100000003,,core,1,core.1.v1.,v1,,l1d,n,l1d.n.v1.,v1,,l1i,n,l1i.n.v1.,v1,,l2c,n,l2c.n.v1.,v1,,llc,1,llc.1.v1.,v1,,memory,1,memory.1.v2.,v2,,tlbs,n,tlbs.n.v1.,v1,47,1,tango_047_1_047.raw,47,myscript_google,tango,0.0,0.0,/mnt/storage/traces/gtrace_v2_champsim_myscript/tango/tango.log,100000000,100000000,1,1,/mnt/storage/traces/gtrace_v2_champsim_myscript/tango/tango_0047.champsim.gz,0,0,True,
43.72,9.815,0.9443,5.953,1.326,0.8101,0.5229,0.4195,0.784,cpu0_DTLB,DTLB,26459124,1.0,25992507,0.9824,466617,0.0176,4.6662,198645,0.0075,26459124,25992507,0.9824,466617,0.0176,4.6662,198645,0.0075,10.05,None,0.0,0,0,0,0,0.9824,25992507,466617,cpu0_ITLB,ITLB,9219793,1.0,9219709,1.0,84,0.0,0.0008,39,0.0,9219793,9219709,1.0,84,0.0,0.0008,39,0.0,301.0,None,0.0,0,0,0,0,1.0,9219709,84,cpu0_L1D,L1D,16333720,0.5801,14855750,0.9095,1477970,0.0905,14.7797,446187,0.0273,28154311,25087297,0.8911,3067014,0.1089,30.6701,1630882,0.0579,3317,0.0001,19,0.0057,3298,0.9943,0.033,6,0.0018,11817274,0.4197,10231528,0.8658,1585746,0.1342,15.8575,1184689,0.1003,203.3,None,0.0,0,0,0,0,0.9095,14855750,1477970,cpu0_L1I,L1I,11127373,1.0,9136643,0.8211,1990730,0.1789,19.9073,752529,0.0676,11127373,9136643,0.8211,1990730,0.1789,19.9073,752529,0.0676,124.6,None,0.0,0,0,0,0,0.8211,9136643,1990730,cpu0_L2C,L2C,2269973,0.7015,1345408,0.5927,924565,0.4073,9.2456,0,0.0,401034,0.1239,104562,0.2607,296472,0.7393,2.9647,0,0.0,3236030,1909354,0.59,1326676,0.41,13.2668,0,0.0,3292,0.001,257,0.0781,3035,0.9219,0.0303,0,0.0,561731,0.1736,459127,0.8173,102604,0.1827,1.026,0,0.0,320.4,None,0.0,0,0,0,0,0.5429,1449970,1221037,LLC,LLC,924565,0.5764,126794,0.1371,797771,0.8629,7.9777,0,0.0,296472,0.1848,10499,0.0354,285973,0.9646,2.8597,0,0.0,1604119,182793,0.114,1421326,0.886,14.2133,0,0.0,3035,0.0019,37,0.0122,2998,0.9878,0.03,0,0.0,380047,0.2369,45463,0.1196,334584,0.8804,3.3458,0,0.0,287.2,None,0.0,0,0,0,0,0.1124,137293,1083744,cpu0_STLB,STLB,268017,1.0,266477,0.9943,1540,0.0057,0.0154,0,0.0,268017,266477,0.9943,1540,0.0057,0.0154,0,0.0,887.0,None,0.0,0,0,0,0,0.9943,266477,1540,39,0,0.4742,210873295,100000001,,core,1,core.1.v1.,v1,,l1d,n,l1d.n.v1.,v1,,l1i,n,l1i.n.v1.,v1,,l2c,n,l2c.n.v1.,v1,,llc,1,llc.1.v1.,v1,,memory,1,memory.1.v2.,v2,,tlbs,n,tlbs.n.v1.,v1,39,1,yankee_039_1_039.raw,39,myscript_google,yankee,0.0,0.0,/mnt/storage/traces/gtrace_v2_champsim_myscript/yankee/yankee.log,None,None,1,1,/mnt/storage/traces/gtrace_v2_champsim_myscript/yankee/yankee_0039.champsim.gz,0,0,True,
43.86,4.318,0.9743,2.68,0.5694,0.3246,0.2154,0.1982,0.3296,cpu0_DTLB,DTLB,19911197,1.0,19578131,0.9833,333066,0.0167,3.3307,119418,0.006,19911197,19578131,0.9833,333066,0.0167,3.3307,119418,0.006,8.846,None,0.0,0,0,0,0,0.9833,19578131,333066,cpu0_ITLB,ITLB,12567115,1.0,12567025,1.0,90,0.0,0.0009,34,0.0,12567115,12567025,1.0,90,0.0,0.0009,34,0.0,557.5,None,0.0,0,0,0,0,1.0,12567025,90,cpu0_L1D,L1D,13815695,0.6607,11544966,0.8356,2270729,0.1644,22.7073,618503,0.0448,20911897,17978362,0.8597,2933535,0.1403,29.3353,1120166,0.0536,2051,0.0001,20,0.0098,2031,0.9902,0.0203,1,0.0005,7094151,0.3392,6433376,0.9069,660775,0.0931,6.6077,501662,0.0707,68.84,None,0.0,0,0,0,0,0.8356,11544966,2270729,cpu0_L1I,L1I,14442452,1.0,13633945,0.944,808507,0.056,8.0851,305065,0.0211,14442452,13633945,0.944,808507,0.056,8.0851,305065,0.0211,139.2,None,0.0,0,0,0,0,0.944,13633945,808507,cpu0_L2C,L2C,2155654,0.6893,1739304,0.8069,416350,0.1931,4.1635,0,0.0,159084,0.0509,40245,0.253,118839,0.747,1.1884,0,0.0,3127497,2547781,0.8146,579716,0.1854,5.7972,0,0.0,2030,0.0006,549,0.2704,1481,0.7296,0.0148,0,0.0,810729,0.2592,767683,0.9469,43046,0.0531,0.4305,0,0.0,304.2,None,0.0,0,0,0,0,0.7688,1779549,535189,LLC,LLC,416350,0.6064,40139,0.0964,376211,0.9036,3.7621,0,0.0,118839,0.1731,2714,0.0228,116125,0.9772,1.1612,0,0.0,686540,65520,0.0954,621020,0.9046,6.2102,0,0.0,1481,0.0022,40,0.027,1441,0.973,0.0144,0,0.0,149870,0.2183,22627,0.151,127243,0.849,1.2724,0,0.0,271.8,None,0.0,0,0,0,0,0.0801,42853,492336,cpu0_STLB,STLB,213704,1.0,212696,0.9953,1008,0.0047,0.0101,0,0.0,213704,212696,0.9953,1008,0.0047,0.0101,0,0.0,844.9,None,0.0,0,0,0,0,0.9953,212696,1008,59,0,0.8876,112657772,100000003,,core,1,core.1.v1.,v1,,l1d,n,l1d.n.v1.,v1,,l1i,n,l1i.n.v1.,v1,,l2c,n,l2c.n.v1.,v1,,llc,1,llc.1.v1.,v1,,memory,1,memory.1.v2.,v2,,tlbs,n,tlbs.n.v1.,v1,59,1,yankee_059_1_059.raw,59,myscript_google,yankee,0.0,0.0,/mnt/storage/traces/gtrace_v2_champsim_myscript/yankee/yankee.log,None,None,1,1,/mnt/storage/traces/gtrace_v2_champsim_myscript/yankee/yankee_0059.champsim.gz,0,0,True,
70.83,6.262,0.9673,3.462,0.8241,0.5572,0.3588,0.3166,0.7435,cpu0_DTLB,DTLB,26121581,1.0,25382312,0.9717,739269,0.0283,7.3927,339251,0.013,26121581,25382312,0.9717,739269,0.0283,7.3927,339251,0.013,17.67,None,0.0,0,0,0,0,0.9717,25382312,739269,cpu0_ITLB,ITLB,11699187,1.0,11697354,0.9998,1833,0.0002,0.0183,1296,0.0001,11699187,11697354,0.9998,1833,0.0002,0.0183,1296,0.0001,18.91,None,0.0,0,0,0,0,0.9998,11697354,1833,cpu0_L1D,L1D,14871827,0.5336,13499523,0.9077,1372304,0.0923,13.723,406400,0.0273,27870747,25025320,0.8979,2845427,0.1021,28.4543,1529830,0.0549,16319,0.0006,262,0.0161,16057,0.9839,0.1606,117,0.0072,12982601,0.4658,11525535,0.8878,1457066,0.1122,14.5707,1123313,0.0865,160.6,None,0.0,0,0,0,0,0.9077,13499523,1372304,cpu0_L1I,L1I,13754850,1.0,10611376,0.7715,3143474,0.2285,31.4347,1235760,0.0898,13754850,10611376,0.7715,3143474,0.2285,31.4347,1235760,0.0898,24.2,None,0.0,0,0,0,0,0.7715,10611376,3143474,cpu0_L2C,L2C,2873605,0.7667,2451093,0.853,422512,0.147,4.2251,0,0.0,333732,0.089,85174,0.2552,248558,0.7448,2.4856,0,0.0,3747980,2985443,0.7965,762537,0.2035,7.6254,0,0.0,15940,0.0043,3389,0.2126,12551,0.7874,0.1255,0,0.0,524703,0.14,445787,0.8496,78916,0.1504,0.7892,0,0.0,305.6,None,0.0,0,0,0,0,0.7908,2536267,671070,LLC,LLC,422512,0.4105,39157,0.0927,383355,0.9073,3.8335,0,0.0,248558,0.2415,10154,0.0409,238404,0.9591,2.384,0,0.0,1029216,99642,0.0968,929574,0.9032,9.2957,0,0.0,12551,0.0122,544,0.0433,12007,0.9567,0.1201,0,0.0,345595,0.3358,49787,0.1441,295808,0.8559,2.9581,0,0.0,241.5,None,0.0,0,0,0,0,0.0735,49311,621759,cpu0_STLB,STLB,400555,1.0,392823,0.9807,7732,0.0193,0.0773,0,0.0,400555,392823,0.9807,7732,0.0193,0.0773,0,0.0,655.5,None,0.0,0,0,0,0,0.9807,392823,7732,19,0,0.6891,145115574,100000001,,core,1,core.1.v1.,v1,,l1d,n,l1d.n.v1.,v1,,l1i,n,l1i.n.v1.,v1,,l2c,n,l2c.n.v1.,v1,,llc,1,llc.1.v1.,v1,,memory,1,memory.1.v2.,v2,,tlbs,n,tlbs.n.v1.,v1,19,1,tango_019_1_019.raw,19,myscript_google,tango,0.0,0.0,/mnt/storage/traces/gtrace_v2_champsim_myscript/tango/tango.log,100000000,100000000,1,1,/mnt/storage/traces/gtrace_v2_champsim_myscript/tango/tango_0019.champsim.gz,0,0,True,
43.11,8.949,0.9512,5.459,0.7055,0.6888,1.279,0.3023,0.5143,cpu0_DTLB,DTLB,24278284,1.0,23791957,0.98,486327,0.02,4.8633,202417,0.0083,24278284,23791957,0.98,486327,0.02,4.8633,202417,0.0083,18.62,None,0.0,0,0,0,0,0.98,23791957,486327,cpu0_ITLB,ITLB,10191617,1.0,10191609,1.0,8,0.0,0.0001,2,0.0,10191617,10191609,1.0,8,0.0,0.0001,2,0.0,868.3,None,0.0,0,0,0,0,1.0,10191609,8,cpu0_L1D,L1D,16281297,0.6371,14615727,0.8977,1665570,0.1023,16.6557,508719,0.0312,25557049,22682339,0.8875,2874710,0.1125,28.7471,1380122,0.054,11705,0.0005,67,0.0057,11638,0.9943,0.1164,16,0.0014,9264047,0.3625,8066545,0.8707,1197502,0.1293,11.975,871387,0.0941,148.2,None,0.0,0,0,0,0,0.8977,14615727,1665570,cpu0_L1I,L1I,12429591,1.0,10471899,0.8425,1957692,0.1575,19.5769,777592,0.0626,12429591,10471899,0.8425,1957692,0.1575,19.5769,777592,0.0626,107.2,None,0.0,0,0,0,0,0.8425,10471899,1957692,cpu0_L2C,L2C,2336937,0.7393,1515292,0.6484,821645,0.3516,8.2164,0,0.0,326091,0.1032,130571,0.4004,195520,0.5996,1.9552,0,0.0,3160937,2063336,0.6528,1097601,0.3472,10.976,0,0.0,11622,0.0037,1974,0.1699,9648,0.8301,0.0965,0,0.0,486287,0.1538,415499,0.8544,70788,0.1456,0.7079,0,0.0,297.7,None,0.0,0,0,0,0,0.618,1645863,1017165,LLC,LLC,821645,0.6405,84408,0.1027,737237,0.8973,7.3724,0,0.0,195520,0.1524,5126,0.0262,190394,0.9738,1.9039,0,0.0,1282824,124236,0.0968,1158588,0.9032,11.5859,0,0.0,9648,0.0075,198,0.0205,9450,0.9795,0.0945,0,0.0,256011,0.1996,34504,0.1348,221507,0.8652,2.2151,0,0.0,269.4,None,0.0,0,0,0,0,0.088,89534,927631,cpu0_STLB,STLB,283916,1.0,278714,0.9817,5202,0.0183,0.052,0,0.0,283916,278714,0.9817,5202,0.0183,0.052,0,0.0,743.4,None,0.0,0,0,0,0,0.9817,278714,5202,0,0,0.506,197643674,100000002,,core,1,core.1.v1.,v1,,l1d,n,l1d.n.v1.,v1,,l1i,n,l1i.n.v1.,v1,,l2c,n,l2c.n.v1.,v1,,llc,1,llc.1.v1.,v1,,memory,1,memory.1.v2.,v2,,tlbs,n,tlbs.n.v1.,v1,0,1,merced_000_1_000.raw,0,myscript_google,merced,0.0,0.0,/mnt/storage/traces/gtrace_v2_champsim_myscript/merced/merced.log,None,None,1,1,/mnt/storage/traces/gtrace_v2_champsim_myscript/merced/merced_0000.champsim.gz,0,0,True,
44.08,9.873,0.9462,5.771,1.529,0.8505,0.4471,0.4445,0.8314,cpu0_DTLB,DTLB,26469615,1.0,25996628,0.9821,472987,0.0179,4.7299,204087,0.0077,26469615,25996628,0.9821,472987,0.0179,4.7299,204087,0.0077,8.117,None,0.0,0,0,0,0,0.9821,25996628,472987,cpu0_ITLB,ITLB,9420130,1.0,9420070,1.0,60,0.0,0.0006,14,0.0,9420130,9420070,1.0,60,0.0,0.0006,14,0.0,214.6,None,0.0,0,0,0,0,1.0,9420070,60,cpu0_L1D,L1D,16575684,0.5922,15039107,0.9073,1536577,0.0927,15.3658,467184,0.0282,27989011,24800140,0.8861,3188871,0.1139,31.8887,1701310,0.0608,2027,0.0001,2,0.001,2025,0.999,0.0202,2,0.001,11411300,0.4077,9761031,0.8554,1650269,0.1446,16.5027,1234124,0.1081,203.2,None,0.0,0,0,0,0,0.9073,15039107,1536577,cpu0_L1I,L1I,11335692,1.0,9262645,0.8171,2073047,0.1829,20.7305,777069,0.0686,11335692,9262645,0.8171,2073047,0.1829,20.7305,777069,0.0686,121.7,None,0.0,0,0,0,0,0.8171,9262645,2073047,cpu0_L2C,L2C,2365357,0.703,1432368,0.6056,932989,0.3944,9.3299,0,0.0,416118,0.1237,99889,0.24,316229,0.76,3.1623,0,0.0,3364649,2002867,0.5953,1361782,0.4047,13.6178,0,0.0,2023,0.0006,115,0.0568,1908,0.9432,0.0191,0,0.0,581151,0.1727,470495,0.8096,110656,0.1904,1.1066,0,0.0,321.5,None,0.0,0,0,0,0,0.5509,1532257,1249218,LLC,LLC,932989,0.5632,137641,0.1475,795348,0.8525,7.9535,0,0.0,316229,0.1909,14154,0.0448,302075,0.9552,3.0207,0,0.0,1656528,207627,0.1253,1448901,0.8747,14.489,0,0.0,1908,0.0012,20,0.0105,1888,0.9895,0.0189,0,0.0,405402,0.2447,55812,0.1377,349590,0.8623,3.4959,0,0.0,290.4,None,0.0,0,0,0,0,0.1215,151795,1097423,cpu0_STLB,STLB,268946,1.0,267961,0.9963,985,0.0037,0.0098,0,0.0,268946,267961,0.9963,985,0.0037,0.0098,0,0.0,859.5,None,0.0,0,0,0,0,0.9963,267961,985,13,0,0.473,211417710,100000004,,core,1,core.1.v1.,v1,,l1d,n,l1d.n.v1.,v1,,l1i,n,l1i.n.v1.,v1,,l2c,n,l2c.n.v1.,v1,,llc,1,llc.1.v1.,v1,,memory,1,memory.1.v2.,v2,,tlbs,n,tlbs.n.v1.,v1,13,1,yankee_013_1_013.raw,13,myscript_google,yankee,0.0,0.0,/mnt/storage/traces/gtrace_v2_champsim_myscript/yankee/yankee.log,None,None,1,1,/mnt/storage/traces/gtrace_v2_champsim_myscript/yankee/yankee_0013.champsim.gz,0,0,True,
45.22,9.644,0.948,5.737,1.375,0.8553,0.4696,0.4482,0.7597,cpu0_DTLB,DTLB,26366089,1.0,25857960,0.9807,508129,0.0193,5.0813,218751,0.0083,26366089,25857960,0.9807,508129,0.0193,5.0813,218751,0.0083,7.964,None,0.0,0,0,0,0,0.9807,25857960,508129,cpu0_ITLB,ITLB,9302288,1.0,9302220,1.0,68,0.0,0.0007,15,0.0,9302288,9302220,1.0,68,0.0,0.0007,15,0.0,153.5,None,0.0,0,0,0,0,1.0,9302220,68,cpu0_L1D,L1D,16464255,0.5904,14945461,0.9078,1518794,0.0922,15.1879,437461,0.0266,27886216,24683154,0.8851,3203062,0.1149,32.0306,1696815,0.0608,1992,0.0001,2,0.001,1990,0.999,0.0199,2,0.001,11419969,0.4095,9737691,0.8527,1682278,0.1473,16.8228,1259352,0.1103,207.1,None,0.0,0,0,0,0,0.9078,14945461,1518794,cpu0_L1I,L1I,11186355,1.0,9160541,0.8189,2025814,0.1811,20.2581,767237,0.0686,11186355,9160541,0.8189,2025814,0.1811,20.2581,767237,0.0686,125.6,None,0.0,0,0,0,0,0.8189,9160541,2025814,cpu0_L2C,L2C,2339899,0.6956,1432374,0.6122,907525,0.3878,9.0752,0,0.0,422891,0.1257,97942,0.2316,324949,0.7684,3.2495,0,0.0,3363669,2016907,0.5996,1346762,0.4004,13.4676,0,0.0,1988,0.0006,70,0.0352,1918,0.9648,0.0192,0,0.0,598891,0.178,486521,0.8124,112370,0.1876,1.1237,0,0.0,332.7,None,0.0,0,0,0,0,0.5539,1530316,1232474,LLC,LLC,907525,0.5486,122443,0.1349,785082,0.8651,7.8508,0,0.0,324949,0.1964,10916,0.0336,314033,0.9664,3.1403,0,0.0,1654304,186783,0.1129,1467521,0.8871,14.6752,0,0.0,1918,0.0012,16,0.0083,1902,0.9917,0.019,0,0.0,419912,0.2538,53408,0.1272,366504,0.8728,3.665,0,0.0,293.9,None,0.0,0,0,0,0,0.1082,133359,1099115,cpu0_STLB,STLB,289431,1.0,288458,0.9966,973,0.0034,0.0097,0,0.0,289431,288458,0.9966,973,0.0034,0.0097,0,0.0,888.4,None,0.0,0,0,0,0,0.9966,288458,973,72,0,0.4802,208235969,100000001,,core,1,core.1.v1.,v1,,l1d,n,l1d.n.v1.,v1,,l1i,n,l1i.n.v1.,v1,,l2c,n,l2c.n.v1.,v1,,llc,1,llc.1.v1.,v1,,memory,1,memory.1.v2.,v2,,tlbs,n,tlbs.n.v1.,v1,72,1,yankee_072_1_072.raw,72,myscript_google,yankee,0.0,0.0,/mnt/storage/traces/gtrace_v2_champsim_myscript/yankee/yankee.log,None,None,1,1,/mnt/storage/traces/gtrace_v2_champsim_myscript/yankee/yankee_0072.champsim.gz,0,0,True,
114.5,3.646,0.9807,2.242,0.0649,0.1978,0.6888,0.3373,0.1144,cpu0_DTLB,DTLB,25867054,1.0,25531915,0.987,335139,0.013,3.3514,123124,0.0048,25867054,25531915,0.987,335139,0.013,3.3514,123124,0.0048,35.83,None,0.0,0,0,0,0,0.987,25531915,335139,cpu0_ITLB,ITLB,10374987,1.0,10374978,1.0,9,0.0,0.0001,2,0.0,10374987,10374978,1.0,9,0.0,0.0001,2,0.0,965.0,None,0.0,0,0,0,0,1.0,10374978,9,cpu0_L1D,L1D,16177723,0.5868,14649722,0.9055,1528001,0.0945,15.28,529152,0.0327,27570658,23806881,0.8635,3763777,0.1365,37.6378,2219637,0.0805,22223,0.0008,338,0.0152,21885,0.9848,0.2188,2,0.0001,11370712,0.4124,9156821,0.8053,2213891,0.1947,22.1389,1690483,0.1487,379.4,None,0.0,0,0,0,0,0.9055,14649722,1528001,cpu0_L1I,L1I,12399009,1.0,11442523,0.9229,956486,0.0771,9.5649,416592,0.0336,12399009,11442523,0.9229,956486,0.0771,9.5649,416592,0.0336,80.45,None,0.0,0,0,0,0,0.9229,11442523,956486,cpu0_L2C,L2C,1538738,0.5641,778767,0.5061,759971,0.4939,7.5997,0,0.0,523408,0.1919,23293,0.0445,500115,0.9555,5.0011,0,0.0,2727898,1341688,0.4918,1386210,0.5082,13.8621,0,0.0,21883,0.008,6251,0.2857,15632,0.7143,0.1563,0,0.0,643869,0.236,533377,0.8284,110492,0.1716,1.1049,0,0.0,441.6,None,0.0,0,0,0,0,0.3889,802060,1260086,LLC,LLC,759971,0.4066,16437,0.0216,743534,0.9784,7.4353,0,0.0,500115,0.2676,1634,0.0033,498481,0.9967,4.9848,0,0.0,1868906,32244,0.0173,1836662,0.9827,18.3666,0,0.0,15632,0.0084,263,0.0168,15369,0.9832,0.1537,0,0.0,593188,0.3174,13910,0.0234,579278,0.9766,5.7928,0,0.0,324.8,None,0.0,0,0,0,0,0.0143,18071,1242015,cpu0_STLB,STLB,212022,1.0,200915,0.9476,11107,0.0524,0.1111,0,0.0,212022,200915,0.9476,11107,0.0524,0.1111,0,0.0,588.1,None,0.0,0,0,0,0,0.9476,200915,11107,15,0,0.4686,213387674,100000001,,core,1,core.1.v1.,v1,,l1d,n,l1d.n.v1.,v1,,l1i,n,l1i.n.v1.,v1,,l2c,n,l2c.n.v1.,v1,,llc,1,llc.1.v1.,v1,,memory,1,memory.1.v2.,v2,,tlbs,n,tlbs.n.v1.,v1,15,1,charlie_015_1_015.raw,15,myscript_google,charlie,0.0,0.0,/mnt/storage/traces/gtrace_v2_champsim_myscript/charlie/charlie.log,100000000,100000000,1,1,/mnt/storage/traces/gtrace_v2_champsim_myscript/charlie/charlie_0015.champsim.gz,0,0,True,
39.0,9.904,0.934,4.507,1.657,2.034,0.2205,0.3423,1.143,cpu0_DTLB,DTLB,28633403,1.0,27880324,0.9737,753079,0.0263,7.5308,304491,0.0106,28633403,27880324,0.9737,753079,0.0263,7.5308,304491,0.0106,12.0,None,0.0,0,0,0,0,0.9737,27880324,753079,cpu0_ITLB,ITLB,12769689,1.0,12769443,1.0,246,0.0,0.0025,128,0.0,12769689,12769443,1.0,246,0.0,0.0025,128,0.0,436.9,None,0.0,0,0,0,0,1.0,12769443,246,cpu0_L1D,L1D,18323571,0.607,15656972,0.8545,2666599,0.1455,26.666,714137,0.039,30187141,25176301,0.834,5010840,0.166,50.1084,2074061,0.0687,8958,0.0003,15,0.0017,8943,0.9983,0.0894,0,0.0,11854612,0.3927,9519314,0.803,2335298,0.197,23.353,1359924,0.1147,254.9,None,0.0,0,0,0,0,0.8545,15656972,2666599,cpu0_L1I,L1I,15326301,1.0,11313330,0.7382,4012971,0.2618,40.1297,1501552,0.098,15326301,11313330,0.7382,4012971,0.2618,40.1297,1501552,0.098,109.7,None,0.0,0,0,0,0,0.7382,11313330,4012971,cpu0_L2C,L2C,4463854,0.658,2917688,0.6536,1546166,0.3464,15.4617,0,0.0,975236,0.1438,454481,0.466,520755,0.534,5.2075,0,0.0,6783558,4559540,0.6721,2224018,0.3279,22.2402,0,0.0,8943,0.0013,517,0.0578,8426,0.9422,0.0843,0,0.0,1335525,0.1969,1186854,0.8887,148671,0.1113,1.4867,0,0.0,438.6,None,0.0,0,0,0,0,0.62,3372169,2066921,LLC,LLC,1546166,0.5659,143103,0.0926,1403063,0.9074,14.0306,0,0.0,520755,0.1906,31829,0.0611,488926,0.9389,4.8893,0,0.0,2732364,260613,0.0954,2471751,0.9046,24.7175,0,0.0,8426,0.0031,115,0.0136,8311,0.9864,0.0831,0,0.0,657017,0.2405,85566,0.1302,571451,0.8698,5.7145,0,0.0,383.2,None,0.0,0,0,0,0,0.0846,174932,1891989,cpu0_STLB,STLB,448706,1.0,444227,0.99,4479,0.01,0.0448,0,0.0,448706,444227,0.99,4479,0.01,0.0448,0,0.0,711.3,None,0.0,0,0,0,0,0.99,444227,4479,1,0,0.3351,298425486,100000003,,core,1,core.1.v1.,v1,,l1d,n,l1d.n.v1.,v1,,l1i,n,l1i.n.v1.,v1,,l2c,n,l2c.n.v1.,v1,,llc,1,llc.1.v1.,v1,,memory,1,memory.1.v2.,v2,,tlbs,n,tlbs.n.v1.,v1,1,1,sierra.a.4_001_1_001.raw,1,myscript_google,sierra.a.4,0.0,0.0,/mnt/storage/traces/gtrace_v2_champsim_myscript/sierra.a.4/sierra.a.4.log,100000000,100000000,1,1,/mnt/storage/traces/gtrace_v2_champsim_myscript/sierra.a.4/sierra.a.4_0001.champsim.gz,0,0,True,
66.88,5.528,0.969,3.506,0.609,0.4138,0.2297,0.2286,0.5406,cpu0_DTLB,DTLB,25888051,1.0,25330254,0.9785,557797,0.0215,5.578,270036,0.0104,25888051,25330254,0.9785,557797,0.0215,5.578,270036,0.0104,16.07,None,0.0,0,0,0,0,0.9785,25330254,557797,cpu0_ITLB,ITLB,10831299,1.0,10830468,0.9999,831,0.0001,0.0083,561,0.0001,10831299,10830468,0.9999,831,0.0001,0.0083,561,0.0001,50.46,None,0.0,0,0,0,0,0.9999,10830468,831,cpu0_L1D,L1D,14627543,0.5221,13155710,0.8994,1471833,0.1006,14.7183,535798,0.0366,28014538,24958623,0.8909,3055915,0.1091,30.5591,1733141,0.0619,9226,0.0003,107,0.0116,9119,0.9884,0.0912,67,0.0073,13377769,0.4775,11802806,0.8823,1574963,0.1177,15.7496,1197276,0.0895,219.1,None,0.0,0,0,0,0,0.8994,13155710,1471833,cpu0_L1I,L1I,12953518,1.0,10603831,0.8186,2349687,0.1814,23.4969,917458,0.0708,12953518,10603831,0.8186,2349687,0.1814,23.4969,917458,0.0708,54.94,None,0.0,0,0,0,0,0.8186,10603831,2349687,cpu0_L2C,L2C,2368252,0.7013,1713127,0.7234,655125,0.2766,6.5512,0,0.0,377669,0.1118,108058,0.2861,269611,0.7139,2.6961,0,0.0,3377053,2327129,0.6891,1049924,0.3109,10.4992,0,0.0,9052,0.0027,1304,0.1441,7748,0.8559,0.0775,0,0.0,622080,0.1842,504640,0.8112,117440,0.1888,1.1744,0,0.0,330.7,None,0.0,0,0,0,0,0.6632,1821185,924736,LLC,LLC,655125,0.481,27728,0.0423,627397,0.9577,6.274,0,0.0,269611,0.198,11758,0.0436,257853,0.9564,2.5785,0,0.0,1361974,89436,0.0657,1272538,0.9343,12.7254,0,0.0,7748,0.0057,44,0.0057,7704,0.9943,0.077,0,0.0,429490,0.3153,49906,0.1162,379584,0.8838,3.7958,0,0.0,263.4,None,0.0,0,0,0,0,0.0427,39486,885250,cpu0_STLB,STLB,288031,1.0,283692,0.9849,4339,0.0151,0.0434,0,0.0,288031,283692,0.9849,4339,0.0151,0.0434,0,0.0,735.8,None,0.0,0,0,0,0,0.9849,283692,4339,48,0,0.5872,170295713,100000001,,core,1,core.1.v1.,v1,,l1d,n,l1d.n.v1.,v1,,l1i,n,l1i.n.v1.,v1,,l2c,n,l2c.n.v1.,v1,,llc,1,llc.1.v1.,v1,,memory,1,memory.1.v2.,v2,,tlbs,n,tlbs.n.v1.,v1,48,1,tango_048_1_048.raw,48,myscript_google,tango,0.0,0.0,/mnt/storage/traces/gtrace_v2_champsim_myscript/tango/tango.log,100000000,100000000,1,1,/mnt/storage/traces/gtrace_v2_champsim_myscript/tango/tango_0048.champsim.gz,0,0,True,
91.89,4.602,0.9751,2.766,0.2971,0.3402,0.4594,0.4629,0.2763,cpu0_DTLB,DTLB,24947271,1.0,24754502,0.9923,192769,0.0077,1.9277,85792,0.0034,24947271,24754502,0.9923,192769,0.0077,1.9277,85792,0.0034,39.84,None,0.0,0,0,0,0,0.9923,24754502,192769,cpu0_ITLB,ITLB,10143190,1.0,10143177,1.0,13,0.0,0.0001,3,0.0,10143190,10143177,1.0,13,0.0,0.0001,3,0.0,946.6,None,0.0,0,0,0,0,1.0,10143177,13,cpu0_L1D,L1D,15476168,0.5804,14355978,0.9276,1120190,0.0724,11.2019,460095,0.0297,26662448,23610361,0.8855,3052087,0.1145,30.5209,1944607,0.0729,10685,0.0004,58,0.0054,10627,0.9946,0.1063,4,0.0004,11175595,0.4192,9254325,0.8281,1921270,0.1719,19.2127,1484508,0.1328,313.8,None,0.0,0,0,0,0,0.9276,14355978,1120190,cpu0_L1I,L1I,12102808,1.0,11041773,0.9123,1061035,0.0877,10.6104,439465,0.0363,12102808,11041773,0.9123,1061035,0.0877,10.6104,439465,0.0363,91.76,None,0.0,0,0,0,0,0.9123,11041773,1061035,cpu0_L2C,L2C,1281663,0.5641,821408,0.6409,460255,0.3591,4.6025,0,0.0,436758,0.1922,30245,0.0692,406513,0.9308,4.0651,0,0.0,2271997,1315864,0.5792,956133,0.4208,9.5613,0,0.0,10623,0.0047,1898,0.1787,8725,0.8213,0.0872,0,0.0,542953,0.239,462313,0.8515,80640,0.1485,0.8064,0,0.0,408.6,None,0.0,0,0,0,0,0.4956,851653,866768,LLC,LLC,460255,0.3422,40128,0.0872,420127,0.9128,4.2013,0,0.0,406513,0.3023,2195,0.0054,404318,0.9946,4.0432,0,0.0,1344855,63951,0.0476,1280904,0.9524,12.809,0,0.0,8725,0.0065,124,0.0142,8601,0.9858,0.086,0,0.0,469362,0.349,21504,0.0458,447858,0.9542,4.4786,0,0.0,297.0,None,0.0,0,0,0,0,0.0488,42323,824445,cpu0_STLB,STLB,106987,1.0,101651,0.9501,5336,0.0499,0.0534,0,0.0,106987,101651,0.9501,5336,0.0499,0.0534,0,0.0,699.3,None,0.0,0,0,0,0,0.9501,101651,5336,2,0,0.6265,159625034,100000000,,core,1,core.1.v1.,v1,,l1d,n,l1d.n.v1.,v1,,l1i,n,l1i.n.v1.,v1,,l2c,n,l2c.n.v1.,v1,,llc,1,llc.1.v1.,v1,,memory,1,memory.1.v2.,v2,,tlbs,n,tlbs.n.v1.,v1,2,1,charlie_002_1_002.raw,2,myscript_google,charlie,0.0,0.0,/mnt/storage/traces/gtrace_v2_champsim_myscript/charlie/charlie.log,100000000,100000000,1,1,/mnt/storage/traces/gtrace_v2_champsim_myscript/charlie/charlie_0002.champsim.gz,0,0,True,
43.48,9.813,0.9472,6.661,0.954,0.7896,0.4159,0.3565,0.6358,cpu0_DTLB,DTLB,27081008,1.0,26576271,0.9814,504737,0.0186,5.0474,210197,0.0078,27081008,26576271,0.9814,504737,0.0186,5.0474,210197,0.0078,19.21,None,0.0,0,0,0,0,0.9814,26576271,504737,cpu0_ITLB,ITLB,9266434,1.0,9266424,1.0,10,0.0,0.0001,3,0.0,9266434,9266424,1.0,10,0.0,0.0001,3,0.0,924.4,None,0.0,0,0,0,0,1.0,9266424,10,cpu0_L1D,L1D,17882451,0.6249,16114324,0.9011,1768127,0.0989,17.6813,538178,0.0301,28618781,25390481,0.8872,3228300,0.1128,32.283,1592050,0.0556,13124,0.0005,83,0.0063,13041,0.9937,0.1304,11,0.0008,10723206,0.3747,9276074,0.865,1447132,0.135,14.4713,1053861,0.0983,199.1,None,0.0,0,0,0,0,0.9011,16114324,1768127,cpu0_L1I,L1I,11349989,1.0,9393493,0.8276,1956496,0.1724,19.565,752695,0.0663,11349989,9393493,0.8276,1956496,0.1724,19.565,752695,0.0663,135.9,None,0.0,0,0,0,0,0.8276,9393493,1956496,cpu0_L2C,L2C,2433743,0.7148,1505643,0.6187,928100,0.3813,9.281,0,0.0,393234,0.1155,99096,0.252,294138,0.748,2.9414,0,0.0,3404578,2064805,0.6065,1339773,0.3935,13.3977,0,0.0,13030,0.0038,1973,0.1514,11057,0.8486,0.1106,0,0.0,564571,0.1658,458093,0.8114,106478,0.1886,1.0648,0,0.0,348.4,None,0.0,0,0,0,0,0.5677,1604739,1222238,LLC,LLC,928100,0.5808,67222,0.0724,860878,0.9276,8.6088,0,0.0,294138,0.1841,9949,0.0338,284189,0.9662,2.8419,0,0.0,1597961,122407,0.0766,1475554,0.9234,14.7555,0,0.0,11057,0.0069,218,0.0197,10839,0.9803,0.1084,0,0.0,364666,0.2282,45018,0.1234,319648,0.8766,3.1965,0,0.0,304.7,None,0.0,0,0,0,0,0.0631,77171,1145067,cpu0_STLB,STLB,294547,1.0,288666,0.98,5881,0.02,0.0588,0,0.0,294547,288666,0.98,5881,0.02,0.0588,0,0.0,711.9,None,0.0,0,0,0,0,0.98,288666,5881,87,0,0.4466,223920262,100000003,,core,1,core.1.v1.,v1,,l1d,n,l1d.n.v1.,v1,,l1i,n,l1i.n.v1.,v1,,l2c,n,l2c.n.v1.,v1,,llc,1,llc.1.v1.,v1,,memory,1,memory.1.v2.,v2,,tlbs,n,tlbs.n.v1.,v1,87,1,merced_087_1_087.raw,87,myscript_google,merced,0.0,0.0,/mnt/storage/traces/gtrace_v2_champsim_myscript/merced/merced.log,None,None,1,1,/mnt/storage/traces/gtrace_v2_champsim_myscript/merced/merced_0087.champsim.gz,0,0,True,
45.7,9.011,0.9476,6.465,0.6318,1.021,0.2028,0.2626,0.4281,cpu0_DTLB,DTLB,22535528,1.0,22111755,0.9812,423773,0.0188,4.2377,178963,0.0079,22535528,22111755,0.9812,423773,0.0188,4.2377,178963,0.0079,22.73,None,0.0,0,0,0,0,0.9812,22111755,423773,cpu0_ITLB,ITLB,9136336,1.0,9136325,1.0,11,0.0,0.0001,7,0.0,9136336,9136325,1.0,11,0.0,0.0001,7,0.0,1209.0,None,0.0,0,0,0,0,1.0,9136325,11,cpu0_L1D,L1D,15347907,0.6483,13266109,0.8644,2081798,0.1356,20.818,726902,0.0474,23672411,20523347,0.867,3149064,0.133,31.4906,1500164,0.0634,14339,0.0006,126,0.0088,14213,0.9912,0.1421,8,0.0006,8310165,0.351,7257112,0.8733,1053053,0.1267,10.5305,773254,0.093,135.6,None,0.0,0,0,0,0,0.8644,13266109,2081798,cpu0_L1I,L1I,11000544,1.0,9414659,0.8558,1585885,0.1442,15.8589,633519,0.0576,11000544,9414659,0.8558,1585885,0.1442,15.8589,633519,0.0576,119.6,None,0.0,0,0,0,0,0.8558,9414659,1585885,cpu0_L2C,L2C,2307248,0.7613,1522821,0.66,784427,0.34,7.8443,0,0.0,279765,0.0923,95304,0.3407,184461,0.6593,1.8446,0,0.0,3030606,1982655,0.6542,1047951,0.3458,10.4795,0,0.0,14205,0.0047,2801,0.1972,11404,0.8028,0.114,0,0.0,429388,0.1417,361729,0.8424,67659,0.1576,0.6766,0,0.0,302.2,None,0.0,0,0,0,0,0.6255,1618125,968888,LLC,LLC,784427,0.642,62114,0.0792,722313,0.9208,7.2231,0,0.0,184461,0.151,9394,0.0509,175067,0.9491,1.7507,0,0.0,1221926,109860,0.0899,1112066,0.9101,11.1207,0,0.0,11404,0.0093,462,0.0405,10942,0.9595,0.1094,0,0.0,241634,0.1977,37890,0.1568,203744,0.8432,2.0374,0,0.0,272.2,None,0.0,0,0,0,0,0.0738,71508,897380,cpu0_STLB,STLB,244814,1.0,238440,0.974,6374,0.026,0.0637,0,0.0,244814,238440,0.974,6374,0.026,0.0637,0,0.0,680.9,None,0.0,0,0,0,0,0.974,238440,6374,43,0,0.5208,192026033,100000000,,core,1,core.1.v1.,v1,,l1d,n,l1d.n.v1.,v1,,l1i,n,l1i.n.v1.,v1,,l2c,n,l2c.n.v1.,v1,,llc,1,llc.1.v1.,v1,,memory,1,memory.1.v2.,v2,,tlbs,n,tlbs.n.v1.,v1,43,1,merced_043_1_043.raw,43,myscript_google,merced,0.0,0.0,/mnt/storage/traces/gtrace_v2_champsim_myscript/merced/merced.log,None,None,1,1,/mnt/storage/traces/gtrace_v2_champsim_myscript/merced/merced_0043.champsim.gz,0,0,True,
44.49,9.487,0.9461,6.473,0.7696,1.136,0.3256,0.2607,0.5225,cpu0_DTLB,DTLB,23047293,1.0,22484682,0.9756,562611,0.0244,5.6261,232270,0.0101,23047293,22484682,0.9756,562611,0.0244,5.6261,232270,0.0101,22.12,None,0.0,0,0,0,0,0.9756,22484682,562611,cpu0_ITLB,ITLB,9402244,1.0,9402227,1.0,17,0.0,0.0002,11,0.0,9402244,9402227,1.0,17,0.0,0.0002,11,0.0,1200.0,None,0.0,0,0,0,0,1.0,9402227,17,cpu0_L1D,L1D,15532651,0.6398,13780828,0.8872,1751823,0.1128,17.5182,552635,0.0356,24277922,21448669,0.8835,2829253,0.1165,28.2925,1326539,0.0546,17501,0.0007,141,0.0081,17360,0.9919,0.1736,16,0.0009,8727770,0.3595,7667700,0.8785,1060070,0.1215,10.6007,773888,0.0887,165.7,None,0.0,0,0,0,0,0.8872,13780828,1751823,cpu0_L1I,L1I,11474605,1.0,9367736,0.8164,2106869,0.1836,21.0687,852877,0.0743,11474605,9367736,0.8164,2106869,0.1836,21.0687,852877,0.0743,99.86,None,0.0,0,0,0,0,0.8164,9367736,2106869,cpu0_L2C,L2C,2453172,0.7674,1613190,0.6576,839982,0.3424,8.3998,0,0.0,286167,0.0895,79997,0.2795,206170,0.7205,2.0617,0,0.0,3196564,2058568,0.644,1137996,0.356,11.38,0,0.0,17344,0.0054,3149,0.1816,14195,0.8184,0.1419,0,0.0,439881,0.1376,362232,0.8235,77649,0.1765,0.7765,0,0.0,309.7,None,0.0,0,0,0,0,0.6181,1693187,1046152,LLC,LLC,839982,0.6332,66496,0.0792,773486,0.9208,7.7349,0,0.0,206169,0.1554,6036,0.0293,200133,0.9707,2.0013,0,0.0,1326480,107041,0.0807,1219439,0.9193,12.1944,0,0.0,14195,0.0107,294,0.0207,13901,0.9793,0.139,0,0.0,266134,0.2006,34215,0.1286,231919,0.8714,2.3192,0,0.0,276.7,None,0.0,0,0,0,0,0.0693,72532,973619,cpu0_STLB,STLB,330347,1.0,322508,0.9763,7839,0.0237,0.0784,0,0.0,330347,322508,0.9763,7839,0.0237,0.0784,0,0.0,721.5,None,0.0,0,0,0,0,0.9763,322508,7839,36,0,0.4867,205458376,100000004,,core,1,core.1.v1.,v1,,l1d,n,l1d.n.v1.,v1,,l1i,n,l1i.n.v1.,v1,,l2c,n,l2c.n.v1.,v1,,llc,1,llc.1.v1.,v1,,memory,1,memory.1.v2.,v2,,tlbs,n,tlbs.n.v1.,v1,36,1,merced_036_1_036.raw,36,myscript_google,merced,0.0,0.0,/mnt/storage/traces/gtrace_v2_champsim_myscript/merced/merced.log,None,None,1,1,/mnt/storage/traces/gtrace_v2_champsim_myscript/merced/merced_0036.champsim.gz,0,0,True,
74.79,4.899,0.9732,3.173,0.1615,0.1963,0.6063,0.2109,0.5503,cpu0_DTLB,DTLB,26719041,1.0,26223147,0.9814,495894,0.0186,4.9589,270736,0.0101,26719041,26223147,0.9814,495894,0.0186,4.9589,270736,0.0101,6.341,None,0.0,0,0,0,0,0.9814,26223147,495894,cpu0_ITLB,ITLB,10545033,1.0,10544961,1.0,72,0.0,0.0007,24,0.0,10545033,10544961,1.0,72,0.0,0.0007,24,0.0,263.0,None,0.0,0,0,0,0,1.0,10544961,72,cpu0_L1D,L1D,14426407,0.4989,12719302,0.8817,1707105,0.1183,17.071,768351,0.0533,28916705,25101539,0.8681,3815166,0.1319,38.1517,2346455,0.0811,828,0.0,2,0.0024,826,0.9976,0.0083,0,0.0,14489470,0.5011,12382235,0.8546,2107235,0.1454,21.0723,1578104,0.1089,293.2,None,0.0,0,0,0,0,0.8817,12719302,1707105,cpu0_L1I,L1I,12661947,1.0,11982903,0.9464,679044,0.0536,6.7904,257892,0.0204,12661947,11982903,0.9464,679044,0.0536,6.7904,257892,0.0204,114.3,None,0.0,0,0,0,0,0.9464,11982903,679044,cpu0_L2C,L2C,1359891,0.5021,705166,0.5185,654725,0.4815,6.5472,0,0.0,529112,0.1954,92088,0.174,437024,0.826,4.3702,0,0.0,2708500,1439652,0.5315,1268848,0.4685,12.6885,0,0.0,826,0.0003,111,0.1344,715,0.8656,0.0071,0,0.0,818671,0.3023,642287,0.7845,176384,0.2155,1.7638,0,0.0,365.4,None,0.0,0,0,0,0,0.4221,797254,1091749,LLC,LLC,654725,0.3809,65948,0.1007,588777,0.8993,5.8878,0,0.0,437024,0.2542,12186,0.0279,424838,0.9721,4.2484,0,0.0,1719055,127932,0.0744,1591123,0.9256,15.9112,0,0.0,715,0.0004,2,0.0028,713,0.9972,0.0071,0,0.0,626591,0.3645,49796,0.0795,576795,0.9205,5.7679,0,0.0,283.3,None,0.0,0,0,0,0,0.0716,78134,1013615,cpu0_STLB,STLB,225206,1.0,224838,0.9984,368,0.0016,0.0037,0,0.0,225206,224838,0.9984,368,0.0016,0.0037,0,0.0,852.5,None,0.0,0,0,0,0,0.9984,224838,368,16,0,0.5253,190372903,100000001,,core,1,core.1.v1.,v1,,l1d,n,l1d.n.v1.,v1,,l1i,n,l1i.n.v1.,v1,,l2c,n,l2c.n.v1.,v1,,llc,1,llc.1.v1.,v1,,memory,1,memory.1.v2.,v2,,tlbs,n,tlbs.n.v1.,v1,16,1,tahoe_016_1_016.raw,16,myscript_google,tahoe,0.0,0.0,/mnt/storage/traces/gtrace_v2_champsim_myscript/tahoe/tahoe.log,100000000,100000000,1,1,/mnt/storage/traces/gtrace_v2_champsim_myscript/tahoe/tahoe_0016.champsim.gz,0,0,True,
46.18,8.998,0.9512,5.379,1.271,0.7423,0.4806,0.3987,0.7255,cpu0_DTLB,DTLB,25413049,1.0,24958182,0.9821,454867,0.0179,4.5487,192151,0.0076,25413049,24958182,0.9821,454867,0.0179,4.5487,192151,0.0076,10.46,None,0.0,0,0,0,0,0.9821,24958182,454867,cpu0_ITLB,ITLB,9330798,1.0,9330697,1.0,101,0.0,0.001,48,0.0,9330798,9330697,1.0,101,0.0,0.001,48,0.0,316.8,None,0.0,0,0,0,0,1.0,9330697,101,cpu0_L1D,L1D,16330450,0.6084,14977856,0.9172,1352594,0.0828,13.5259,397357,0.0243,26843596,24062624,0.8964,2780972,0.1036,27.8097,1473275,0.0549,3446,0.0001,34,0.0099,3412,0.9901,0.0341,6,0.0017,10509700,0.3915,9084734,0.8644,1424966,0.1356,14.2497,1075912,0.1024,196.9,None,0.0,0,0,0,0,0.9172,14977856,1352594,cpu0_L1I,L1I,11182624,1.0,9501421,0.8497,1681203,0.1503,16.812,628250,0.0562,11182624,9501421,0.8497,1681203,0.1503,16.812,628250,0.0562,114.8,None,0.0,0,0,0,0,0.8497,9501421,1681203,cpu0_L2C,L2C,2008176,0.7031,1161035,0.5782,847141,0.4218,8.4714,0,0.0,349029,0.1222,78391,0.2246,270638,0.7754,2.7064,0,0.0,2856136,1640149,0.5743,1215987,0.4257,12.1599,0,0.0,3406,0.0012,375,0.1101,3031,0.8899,0.0303,0,0.0,495525,0.1735,400348,0.8079,95177,0.1921,0.9518,0,0.0,295.8,None,0.0,0,0,0,0,0.5258,1239426,1117779,LLC,LLC,847141,0.5761,213105,0.2516,634036,0.7484,6.3404,0,0.0,270638,0.1841,6259,0.0231,264379,0.9769,2.6438,0,0.0,1470459,256195,0.1742,1214264,0.8258,12.1426,0,0.0,3031,0.0021,15,0.0049,3016,0.9951,0.0302,0,0.0,349649,0.2378,36816,0.1053,312833,0.8947,3.1283,0,0.0,283.6,None,0.0,0,0,0,0,0.1962,219364,898415,cpu0_STLB,STLB,262769,1.0,261192,0.994,1577,0.006,0.0158,0,0.0,262769,261192,0.994,1577,0.006,0.0158,0,0.0,918.2,None,0.0,0,0,0,0,0.994,261192,1577,69,0,0.547,182805798,100000001,,core,1,core.1.v1.,v1,,l1d,n,l1d.n.v1.,v1,,l1i,n,l1i.n.v1.,v1,,l2c,n,l2c.n.v1.,v1,,llc,1,llc.1.v1.,v1,,memory,1,memory.1.v2.,v2,,tlbs,n,tlbs.n.v1.,v1,69,1,yankee_069_1_069.raw,69,myscript_google,yankee,0.0,0.0,/mnt/storage/traces/gtrace_v2_champsim_myscript/yankee/yankee.log,None,None,1,1,/mnt/storage/traces/gtrace_v2_champsim_myscript/yankee/yankee_0069.champsim.gz,0,0,True,
42.55,9.994,0.9457,5.834,1.559,0.8371,0.4496,0.4575,0.856,cpu0_DTLB,DTLB,26308826,1.0,25832327,0.9819,476499,0.0181,4.765,201636,0.0077,26308826,25832327,0.9819,476499,0.0181,4.765,201636,0.0077,8.345,None,0.0,0,0,0,0,0.9819,25832327,476499,cpu0_ITLB,ITLB,9504113,1.0,9504034,1.0,79,0.0,0.0008,18,0.0,9504113,9504034,1.0,79,0.0,0.0008,18,0.0,187.5,None,0.0,0,0,0,0,1.0,9504034,79,cpu0_L1D,L1D,16505842,0.5937,14908474,0.9032,1597368,0.0968,15.9737,486477,0.0295,27799313,24630968,0.886,3168345,0.114,31.6834,1662649,0.0598,2135,0.0001,4,0.0019,2131,0.9981,0.0213,2,0.0009,11291336,0.4062,9722490,0.8611,1568846,0.1389,15.6885,1176170,0.1042,198.4,None,0.0,0,0,0,0,0.9032,14908474,1597368,cpu0_L1I,L1I,11435179,1.0,9221496,0.8064,2213683,0.1936,22.1368,834158,0.0729,11435179,9221496,0.8064,2213683,0.1936,22.1368,834158,0.0729,131.2,None,0.0,0,0,0,0,0.8064,9221496,2213683,cpu0_L2C,L2C,2490409,0.7218,1479741,0.5942,1010668,0.4058,10.1067,0,0.0,392654,0.1138,91558,0.2332,301096,0.7668,3.011,0,0.0,3450161,2024677,0.5868,1425484,0.4132,14.2548,0,0.0,2129,0.0006,136,0.0639,1993,0.9361,0.0199,0,0.0,564969,0.1638,453242,0.8022,111727,0.1978,1.1173,0,0.0,320.6,None,0.0,0,0,0,0,0.545,1571299,1311764,LLC,LLC,1010668,0.5905,124271,0.123,886397,0.877,8.864,0,0.0,301096,0.1759,10311,0.0342,290785,0.9658,2.9078,0,0.0,1711634,181588,0.1061,1530046,0.8939,15.3005,0,0.0,1993,0.0012,7,0.0035,1986,0.9965,0.0199,0,0.0,397877,0.2325,46999,0.1181,350878,0.8819,3.5088,0,0.0,286.8,None,0.0,0,0,0,0,0.1026,134582,1177182,cpu0_STLB,STLB,274924,1.0,273885,0.9962,1039,0.0038,0.0104,0,0.0,274924,273885,0.9962,1039,0.0038,0.0104,0,0.0,894.5,None,0.0,0,0,0,0,0.9962,273885,1039,28,0,0.4467,223858757,100000001,,core,1,core.1.v1.,v1,,l1d,n,l1d.n.v1.,v1,,l1i,n,l1i.n.v1.,v1,,l2c,n,l2c.n.v1.,v1,,llc,1,llc.1.v1.,v1,,memory,1,memory.1.v2.,v2,,tlbs,n,tlbs.n.v1.,v1,28,1,yankee_028_1_028.raw,28,myscript_google,yankee,0.0,0.0,/mnt/storage/traces/gtrace_v2_champsim_myscript/yankee/yankee.log,None,None,1,1,/mnt/storage/traces/gtrace_v2_champsim_myscript/yankee/yankee_0028.champsim.gz,0,0,True,
43.67,9.867,0.9492,5.586,1.153,0.993,0.4452,0.6172,1.073,cpu0_DTLB,DTLB,27891347,1.0,27416790,0.983,474557,0.017,4.7456,200199,0.0072,27891347,27416790,0.983,474557,0.017,4.7456,200199,0.0072,17.15,None,0.0,0,0,0,0,0.983,27416790,474557,cpu0_ITLB,ITLB,9471958,1.0,9471670,1.0,288,0.0,0.0029,64,0.0,9471958,9471670,1.0,288,0.0,0.0029,64,0.0,217.2,None,0.0,0,0,0,0,1.0,9471670,288,cpu0_L1D,L1D,17576586,0.5881,16032177,0.9121,1544409,0.0879,15.4441,435276,0.0248,29885150,26988982,0.9031,2896168,0.0969,28.9617,1377119,0.0461,8856,0.0003,99,0.0112,8757,0.9888,0.0876,17,0.0019,12299708,0.4116,10956706,0.8908,1343002,0.1092,13.43,941826,0.0766,309.0,None,0.0,0,0,0,0,0.9121,16032177,1544409,cpu0_L1I,L1I,11294907,1.0,8728207,0.7728,2566700,0.2272,25.667,902709,0.0799,11294907,8728207,0.7728,2566700,0.2272,25.667,902709,0.0799,103.9,None,0.0,0,0,0,0,0.7728,8728207,2566700,cpu0_L2C,L2C,2773118,0.7408,1680240,0.6059,1092878,0.3941,10.9288,0,0.0,401160,0.1072,79278,0.1976,321882,0.8024,3.2188,0,0.0,3743310,2197877,0.5871,1545433,0.4129,15.4543,0,0.0,8740,0.0023,1511,0.1729,7229,0.8271,0.0723,0,0.0,560292,0.1497,436848,0.7797,123444,0.2203,1.2344,0,0.0,399.3,None,0.0,0,0,0,0,0.5543,1759518,1414760,LLC,LLC,1092878,0.5987,52686,0.0482,1040192,0.9518,10.4019,0,0.0,321882,0.1763,8865,0.0275,313017,0.9725,3.1302,0,0.0,1825299,108589,0.0595,1716710,0.9405,17.1671,0,0.0,7229,0.004,126,0.0174,7103,0.9826,0.071,0,0.0,403310,0.221,46912,0.1163,356398,0.8837,3.564,0,0.0,347.9,None,0.0,0,0,0,0,0.0435,61551,1353209,cpu0_STLB,STLB,274582,1.0,270562,0.9854,4020,0.0146,0.0402,0,0.0,274582,270562,0.9854,4020,0.0146,0.0402,0,0.0,839.9,None,0.0,0,0,0,0,0.9854,270562,4020,1,0,0.4024,248478367,100000001,,core,1,core.1.v1.,v1,,l1d,n,l1d.n.v1.,v1,,l1i,n,l1i.n.v1.,v1,,l2c,n,l2c.n.v1.,v1,,llc,1,llc.1.v1.,v1,,memory,1,memory.1.v2.,v2,,tlbs,n,tlbs.n.v1.,v1,1,1,tahoe_001_1_001.raw,1,myscript_google,tahoe,0.0,0.0,/mnt/storage/traces/gtrace_v2_champsim_myscript/tahoe/tahoe.log,100000000,100000000,1,1,/mnt/storage/traces/gtrace_v2_champsim_myscript/tahoe/tahoe_0001.champsim.gz,0,0,True,
101.7,3.302,0.9808,2.202,0.1036,0.1752,0.4019,0.0985,0.3205,cpu0_DTLB,DTLB,26054251,1.0,25656394,0.9847,397857,0.0153,3.9786,216284,0.0083,26054251,25656394,0.9847,397857,0.0153,3.9786,216284,0.0083,10.41,None,0.0,0,0,0,0,0.9847,25656394,397857,cpu0_ITLB,ITLB,11053406,1.0,11053404,1.0,2,0.0,0.0,0,0.0,11053406,11053404,1.0,2,0.0,0.0,0,0.0,974.5,None,0.0,0,0,0,0,1.0,11053404,2,cpu0_L1D,L1D,14091472,0.4966,12347454,0.8762,1744018,0.1238,17.4402,886962,0.0629,28377697,23544300,0.8297,4833397,0.1703,48.334,3320516,0.117,2956,0.0001,12,0.0041,2944,0.9959,0.0294,0,0.0,14283269,0.5033,11196834,0.7839,3086435,0.2161,30.8644,2433554,0.1704,408.7,None,0.0,0,0,0,0,0.8762,12347454,1744018,cpu0_L1I,L1I,13573230,1.0,13233372,0.975,339858,0.025,3.3986,135172,0.01,13573230,13233372,0.975,339858,0.025,3.3986,135172,0.01,185.0,None,0.0,0,0,0,0,0.975,13233372,339858,cpu0_L2C,L2C,1061729,0.4113,466760,0.4396,594969,0.5604,5.9497,0,0.0,652866,0.2529,67092,0.1028,585774,0.8972,5.8577,0,0.0,2581107,1189249,0.4608,1391858,0.5392,13.9186,0,0.0,2944,0.0011,438,0.1488,2506,0.8512,0.0251,0,0.0,863568,0.3346,654959,0.7584,208609,0.2416,2.0861,0,0.0,461.3,None,0.0,0,0,0,0,0.3114,533852,1180743,LLC,LLC,594969,0.314,34748,0.0584,560221,0.9416,5.6022,0,0.0,585774,0.3091,7148,0.0122,578626,0.9878,5.7863,0,0.0,1894853,66269,0.035,1828584,0.965,18.2858,0,0.0,2506,0.0013,15,0.006,2491,0.994,0.0249,0,0.0,711604,0.3755,24358,0.0342,687246,0.9658,6.8725,0,0.0,343.8,None,0.0,0,0,0,0,0.0355,41896,1138847,cpu0_STLB,STLB,181575,1.0,180213,0.9925,1362,0.0075,0.0136,0,0.0,181575,180213,0.9925,1362,0.0075,0.0136,0,0.0,721.3,None,0.0,0,0,0,0,0.9925,180213,1362,15,0,0.5636,177423805,100000000,,core,1,core.1.v1.,v1,,l1d,n,l1d.n.v1.,v1,,l1i,n,l1i.n.v1.,v1,,l2c,n,l2c.n.v1.,v1,,llc,1,llc.1.v1.,v1,,memory,1,memory.1.v2.,v2,,tlbs,n,tlbs.n.v1.,v1,15,1,merced_015_1_015.raw,15,myscript_google,merced,0.0,0.0,/mnt/storage/traces/gtrace_v2_champsim_myscript/merced/merced.log,None,None,1,1,/mnt/storage/traces/gtrace_v2_champsim_myscript/merced/merced_0015.champsim.gz,0,0,True,
70.79,5.856,0.9693,3.409,0.7168,0.4912,0.3765,0.2422,0.6199,cpu0_DTLB,DTLB,25322124,1.0,24717670,0.9761,604454,0.0239,6.0445,277800,0.011,25322124,24717670,0.9761,604454,0.0239,6.0445,277800,0.011,13.47,None,0.0,0,0,0,0,0.9761,24717670,604454,cpu0_ITLB,ITLB,10953530,1.0,10952222,0.9999,1308,0.0001,0.0131,909,0.0001,10953530,10952222,0.9999,1308,0.0001,0.0131,909,0.0001,25.19,None,0.0,0,0,0,0,0.9999,10952222,1308,cpu0_L1D,L1D,14449535,0.537,13034391,0.9021,1415144,0.0979,14.1514,448822,0.0311,26906971,23950859,0.8901,2956112,0.1099,29.5611,1629170,0.0605,8938,0.0003,94,0.0105,8844,0.9895,0.0884,79,0.0088,12448498,0.4626,10916374,0.8769,1532124,0.1231,15.3212,1180269,0.0948,192.7,None,0.0,0,0,0,0,0.9021,13034391,1415144,cpu0_L1I,L1I,12746990,1.0,10259588,0.8049,2487402,0.1951,24.874,967380,0.0759,12746990,10259588,0.8049,2487402,0.1951,24.874,967380,0.0759,38.98,None,0.0,0,0,0,0,0.8049,10259588,2487402,cpu0_L2C,L2C,2486337,0.7337,1971383,0.7929,514954,0.2071,5.1495,0,0.0,351834,0.1038,79699,0.2265,272135,0.7735,2.7214,0,0.0,3388812,2503618,0.7388,885194,0.2612,8.8519,0,0.0,8765,0.0026,1510,0.1723,7255,0.8277,0.0726,0,0.0,541876,0.1599,451026,0.8323,90850,0.1677,0.9085,0,0.0,331.0,None,0.0,0,0,0,0,0.7227,2051082,787089,LLC,LLC,514954,0.4418,66183,0.1285,448771,0.8715,4.4877,0,0.0,272135,0.2335,6940,0.0255,265195,0.9745,2.6519,0,0.0,1165602,124047,0.1064,1041555,0.8936,10.4155,0,0.0,7255,0.0062,162,0.0223,7093,0.9777,0.0709,0,0.0,371258,0.3185,50762,0.1367,320496,0.8633,3.205,0,0.0,271.6,None,0.0,0,0,0,0,0.0929,73123,713966,cpu0_STLB,STLB,327053,1.0,322933,0.9874,4120,0.0126,0.0412,0,0.0,327053,322933,0.9874,4120,0.0126,0.0412,0,0.0,672.6,None,0.0,0,0,0,0,0.9874,322933,4120,39,0,0.642,155767733,100000000,,core,1,core.1.v1.,v1,,l1d,n,l1d.n.v1.,v1,,l1i,n,l1i.n.v1.,v1,,l2c,n,l2c.n.v1.,v1,,llc,1,llc.1.v1.,v1,,memory,1,memory.1.v2.,v2,,tlbs,n,tlbs.n.v1.,v1,39,1,tango_039_1_039.raw,39,myscript_google,tango,0.0,0.0,/mnt/storage/traces/gtrace_v2_champsim_myscript/tango/tango.log,100000000,100000000,1,1,/mnt/storage/traces/gtrace_v2_champsim_myscript/tango/tango_0039.champsim.gz,0,0,True,
42.88,10.45,0.943,5.927,1.664,0.9294,0.5125,0.4938,0.9213,cpu0_DTLB,DTLB,26763498,1.0,26240924,0.9805,522574,0.0195,5.2257,221956,0.0083,26763498,26240924,0.9805,522574,0.0195,5.2257,221956,0.0083,7.581,None,0.0,0,0,0,0,0.9805,26240924,522574,cpu0_ITLB,ITLB,9226923,1.0,9226808,1.0,115,0.0,0.0011,42,0.0,9226923,9226808,1.0,115,0.0,0.0011,42,0.0,229.9,None,0.0,0,0,0,0,1.0,9226808,115,cpu0_L1D,L1D,16801238,0.5945,15217008,0.9057,1584230,0.0943,15.8423,477047,0.0284,28261675,25109410,0.8885,3152265,0.1115,31.5226,1651814,0.0584,2023,0.0001,2,0.001,2021,0.999,0.0202,0,0.0,11458414,0.4054,9892400,0.8633,1566014,0.1367,15.6601,1174767,0.1025,199.0,None,0.0,0,0,0,0,0.9057,15217008,1584230,cpu0_L1I,L1I,11074915,1.0,8759938,0.791,2314977,0.209,23.1498,869635,0.0785,11074915,8759938,0.791,2314977,0.209,23.1498,869635,0.0785,127.6,None,0.0,0,0,0,0,0.791,8759938,2314977,cpu0_L2C,L2C,2552509,0.7259,1497931,0.5868,1054578,0.4132,10.5458,0,0.0,391224,0.1113,88445,0.2261,302779,0.7739,3.0278,0,0.0,3516207,2042326,0.5808,1473881,0.4192,14.7388,0,0.0,2021,0.0006,103,0.051,1918,0.949,0.0192,0,0.0,570453,0.1622,455847,0.7991,114606,0.2009,1.1461,0,0.0,312.0,None,0.0,0,0,0,0,0.5389,1586376,1357357,LLC,LLC,1054578,0.5982,132016,0.1252,922562,0.8748,9.2256,0,0.0,302779,0.1718,8176,0.027,294603,0.973,2.946,0,0.0,1762859,185972,0.1055,1576887,0.8945,15.7689,0,0.0,1918,0.0011,13,0.0068,1905,0.9932,0.019,0,0.0,403584,0.2289,45767,0.1134,357817,0.8866,3.5782,0,0.0,279.7,None,0.0,0,0,0,0,0.1033,140192,1217165,cpu0_STLB,STLB,300691,1.0,299703,0.9967,988,0.0033,0.0099,0,0.0,300691,299703,0.9967,988,0.0033,0.0099,0,0.0,800.7,None,0.0,0,0,0,0,0.9967,299703,988,8,0,0.4315,231758248,100000003,,core,1,core.1.v1.,v1,,l1d,n,l1d.n.v1.,v1,,l1i,n,l1i.n.v1.,v1,,l2c,n,l2c.n.v1.,v1,,llc,1,llc.1.v1.,v1,,memory,1,memory.1.v2.,v2,,tlbs,n,tlbs.n.v1.,v1,8,1,yankee_008_1_008.raw,8,myscript_google,yankee,0.0,0.0,/mnt/storage/traces/gtrace_v2_champsim_myscript/yankee/yankee.log,None,None,1,1,/mnt/storage/traces/gtrace_v2_champsim_myscript/yankee/yankee_0008.champsim.gz,0,0,True,
42.46,10.92,0.9408,6.484,1.564,0.9595,0.5288,0.5064,0.8741,cpu0_DTLB,DTLB,26881144,1.0,26379592,0.9813,501552,0.0187,5.0155,214667,0.008,26881144,26379592,0.9813,501552,0.0187,5.0155,214667,0.008,8.787,None,0.0,0,0,0,0,0.9813,26379592,501552,cpu0_ITLB,ITLB,8811892,1.0,8811802,1.0,90,0.0,0.0009,45,0.0,8811892,8811802,1.0,90,0.0,0.0009,45,0.0,154.5,None,0.0,0,0,0,0,1.0,8811802,90,cpu0_L1D,L1D,16481059,0.5796,14868397,0.9022,1612662,0.0978,16.1266,470183,0.0285,28433479,25066083,0.8816,3367396,0.1184,33.674,1779364,0.0626,2830,0.0001,18,0.0064,2812,0.9936,0.0281,3,0.0011,11949590,0.4203,10197668,0.8534,1751922,0.1466,17.5192,1309178,0.1096,203.8,None,0.0,0,0,0,0,0.9022,14868397,1612662,cpu0_L1I,L1I,10678012,1.0,8553359,0.801,2124653,0.199,21.2465,791905,0.0742,10678012,8553359,0.801,2124653,0.199,21.2465,791905,0.0742,116.9,None,0.0,0,0,0,0,0.801,8553359,2124653,cpu0_L2C,L2C,2475210,0.7003,1450552,0.586,1024658,0.414,10.2466,0,0.0,442707,0.1253,103552,0.2339,339155,0.7661,3.3916,0,0.0,3534354,2048752,0.5797,1485602,0.4203,14.856,0,0.0,2809,0.0008,247,0.0879,2562,0.9121,0.0256,0,0.0,613628,0.1736,494401,0.8057,119227,0.1943,1.1923,0,0.0,307.1,None,0.0,0,0,0,0,0.5326,1554104,1363813,LLC,LLC,1024658,0.57,230914,0.2254,793744,0.7746,7.9374,0,0.0,339155,0.1887,11458,0.0338,327697,0.9662,3.277,0,0.0,1797795,290770,0.1617,1507025,0.8383,15.0702,0,0.0,2562,0.0014,19,0.0074,2543,0.9926,0.0254,0,0.0,431420,0.24,48379,0.1121,383041,0.8879,3.8304,0,0.0,290.3,None,0.0,0,0,0,0,0.1777,242372,1121441,cpu0_STLB,STLB,286930,1.0,285616,0.9954,1314,0.0046,0.0131,0,0.0,286930,285616,0.9954,1314,0.0046,0.0131,0,0.0,830.8,None,0.0,0,0,0,0,0.9954,285616,1314,51,0,0.4609,216950426,100000000,,core,1,core.1.v1.,v1,,l1d,n,l1d.n.v1.,v1,,l1i,n,l1i.n.v1.,v1,,l2c,n,l2c.n.v1.,v1,,llc,1,llc.1.v1.,v1,,memory,1,memory.1.v2.,v2,,tlbs,n,tlbs.n.v1.,v1,51,1,yankee_051_1_051.raw,51,myscript_google,yankee,0.0,0.0,/mnt/storage/traces/gtrace_v2_champsim_myscript/yankee/yankee.log,None,None,1,1,/mnt/storage/traces/gtrace_v2_champsim_myscript/yankee/yankee_0051.champsim.gz,0,0,True,
42.26,10.71,0.9405,7.671,0.7091,1.423,0.2084,0.2282,0.471,cpu0_DTLB,DTLB,22478145,1.0,22024754,0.9798,453391,0.0202,4.5339,191305,0.0085,22478145,22024754,0.9798,453391,0.0202,4.5339,191305,0.0085,28.08,None,0.0,0,0,0,0,0.9798,22024754,453391,cpu0_ITLB,ITLB,8418101,1.0,8418085,1.0,16,0.0,0.0002,5,0.0,8418101,8418085,1.0,16,0.0,0.0002,5,0.0,1035.0,None,0.0,0,0,0,0,1.0,8418085,16,cpu0_L1D,L1D,15446763,0.6552,13235253,0.8568,2211510,0.1432,22.1151,722775,0.0468,23575496,20270433,0.8598,3305063,0.1402,33.0506,1516504,0.0643,18005,0.0008,119,0.0066,17886,0.9934,0.1789,15,0.0008,8110728,0.344,7035061,0.8674,1075667,0.1326,10.7567,793714,0.0979,135.7,None,0.0,0,0,0,0,0.8568,13235253,2211510,cpu0_L1I,L1I,10168860,1.0,8431391,0.8291,1737469,0.1709,17.3747,695604,0.0684,10168860,8431391,0.8291,1737469,0.1709,17.3747,695604,0.0684,99.85,None,0.0,0,0,0,0,0.8291,8431391,1737469,cpu0_L2C,L2C,2530577,0.7767,1733279,0.6849,797298,0.3151,7.973,0,0.0,281921,0.0865,85049,0.3017,196872,0.6983,1.9687,0,0.0,3257968,2176794,0.6681,1081174,0.3319,10.8117,0,0.0,17871,0.0055,3561,0.1993,14310,0.8007,0.1431,0,0.0,427599,0.1312,354905,0.83,72694,0.17,0.7269,0,0.0,300.0,None,0.0,0,0,0,0,0.6465,1818328,994170,LLC,LLC,797298,0.6304,69668,0.0874,727630,0.9126,7.2763,0,0.0,196872,0.1557,7730,0.0393,189142,0.9607,1.8914,0,0.0,1264660,111808,0.0884,1152852,0.9116,11.5285,0,0.0,14310,0.0113,251,0.0175,14059,0.9825,0.1406,0,0.0,256180,0.2026,34159,0.1333,222021,0.8667,2.2202,0,0.0,268.9,None,0.0,0,0,0,0,0.0779,77398,916772,cpu0_STLB,STLB,262097,1.0,254082,0.9694,8015,0.0306,0.0801,0,0.0,262097,254082,0.9694,8015,0.0306,0.0801,0,0.0,755.0,None,0.0,0,0,0,0,0.9694,254082,8015,74,0,0.49,204067381,100000000,,core,1,core.1.v1.,v1,,l1d,n,l1d.n.v1.,v1,,l1i,n,l1i.n.v1.,v1,,l2c,n,l2c.n.v1.,v1,,llc,1,llc.1.v1.,v1,,memory,1,memory.1.v2.,v2,,tlbs,n,tlbs.n.v1.,v1,74,1,merced_074_1_074.raw,74,myscript_google,merced,0.0,0.0,/mnt/storage/traces/gtrace_v2_champsim_myscript/merced/merced.log,None,None,1,1,/mnt/storage/traces/gtrace_v2_champsim_myscript/merced/merced_0074.champsim.gz,0,0,True,
63.66,1.024,0.9828,0.6418,0.1017,0.0886,0.0343,0.0635,0.0939,cpu0_DTLB,DTLB,15328546,1.0,15268062,0.9961,60484,0.0039,0.6048,22489,0.0015,15328546,15268062,0.9961,60484,0.0039,0.6048,22489,0.0015,11.3,None,0.0,0,0,0,0,0.9961,15268062,60484,cpu0_ITLB,ITLB,17680751,1.0,17680715,1.0,36,0.0,0.0004,11,0.0,17680751,17680715,1.0,36,0.0,0.0004,11,0.0,430.3,None,0.0,0,0,0,0,1.0,17680715,36,cpu0_L1D,L1D,13541023,0.8669,7912775,0.5844,5628248,0.4156,56.2825,2760552,0.2039,15620638,9867196,0.6317,5753442,0.3683,57.5344,2845177,0.1821,575,0.0,1,0.0017,574,0.9983,0.0057,4,0.007,2079040,0.1331,1954420,0.9401,124620,0.0599,1.2462,84621,0.0407,162.7,None,0.0,0,0,0,0,0.5844,7912775,5628248,cpu0_L1I,L1I,20547391,1.0,20362741,0.991,184650,0.009,1.8465,62289,0.003,20547391,20362741,0.991,184650,0.009,1.8465,62289,0.003,147.7,None,0.0,0,0,0,0,0.991,20362741,184650,cpu0_L2C,L2C,2990055,0.9579,189833,0.0635,2800222,0.9365,28.0022,0,0.0,39998,0.0128,14020,0.3505,25978,0.6495,0.2598,0,0.0,3121612,278238,0.0891,2843374,0.9109,28.4337,0,0.0,570,0.0002,134,0.2351,436,0.7649,0.0044,0,0.0,90989,0.0291,74251,0.816,16738,0.184,0.1674,0,0.0,163.3,None,0.0,0,0,0,0,0.0673,203853,2826200,LLC,LLC,2800222,0.9718,17270,0.0062,2782952,0.9938,27.8295,0,0.0,25978,0.009,2196,0.0845,23782,0.9155,0.2378,0,0.0,2881609,28316,0.0098,2853293,0.9902,28.5329,0,0.0,436,0.0002,8,0.0183,428,0.9817,0.0043,0,0.0,54973,0.0191,8842,0.1608,46131,0.8392,0.4613,0,0.0,147.0,None,0.0,0,0,0,0,0.0069,19466,2806734,cpu0_STLB,STLB,38020,1.0,37743,0.9927,277,0.0073,0.0028,0,0.0,38020,37743,0.9927,277,0.0073,0.0028,0,0.0,900.8,None,0.0,0,0,0,0,0.9927,37743,277,29,0,0.5175,193229889,100000002,,core,1,core.1.v1.,v1,,l1d,n,l1d.n.v1.,v1,,l1i,n,l1i.n.v1.,v1,,l2c,n,l2c.n.v1.,v1,,llc,1,llc.1.v1.,v1,,memory,1,memory.1.v2.,v2,,tlbs,n,tlbs.n.v1.,v1,29,1,tahoe_029_1_029.raw,29,myscript_google,tahoe,0.0,0.0,/mnt/storage/traces/gtrace_v2_champsim_myscript/tahoe/tahoe.log,100000000,100000000,1,1,/mnt/storage/traces/gtrace_v2_champsim_myscript/tahoe/tahoe_0029.champsim.gz,0,0,True,
61.96,6.585,0.9643,4.01,0.8091,0.534,0.2861,0.2746,0.6711,cpu0_DTLB,DTLB,25569368,1.0,24953981,0.9759,615387,0.0241,6.1539,277471,0.0109,25569368,24953981,0.9759,615387,0.0241,6.1539,277471,0.0109,16.46,None,0.0,0,0,0,0,0.9759,24953981,615387,cpu0_ITLB,ITLB,11543279,1.0,11542139,0.9999,1140,0.0001,0.0114,769,0.0001,11543279,11542139,0.9999,1140,0.0001,0.0114,769,0.0001,45.9,None,0.0,0,0,0,0,0.9999,11542139,1140,cpu0_L1D,L1D,14559705,0.5351,13118149,0.901,1441556,0.099,14.4156,455984,0.0313,27211560,24001876,0.882,3209684,0.118,32.0968,1788672,0.0657,11446,0.0004,137,0.012,11309,0.988,0.1131,96,0.0084,12640409,0.4645,10883590,0.861,1756819,0.139,17.5682,1332592,0.1054,241.1,None,0.0,0,0,0,0,0.901,13118149,1441556,cpu0_L1I,L1I,13544345,1.0,10810660,0.7982,2733685,0.2018,27.3368,1062287,0.0784,13544345,10810660,0.7982,2733685,0.2018,27.3368,1062287,0.0784,45.16,None,0.0,0,0,0,0,0.7982,10810660,2733685,cpu0_L2C,L2C,2656953,0.7153,2069121,0.7788,587832,0.2212,5.8783,0,0.0,424205,0.1142,96617,0.2278,327588,0.7722,3.2759,0,0.0,3714474,2690878,0.7244,1023596,0.2756,10.236,0,0.0,11213,0.003,1936,0.1727,9277,0.8273,0.0928,0,0.0,622103,0.1675,523204,0.841,98899,0.159,0.989,0,0.0,385.1,None,0.0,0,0,0,0,0.7029,2165738,915420,LLC,LLC,587832,0.4356,80180,0.1364,507652,0.8636,5.0765,0,0.0,327588,0.2428,10236,0.0312,317352,0.9688,3.1735,0,0.0,1349411,145113,0.1075,1204298,0.8925,12.043,0,0.0,9277,0.0069,234,0.0252,9043,0.9748,0.0904,0,0.0,424714,0.3147,54463,0.1282,370251,0.8718,3.7025,0,0.0,317.5,None,0.0,0,0,0,0,0.0988,90416,825004,cpu0_STLB,STLB,338287,1.0,332933,0.9842,5354,0.0158,0.0535,0,0.0,338287,332933,0.9842,5354,0.0158,0.0535,0,0.0,724.9,None,0.0,0,0,0,0,0.9842,332933,5354,16,0,0.595,168077305,100000000,,core,1,core.1.v1.,v1,,l1d,n,l1d.n.v1.,v1,,l1i,n,l1i.n.v1.,v1,,l2c,n,l2c.n.v1.,v1,,llc,1,llc.1.v1.,v1,,memory,1,memory.1.v2.,v2,,tlbs,n,tlbs.n.v1.,v1,16,1,tango_016_1_016.raw,16,myscript_google,tango,0.0,0.0,/mnt/storage/traces/gtrace_v2_champsim_myscript/tango/tango.log,100000000,100000000,1,1,/mnt/storage/traces/gtrace_v2_champsim_myscript/tango/tango_0016.champsim.gz,0,0,True,
42.15,10.25,0.9399,6.068,1.54,0.8229,0.4954,0.4558,0.8638,cpu0_DTLB,DTLB,26777499,1.0,26334318,0.9834,443181,0.0166,4.4318,185981,0.0069,26777499,26334318,0.9834,443181,0.0166,4.4318,185981,0.0069,10.21,None,0.0,0,0,0,0,0.9834,26334318,443181,cpu0_ITLB,ITLB,9332078,1.0,9331981,1.0,97,0.0,0.001,48,0.0,9332078,9331981,1.0,97,0.0,0.001,48,0.0,184.2,None,0.0,0,0,0,0,1.0,9331981,97,cpu0_L1D,L1D,16333547,0.5712,14796527,0.9059,1537020,0.0941,15.3702,468558,0.0287,28594171,25414763,0.8888,3179408,0.1112,31.7941,1699687,0.0594,3489,0.0001,31,0.0089,3458,0.9911,0.0346,3,0.0009,12257135,0.4287,10618205,0.8663,1638930,0.1337,16.3893,1231126,0.1004,207.6,None,0.0,0,0,0,0,0.9059,14796527,1537020,cpu0_L1I,L1I,11236011,1.0,9056075,0.806,2179936,0.194,21.7994,823497,0.0733,11236011,9056075,0.806,2179936,0.194,21.7994,823497,0.0733,130.5,None,0.0,0,0,0,0,0.806,9056075,2179936,cpu0_L2C,L2C,2424889,0.7115,1377972,0.5683,1046917,0.4317,10.4692,0,0.0,407778,0.1196,99637,0.2443,308141,0.7557,3.0814,0,0.0,3408248,1937985,0.5686,1470263,0.4314,14.7026,0,0.0,3455,0.001,260,0.0753,3195,0.9247,0.0319,0,0.0,572126,0.1679,460116,0.8042,112010,0.1958,1.1201,0,0.0,314.1,None,0.0,0,0,0,0,0.5216,1477609,1355058,LLC,LLC,1046917,0.595,163717,0.1564,883200,0.8436,8.832,0,0.0,308141,0.1751,10469,0.034,297672,0.966,2.9767,0,0.0,1759650,220933,0.1256,1538717,0.8744,15.3872,0,0.0,3195,0.0018,25,0.0078,3170,0.9922,0.0317,0,0.0,401397,0.2281,46722,0.1164,354675,0.8836,3.5467,0,0.0,287.9,None,0.0,0,0,0,0,0.1285,174186,1180872,cpu0_STLB,STLB,257249,1.0,255629,0.9937,1620,0.0063,0.0162,0,0.0,257249,255629,0.9937,1620,0.0063,0.0162,0,0.0,832.1,None,0.0,0,0,0,0,0.9937,255629,1620,33,0,0.4468,223794968,100000000,,core,1,core.1.v1.,v1,,l1d,n,l1d.n.v1.,v1,,l1i,n,l1i.n.v1.,v1,,l2c,n,l2c.n.v1.,v1,,llc,1,llc.1.v1.,v1,,memory,1,memory.1.v2.,v2,,tlbs,n,tlbs.n.v1.,v1,33,1,yankee_033_1_033.raw,33,myscript_google,yankee,0.0,0.0,/mnt/storage/traces/gtrace_v2_champsim_myscript/yankee/yankee.log,None,None,1,1,/mnt/storage/traces/gtrace_v2_champsim_myscript/yankee/yankee_0033.champsim.gz,0,0,True,
40.72,12.18,0.93,5.929,1.928,2.516,0.2463,0.3623,1.197,cpu0_DTLB,DTLB,27891961,1.0,26938906,0.9658,953055,0.0342,9.5305,394999,0.0142,27891961,26938906,0.9658,953055,0.0342,9.5305,394999,0.0142,10.76,None,0.0,0,0,0,0,0.9658,26938906,953055,cpu0_ITLB,ITLB,11771892,1.0,11771758,1.0,134,0.0,0.0013,69,0.0,11771892,11771758,1.0,134,0.0,0.0013,69,0.0,562.0,None,0.0,0,0,0,0,1.0,11771758,134,cpu0_L1D,L1D,17787616,0.6032,15010556,0.8439,2777060,0.1561,27.7706,684343,0.0385,29489090,25148658,0.8528,4340432,0.1472,43.4043,1717310,0.0582,9850,0.0003,28,0.0028,9822,0.9972,0.0982,1,0.0001,11691624,0.3965,10138074,0.8671,1553550,0.1329,15.5355,1032966,0.0884,243.4,None,0.0,0,0,0,0,0.8439,15010556,2777060,cpu0_L1I,L1I,14215841,1.0,9180657,0.6458,5035184,0.3542,50.3518,1902024,0.1338,14215841,9180657,0.6458,5035184,0.3542,50.3518,1902024,0.1338,84.68,None,0.0,0,0,0,0,0.6458,9180657,5035184,cpu0_L2C,L2C,5225846,0.7864,3217197,0.6156,2008649,0.3844,20.0865,0,0.0,520540,0.0783,187352,0.3599,333188,0.6401,3.3319,0,0.0,6645692,4140156,0.623,2505536,0.377,25.0554,0,0.0,9821,0.0015,702,0.0715,9119,0.9285,0.0912,0,0.0,889485,0.1338,734905,0.8262,154580,0.1738,1.5458,0,0.0,342.7,None,0.0,0,0,0,0,0.5925,3404549,2341837,LLC,LLC,2008649,0.699,148110,0.0737,1860539,0.9263,18.6054,0,0.0,333188,0.116,17724,0.0532,315464,0.9468,3.1546,0,0.0,2873453,241709,0.0841,2631744,0.9159,26.3174,0,0.0,9119,0.0032,213,0.0234,8906,0.9766,0.0891,0,0.0,522497,0.1818,75662,0.1448,446835,0.8552,4.4683,0,0.0,313.3,None,0.0,0,0,0,0,0.0708,165834,2176003,cpu0_STLB,STLB,558121,1.0,553197,0.9912,4924,0.0088,0.0492,0,0.0,558121,553197,0.9912,4924,0.0088,0.0492,0,0.0,658.9,None,0.0,0,0,0,0,0.9912,553197,4924,2,0,0.2961,337727212,100000004,,core,1,core.1.v1.,v1,,l1d,n,l1d.n.v1.,v1,,l1i,n,l1i.n.v1.,v1,,l2c,n,l2c.n.v1.,v1,,llc,1,llc.1.v1.,v1,,memory,1,memory.1.v2.,v2,,tlbs,n,tlbs.n.v1.,v1,2,1,sierra.a.4_002_1_002.raw,2,myscript_google,sierra.a.4,0.0,0.0,/mnt/storage/traces/gtrace_v2_champsim_myscript/sierra.a.4/sierra.a.4.log,100000000,100000000,1,1,/mnt/storage/traces/gtrace_v2_champsim_myscript/sierra.a.4/sierra.a.4_0002.champsim.gz,0,0,True,
44.55,9.249,0.9492,6.38,0.7921,0.8844,0.3684,0.2902,0.5341,cpu0_DTLB,DTLB,23685416,1.0,23189505,0.9791,495911,0.0209,4.9591,207695,0.0088,23685416,23189505,0.9791,495911,0.0209,4.9591,207695,0.0088,20.52,None,0.0,0,0,0,0,0.9791,23189505,495911,cpu0_ITLB,ITLB,9557125,1.0,9557111,1.0,14,0.0,0.0001,7,0.0,9557125,9557111,1.0,14,0.0,0.0001,7,0.0,1007.0,None,0.0,0,0,0,0,1.0,9557111,14,cpu0_L1D,L1D,15711578,0.6293,14309467,0.9108,1402111,0.0892,14.0211,430709,0.0274,24968358,22509648,0.9015,2458710,0.0985,24.5871,1197521,0.048,14027,0.0006,120,0.0086,13907,0.9914,0.1391,11,0.0008,9242753,0.3702,8200061,0.8872,1042692,0.1128,10.4269,766801,0.083,193.3,None,0.0,0,0,0,0,0.9108,14309467,1402111,cpu0_L1I,L1I,11540389,1.0,9781911,0.8476,1758478,0.1524,17.5848,684258,0.0593,11540389,9781911,0.8476,1758478,0.1524,17.5848,684258,0.0593,116.2,None,0.0,0,0,0,0,0.8476,9781911,1758478,cpu0_L2C,L2C,2045613,0.7434,1219806,0.5963,825807,0.4037,8.2581,0,0.0,275873,0.1003,65696,0.2381,210177,0.7619,2.1018,0,0.0,2751636,1625129,0.5906,1126507,0.4094,11.2651,0,0.0,13896,0.0051,2313,0.1665,11583,0.8335,0.1158,0,0.0,416254,0.1513,337314,0.8104,78940,0.1896,0.7894,0,0.0,310.8,None,0.0,0,0,0,0,0.5537,1285502,1035984,LLC,LLC,825807,0.6239,46163,0.0559,779644,0.9441,7.7964,0,0.0,210177,0.1588,7397,0.0352,202780,0.9648,2.0278,0,0.0,1323726,89015,0.0672,1234711,0.9328,12.3471,0,0.0,11583,0.0088,324,0.028,11259,0.972,0.1126,0,0.0,276159,0.2086,35131,0.1272,241028,0.8728,2.4103,0,0.0,271.5,None,0.0,0,0,0,0,0.0517,53560,982424,cpu0_STLB,STLB,288223,1.0,281933,0.9782,6290,0.0218,0.0629,0,0.0,288223,281933,0.9782,6290,0.0218,0.0629,0,0.0,711.4,None,0.0,0,0,0,0,0.9782,281933,6290,51,0,0.4849,206243505,100000002,,core,1,core.1.v1.,v1,,l1d,n,l1d.n.v1.,v1,,l1i,n,l1i.n.v1.,v1,,l2c,n,l2c.n.v1.,v1,,llc,1,llc.1.v1.,v1,,memory,1,memory.1.v2.,v2,,tlbs,n,tlbs.n.v1.,v1,51,1,merced_051_1_051.raw,51,myscript_google,merced,0.0,0.0,/mnt/storage/traces/gtrace_v2_champsim_myscript/merced/merced.log,None,None,1,1,/mnt/storage/traces/gtrace_v2_champsim_myscript/merced/merced_0051.champsim.gz,0,0,True,
41.44,10.33,0.9415,7.234,0.7712,1.214,0.3362,0.2756,0.5028,cpu0_DTLB,DTLB,22370165,1.0,21931867,0.9804,438298,0.0196,4.383,181393,0.0081,22370165,21931867,0.9804,438298,0.0196,4.383,181393,0.0081,22.51,None,0.0,0,0,0,0,0.9804,21931867,438298,cpu0_ITLB,ITLB,8946631,1.0,8946613,1.0,18,0.0,0.0002,7,0.0,8946631,8946613,1.0,18,0.0,0.0002,7,0.0,1045.0,None,0.0,0,0,0,0,1.0,8946613,18,cpu0_L1D,L1D,14776291,0.6258,13214313,0.8943,1561978,0.1057,15.6198,485386,0.0328,23611802,20817663,0.8817,2794139,0.1183,27.9414,1380520,0.0585,13439,0.0006,85,0.0063,13354,0.9937,0.1335,16,0.0012,8822072,0.3736,7603265,0.8618,1218807,0.1382,12.1881,895118,0.1015,203.6,None,0.0,0,0,0,0,0.8943,13214313,1561978,cpu0_L1I,L1I,10800423,1.0,9073100,0.8401,1727323,0.1599,17.2732,679005,0.0629,10800423,9073100,0.8401,1727323,0.1599,17.2732,679005,0.0629,119.1,None,0.0,0,0,0,0,0.8401,9073100,1727323,cpu0_L2C,L2C,2124894,0.7268,1305701,0.6145,819193,0.3855,8.1919,0,0.0,323667,0.1107,92014,0.2843,231653,0.7157,2.3165,0,0.0,2923466,1778705,0.6084,1144761,0.3916,11.4476,0,0.0,13338,0.0046,2173,0.1629,11165,0.8371,0.1116,0,0.0,461567,0.1579,378817,0.8207,82750,0.1793,0.8275,0,0.0,343.4,None,0.0,0,0,0,0,0.5708,1397715,1050846,LLC,LLC,819193,0.6053,50501,0.0616,768692,0.9384,7.6869,0,0.0,231653,0.1712,7113,0.0307,224540,0.9693,2.2454,0,0.0,1353330,92775,0.0686,1260555,0.9314,12.6055,0,0.0,11165,0.0083,245,0.0219,10920,0.9781,0.1092,0,0.0,291319,0.2153,34916,0.1199,256403,0.8801,2.564,0,0.0,300.0,None,0.0,0,0,0,0,0.0548,57614,993232,cpu0_STLB,STLB,256916,1.0,250919,0.9767,5997,0.0233,0.06,0,0.0,256916,250919,0.9767,5997,0.0233,0.06,0,0.0,750.9,None,0.0,0,0,0,0,0.9767,250919,5997,42,0,0.4876,205066173,100000004,,core,1,core.1.v1.,v1,,l1d,n,l1d.n.v1.,v1,,l1i,n,l1i.n.v1.,v1,,l2c,n,l2c.n.v1.,v1,,llc,1,llc.1.v1.,v1,,memory,1,memory.1.v2.,v2,,tlbs,n,tlbs.n.v1.,v1,42,1,merced_042_1_042.raw,42,myscript_google,merced,0.0,0.0,/mnt/storage/traces/gtrace_v2_champsim_myscript/merced/merced.log,None,None,1,1,/mnt/storage/traces/gtrace_v2_champsim_myscript/merced/merced_0042.champsim.gz,0,0,True,
41.63,11.03,0.94,6.289,1.758,0.9373,0.5517,0.5255,0.9709,cpu0_DTLB,DTLB,27046713,1.0,26549768,0.9816,496945,0.0184,4.9694,208905,0.0077,27046713,26549768,0.9816,496945,0.0184,4.9694,208905,0.0077,9.305,None,0.0,0,0,0,0,0.9816,26549768,496945,cpu0_ITLB,ITLB,9067237,1.0,9067126,1.0,111,0.0,0.0011,54,0.0,9067237,9067126,1.0,111,0.0,0.0011,54,0.0,153.1,None,0.0,0,0,0,0,1.0,9067126,111,cpu0_L1D,L1D,16714184,0.5845,15118370,0.9045,1595814,0.0955,15.9581,481343,0.0288,28594882,25228895,0.8823,3365987,0.1177,33.6599,1805534,0.0631,3072,0.0001,21,0.0068,3051,0.9932,0.0305,2,0.0007,11877626,0.4154,10110504,0.8512,1767122,0.1488,17.6712,1324189,0.1115,209.9,None,0.0,0,0,0,0,0.9045,15118370,1595814,cpu0_L1I,L1I,10983826,1.0,8806937,0.8018,2176889,0.1982,21.7689,804605,0.0733,10983826,8806937,0.8018,2176889,0.1982,21.7689,804605,0.0733,135.7,None,0.0,0,0,0,0,0.8018,8806937,2176889,cpu0_L2C,L2C,2486742,0.7019,1450265,0.5832,1036477,0.4168,10.3648,0,0.0,442902,0.125,100818,0.2276,342084,0.7724,3.4208,0,0.0,3542781,2041994,0.5764,1500787,0.4236,15.0079,0,0.0,3049,0.0009,228,0.0748,2821,0.9252,0.0282,0,0.0,610088,0.1722,490683,0.8043,119405,0.1957,1.194,0,0.0,326.9,None,0.0,0,0,0,0,0.5294,1551083,1378561,LLC,LLC,1036477,0.5711,121343,0.1171,915134,0.8829,9.1513,0,0.0,342084,0.1885,9976,0.0292,332108,0.9708,3.3211,0,0.0,1814941,181673,0.1001,1633268,0.8999,16.3327,0,0.0,2821,0.0016,27,0.0096,2794,0.9904,0.0279,0,0.0,433559,0.2389,50327,0.1161,383232,0.8839,3.8323,0,0.0,288.7,None,0.0,0,0,0,0,0.0953,131319,1247242,cpu0_STLB,STLB,288097,1.0,286672,0.9951,1425,0.0049,0.0142,0,0.0,288097,286672,0.9951,1425,0.0049,0.0142,0,0.0,875.1,None,0.0,0,0,0,0,0.9951,286672,1425,55,0,0.4238,235975490,100000004,,core,1,core.1.v1.,v1,,l1d,n,l1d.n.v1.,v1,,l1i,n,l1i.n.v1.,v1,,l2c,n,l2c.n.v1.,v1,,llc,1,llc.1.v1.,v1,,memory,1,memory.1.v2.,v2,,tlbs,n,tlbs.n.v1.,v1,55,1,yankee_055_1_055.raw,55,myscript_google,yankee,0.0,0.0,/mnt/storage/traces/gtrace_v2_champsim_myscript/yankee/yankee.log,None,None,1,1,/mnt/storage/traces/gtrace_v2_champsim_myscript/yankee/yankee_0055.champsim.gz,0,0,True,
96.79,4.768,0.9745,3.734,0.1317,0.1742,0.2001,0.1685,0.3601,cpu0_DTLB,DTLB,26408015,1.0,25989108,0.9841,418907,0.0159,4.1891,200216,0.0076,26408015,25989108,0.9841,418907,0.0159,4.1891,200216,0.0076,7.836,None,0.0,0,0,0,0,0.9841,25989108,418907,cpu0_ITLB,ITLB,9471428,1.0,9471417,1.0,11,0.0,0.0001,2,0.0,9471428,9471417,1.0,11,0.0,0.0001,2,0.0,991.8,None,0.0,0,0,0,0,1.0,9471417,11,cpu0_L1D,L1D,14404049,0.509,12342395,0.8569,2061654,0.1431,20.6165,1001250,0.0695,28296070,24536290,0.8671,3759780,0.1329,37.5978,2408831,0.0851,1890,0.0001,5,0.0026,1885,0.9974,0.0188,0,0.0,13890131,0.4909,12193890,0.8779,1696241,0.1221,16.9624,1407581,0.1013,282.3,None,0.0,0,0,0,0,0.8569,12342395,2061654,cpu0_L1I,L1I,11211023,1.0,10799752,0.9633,411271,0.0367,4.1127,160726,0.0143,11211023,10799752,0.9633,411271,0.0367,4.1127,160726,0.0143,135.3,None,0.0,0,0,0,0,0.9633,10799752,411271,cpu0_L2C,L2C,1310940,0.5941,379470,0.2895,931470,0.7105,9.3147,0,0.0,288658,0.1308,33320,0.1154,255338,0.8846,2.5534,0,0.0,2206578,905789,0.4105,1300789,0.5895,13.0079,0,0.0,1885,0.0009,153,0.0812,1732,0.9188,0.0173,0,0.0,605095,0.2742,492846,0.8145,112249,0.1855,1.1225,0,0.0,308.9,None,0.0,0,0,0,0,0.2581,412790,1186808,LLC,LLC,931470,0.5444,90889,0.0976,840581,0.9024,8.4058,0,0.0,255338,0.1492,2150,0.0084,253188,0.9916,2.5319,0,0.0,1711099,127724,0.0746,1583375,0.9254,15.8337,0,0.0,1732,0.001,3,0.0017,1729,0.9983,0.0173,0,0.0,522559,0.3054,34682,0.0664,487877,0.9336,4.8788,0,0.0,244.3,None,0.0,0,0,0,0,0.0784,93039,1093769,cpu0_STLB,STLB,218700,1.0,217775,0.9958,925,0.0042,0.0092,0,0.0,218700,217775,0.9958,925,0.0042,0.0092,0,0.0,679.1,None,0.0,0,0,0,0,0.9958,217775,925,68,0,0.4541,220218340,100000003,,core,1,core.1.v1.,v1,,l1d,n,l1d.n.v1.,v1,,l1i,n,l1i.n.v1.,v1,,l2c,n,l2c.n.v1.,v1,,llc,1,llc.1.v1.,v1,,memory,1,memory.1.v2.,v2,,tlbs,n,tlbs.n.v1.,v1,68,1,merced_068_1_068.raw,68,myscript_google,merced,0.0,0.0,/mnt/storage/traces/gtrace_v2_champsim_myscript/merced/merced.log,None,None,1,1,/mnt/storage/traces/gtrace_v2_champsim_myscript/merced/merced_0068.champsim.gz,0,0,True,
52.24,8.027,0.958,5.138,0.79,0.6189,0.2712,0.4517,0.7573,cpu0_DTLB,DTLB,27638442,1.0,27176802,0.9833,461640,0.0167,4.6164,213445,0.0077,27638442,27176802,0.9833,461640,0.0167,4.6164,213445,0.0077,13.06,None,0.0,0,0,0,0,0.9833,27176802,461640,cpu0_ITLB,ITLB,8985410,1.0,8985217,1.0,193,0.0,0.0019,51,0.0,8985410,8985217,1.0,193,0.0,0.0019,51,0.0,307.7,None,0.0,0,0,0,0,1.0,8985217,193,cpu0_L1D,L1D,16269322,0.5508,14765952,0.9076,1503370,0.0924,15.0337,538413,0.0331,29536394,26490650,0.8969,3045744,0.1031,30.4574,1693271,0.0573,5512,0.0002,52,0.0094,5460,0.9906,0.0546,4,0.0007,13261560,0.449,11724646,0.8841,1536914,0.1159,15.3691,1154854,0.0871,241.8,None,0.0,0,0,0,0,0.9076,14765952,1503370,cpu0_L1I,L1I,10660300,1.0,9097062,0.8534,1563238,0.1466,15.6324,542866,0.0509,10660300,9097062,0.8534,1563238,0.1466,15.6324,542866,0.0509,143.1,None,0.0,0,0,0,0,0.8534,9097062,1563238,cpu0_L2C,L2C,1985317,0.6695,1038284,0.523,947033,0.477,9.4703,0,0.0,382039,0.1288,69635,0.1823,312404,0.8177,3.124,0,0.0,2965286,1565535,0.528,1399751,0.472,13.9975,0,0.0,5456,0.0018,1055,0.1934,4401,0.8066,0.044,0,0.0,592474,0.1998,456561,0.7706,135913,0.2294,1.3591,0,0.0,324.5,None,0.0,0,0,0,0,0.468,1107919,1259437,LLC,LLC,947033,0.5543,55137,0.0582,891896,0.9418,8.919,0,0.0,312403,0.1828,7525,0.0241,304878,0.9759,3.0488,0,0.0,1708546,103737,0.0607,1604809,0.9393,16.0481,0,0.0,4401,0.0026,19,0.0043,4382,0.9957,0.0438,0,0.0,444709,0.2603,41056,0.0923,403653,0.9077,4.0365,0,0.0,272.4,None,0.0,0,0,0,0,0.0498,62662,1196774,cpu0_STLB,STLB,248337,1.0,245826,0.9899,2511,0.0101,0.0251,0,0.0,248337,245826,0.9899,2511,0.0101,0.0251,0,0.0,812.6,None,0.0,0,0,0,0,0.9899,245826,2511,35,0,0.4268,234304811,100000000,,core,1,core.1.v1.,v1,,l1d,n,l1d.n.v1.,v1,,l1i,n,l1i.n.v1.,v1,,l2c,n,l2c.n.v1.,v1,,llc,1,llc.1.v1.,v1,,memory,1,memory.1.v2.,v2,,tlbs,n,tlbs.n.v1.,v1,35,1,tahoe_035_1_035.raw,35,myscript_google,tahoe,0.0,0.0,/mnt/storage/traces/gtrace_v2_champsim_myscript/tahoe/tahoe.log,100000000,100000000,1,1,/mnt/storage/traces/gtrace_v2_champsim_myscript/tahoe/tahoe_0035.champsim.gz,0,0,True,
52.27,8.638,0.9503,3.845,1.382,1.897,0.2229,0.3057,0.9849,cpu0_DTLB,DTLB,27005964,1.0,26156478,0.9685,849486,0.0315,8.4949,347051,0.0129,27005964,26156478,0.9685,849486,0.0315,8.4949,347051,0.0129,7.424,None,0.0,0,0,0,0,0.9685,26156478,849486,cpu0_ITLB,ITLB,12266055,1.0,12265919,1.0,136,0.0,0.0014,65,0.0,12266055,12265919,1.0,136,0.0,0.0014,65,0.0,293.6,None,0.0,0,0,0,0,1.0,12265919,136,cpu0_L1D,L1D,16273804,0.5637,14431151,0.8868,1842653,0.1132,18.4265,490053,0.0301,28872116,25388998,0.8794,3483118,0.1206,34.8312,1619934,0.0561,3039,0.0001,5,0.0016,3034,0.9984,0.0303,0,0.0,12595273,0.4362,10957842,0.87,1637431,0.13,16.3743,1129881,0.0897,179.1,None,0.0,0,0,0,0,0.8868,14431151,1842653,cpu0_L1I,L1I,14919638,1.0,9017405,0.6044,5902233,0.3956,59.0223,2330847,0.1562,14919638,9017405,0.6044,5902233,0.3956,59.0223,2330847,0.1562,54.97,None,0.0,0,0,0,0,0.6044,9017405,5902233,cpu0_L2C,L2C,4923956,0.7854,3892270,0.7905,1031686,0.2095,10.3169,0,0.0,507526,0.081,214114,0.4219,293412,0.5781,2.9341,0,0.0,6269404,4829260,0.7703,1440144,0.2297,14.4014,0,0.0,3034,0.0005,196,0.0646,2838,0.9354,0.0284,0,0.0,834888,0.1332,722680,0.8656,112208,0.1344,1.1221,0,0.0,338.9,None,0.0,0,0,0,0,0.756,4106384,1325098,LLC,LLC,1031686,0.5819,86801,0.0841,944885,0.9159,9.4488,0,0.0,293412,0.1655,25344,0.0864,268068,0.9136,2.6807,0,0.0,1773090,197359,0.1113,1575731,0.8887,15.7573,0,0.0,2838,0.0016,33,0.0116,2805,0.9884,0.028,0,0.0,445154,0.2511,85181,0.1914,359973,0.8086,3.5997,0,0.0,298.1,None,0.0,0,0,0,0,0.0846,112145,1212953,cpu0_STLB,STLB,502506,1.0,500987,0.997,1519,0.003,0.0152,0,0.0,502506,500987,0.997,1519,0.003,0.0152,0,0.0,814.1,None,0.0,0,0,0,0,0.997,500987,1519,6,0,0.4501,222180659,100000002,,core,1,core.1.v1.,v1,,l1d,n,l1d.n.v1.,v1,,l1i,n,l1i.n.v1.,v1,,l2c,n,l2c.n.v1.,v1,,llc,1,llc.1.v1.,v1,,memory,1,memory.1.v2.,v2,,tlbs,n,tlbs.n.v1.,v1,6,1,sierra.a.3_006_1_006.raw,6,myscript_google,sierra.a.3,0.0,0.0,/mnt/storage/traces/gtrace_v2_champsim_myscript/sierra.a.3/sierra.a.3.log,100000000,100000000,1,1,/mnt/storage/traces/gtrace_v2_champsim_myscript/sierra.a.3/sierra.a.3_0006.champsim.gz,0,0,True,
43.38,10.81,0.9418,6.041,1.805,0.9701,0.4946,0.5137,0.9838,cpu0_DTLB,DTLB,27026506,1.0,26496566,0.9804,529940,0.0196,5.2994,226555,0.0084,27026506,26496566,0.9804,529940,0.0196,5.2994,226555,0.0084,8.386,None,0.0,0,0,0,0,0.9804,26496566,529940,cpu0_ITLB,ITLB,9258001,1.0,9257900,1.0,101,0.0,0.001,28,0.0,9258001,9257900,1.0,101,0.0,0.001,28,0.0,115.4,None,0.0,0,0,0,0,1.0,9257900,101,cpu0_L1D,L1D,16691653,0.5838,14934632,0.8947,1757021,0.1053,17.5702,526534,0.0315,28589771,25068757,0.8768,3521014,0.1232,35.2101,1833363,0.0641,2628,0.0001,11,0.0042,2617,0.9958,0.0262,2,0.0008,11895490,0.4161,10134114,0.8519,1761376,0.1481,17.6138,1306827,0.1099,194.4,None,0.0,0,0,0,0,0.8947,14934632,1757021,cpu0_L1I,L1I,11213741,1.0,8559879,0.7633,2653862,0.2367,26.5386,1008878,0.09,11213741,8559879,0.7633,2653862,0.2367,26.5386,1008878,0.09,107.4,None,0.0,0,0,0,0,0.7633,8559879,2653862,cpu0_L2C,L2C,2875456,0.7226,1763129,0.6132,1112327,0.3868,11.1233,0,0.0,454516,0.1142,114419,0.2517,340097,0.7483,3.401,0,0.0,3979056,2401926,0.6036,1577130,0.3964,15.7713,0,0.0,2615,0.0007,187,0.0715,2428,0.9285,0.0243,0,0.0,646469,0.1625,524191,0.8109,122278,0.1891,1.2228,0,0.0,303.4,None,0.0,0,0,0,0,0.5638,1877548,1452424,LLC,LLC,1112327,0.5847,228031,0.205,884296,0.795,8.843,0,0.0,340097,0.1788,9719,0.0286,330378,0.9714,3.3038,0,0.0,1902398,290066,0.1525,1612332,0.8475,16.1233,0,0.0,2428,0.0013,41,0.0169,2387,0.9831,0.0239,0,0.0,447546,0.2353,52275,0.1168,395271,0.8832,3.9527,0,0.0,284.4,None,0.0,0,0,0,0,0.1637,237750,1214674,cpu0_STLB,STLB,303458,1.0,302192,0.9958,1266,0.0042,0.0127,0,0.0,303458,302192,0.9958,1266,0.0042,0.0127,0,0.0,816.6,None,0.0,0,0,0,0,0.9958,302192,1266,63,0,0.4318,231594943,100000000,,core,1,core.1.v1.,v1,,l1d,n,l1d.n.v1.,v1,,l1i,n,l1i.n.v1.,v1,,l2c,n,l2c.n.v1.,v1,,llc,1,llc.1.v1.,v1,,memory,1,memory.1.v2.,v2,,tlbs,n,tlbs.n.v1.,v1,63,1,yankee_063_1_063.raw,63,myscript_google,yankee,0.0,0.0,/mnt/storage/traces/gtrace_v2_champsim_myscript/yankee/yankee.log,None,None,1,1,/mnt/storage/traces/gtrace_v2_champsim_myscript/yankee/yankee_0063.champsim.gz,0,0,True,
63.66,8.444,0.9552,3.217,1.493,2.107,0.2577,0.3369,1.033,cpu0_DTLB,DTLB,27162866,1.0,26089937,0.9605,1072929,0.0395,10.7293,444686,0.0164,27162866,26089937,0.9605,1072929,0.0395,10.7293,444686,0.0164,7.089,None,0.0,0,0,0,0,0.9605,26089937,1072929,cpu0_ITLB,ITLB,13606669,1.0,13606579,1.0,90,0.0,0.0009,45,0.0,13606669,13606579,1.0,90,0.0,0.0009,45,0.0,395.2,None,0.0,0,0,0,0,1.0,13606579,90,cpu0_L1D,L1D,16215784,0.5577,14271649,0.8801,1944135,0.1199,19.4413,479582,0.0296,29077171,25389605,0.8732,3687566,0.1268,36.8757,1710369,0.0588,3240,0.0001,7,0.0022,3233,0.9978,0.0323,1,0.0003,12858147,0.4422,11117949,0.8647,1740198,0.1353,17.402,1230786,0.0957,151.0,None,0.0,0,0,0,0,0.8801,14271649,1944135,cpu0_L1I,L1I,16575557,1.0,8859678,0.5345,7715879,0.4655,77.1588,3088111,0.1863,16575557,8859678,0.5345,7715879,0.4655,77.1588,3088111,0.1863,34.84,None,0.0,0,0,0,0,0.5345,8859678,7715879,cpu0_L2C,L2C,6092293,0.8166,5227002,0.858,865291,0.142,8.6529,0,0.0,509381,0.0683,245033,0.481,264348,0.519,2.6435,0,0.0,7460190,6235533,0.8358,1224657,0.1642,12.2466,0,0.0,3232,0.0004,180,0.0557,3052,0.9443,0.0305,0,0.0,855284,0.1146,763318,0.8925,91966,0.1075,0.9197,0,0.0,334.8,None,0.0,0,0,0,0,0.8289,5472035,1129639,LLC,LLC,865291,0.5586,67635,0.0782,797656,0.9218,7.9766,0,0.0,264348,0.1707,14561,0.0551,249787,0.9449,2.4979,0,0.0,1549025,157959,0.102,1391066,0.898,13.9107,0,0.0,3052,0.002,29,0.0095,3023,0.9905,0.0302,0,0.0,416334,0.2688,75734,0.1819,340600,0.8181,3.406,0,0.0,283.7,None,0.0,0,0,0,0,0.0728,82196,1047443,cpu0_STLB,STLB,628288,1.0,626669,0.9974,1619,0.0026,0.0162,0,0.0,628288,626669,0.9974,1619,0.0026,0.0162,0,0.0,820.3,None,0.0,0,0,0,0,0.9974,626669,1619,9,0,0.518,193065124,100000001,,core,1,core.1.v1.,v1,,l1d,n,l1d.n.v1.,v1,,l1i,n,l1i.n.v1.,v1,,l2c,n,l2c.n.v1.,v1,,llc,1,llc.1.v1.,v1,,memory,1,memory.1.v2.,v2,,tlbs,n,tlbs.n.v1.,v1,9,1,sierra.a.3_009_1_009.raw,9,myscript_google,sierra.a.3,0.0,0.0,/mnt/storage/traces/gtrace_v2_champsim_myscript/sierra.a.3/sierra.a.3.log,100000000,100000000,1,1,/mnt/storage/traces/gtrace_v2_champsim_myscript/sierra.a.3/sierra.a.3_0009.champsim.gz,0,0,True,
120.9,3.724,0.9784,2.637,0.055,0.138,0.3867,0.4017,0.1063,cpu0_DTLB,DTLB,24824656,1.0,24440113,0.9845,384543,0.0155,3.8454,158193,0.0064,24824656,24440113,0.9845,384543,0.0155,3.8454,158193,0.0064,19.02,None,0.0,0,0,0,0,0.9845,24440113,384543,cpu0_ITLB,ITLB,9236229,1.0,9236217,1.0,12,0.0,0.0001,2,0.0,9236229,9236217,1.0,12,0.0,0.0001,2,0.0,906.6,None,0.0,0,0,0,0,1.0,9236217,12,cpu0_L1D,L1D,15374686,0.5796,13950308,0.9074,1424378,0.0926,14.2438,559024,0.0364,26526721,23229923,0.8757,3296798,0.1243,32.968,2007634,0.0757,8692,0.0003,38,0.0044,8654,0.9956,0.0865,8,0.0009,11143343,0.4201,9279577,0.8327,1863766,0.1673,18.6377,1448602,0.13,273.6,None,0.0,0,0,0,0,0.9074,13950308,1424378,cpu0_L1I,L1I,10981847,1.0,10139362,0.9233,842485,0.0767,8.4248,364365,0.0332,10981847,10139362,0.9233,842485,0.0767,8.4248,364365,0.0332,73.19,None,0.0,0,0,0,0,0.9233,10139362,842485,cpu0_L2C,L2C,1343468,0.5693,863093,0.6424,480375,0.3576,4.8037,0,0.0,415146,0.1759,37498,0.0903,377648,0.9097,3.7765,0,0.0,2359957,1418533,0.6011,941424,0.3989,9.4142,0,0.0,8646,0.0037,1496,0.173,7150,0.827,0.0715,0,0.0,592697,0.2511,516446,0.8713,76251,0.1287,0.7625,0,0.0,396.5,None,0.0,0,0,0,0,0.5121,900591,858023,LLC,LLC,480375,0.3555,26978,0.0562,453397,0.9438,4.534,0,0.0,377648,0.2795,1817,0.0048,375831,0.9952,3.7583,0,0.0,1351307,46238,0.0342,1305069,0.9658,13.0507,0,0.0,7150,0.0053,41,0.0057,7109,0.9943,0.0711,0,0.0,486134,0.3598,17402,0.0358,468732,0.9642,4.6873,0,0.0,278.4,None,0.0,0,0,0,0,0.0336,28795,829228,cpu0_STLB,STLB,226360,1.0,222015,0.9808,4345,0.0192,0.0434,0,0.0,226360,222015,0.9808,4345,0.0192,0.0434,0,0.0,731.6,None,0.0,0,0,0,0,0.9808,222015,4345,20,0,0.5927,168720715,100000004,,core,1,core.1.v1.,v1,,l1d,n,l1d.n.v1.,v1,,l1i,n,l1i.n.v1.,v1,,l2c,n,l2c.n.v1.,v1,,llc,1,llc.1.v1.,v1,,memory,1,memory.1.v2.,v2,,tlbs,n,tlbs.n.v1.,v1,20,1,charlie_020_1_020.raw,20,myscript_google,charlie,0.0,0.0,/mnt/storage/traces/gtrace_v2_champsim_myscript/charlie/charlie.log,100000000,100000000,1,1,/mnt/storage/traces/gtrace_v2_champsim_myscript/charlie/charlie_0020.champsim.gz,0,0,True,
35.73,11.29,0.9327,4.823,1.97,2.493,0.2918,0.4085,1.301,cpu0_DTLB,DTLB,27656285,1.0,26798877,0.969,857408,0.031,8.5741,354021,0.0128,27656285,26798877,0.969,857408,0.031,8.5741,354021,0.0128,12.41,None,0.0,0,0,0,0,0.969,26798877,857408,cpu0_ITLB,ITLB,12861368,1.0,12861146,1.0,222,0.0,0.0022,111,0.0,12861368,12861146,1.0,222,0.0,0.0022,111,0.0,467.4,None,0.0,0,0,0,0,1.0,12861146,222,cpu0_L1D,L1D,17042396,0.5809,14691680,0.8621,2350716,0.1379,23.5072,643911,0.0378,29336304,24701820,0.842,4634484,0.158,46.3448,2062486,0.0703,10868,0.0004,30,0.0028,10838,0.9972,0.1084,2,0.0002,12283040,0.4187,10010110,0.815,2272930,0.185,22.7293,1418573,0.1155,214.1,None,0.0,0,0,0,0,0.8621,14691680,2350716,cpu0_L1I,L1I,15524560,1.0,10509600,0.677,5014960,0.323,50.1496,1875225,0.1208,15524560,10509600,0.677,5014960,0.323,50.1496,1875225,0.1208,101.9,None,0.0,0,0,0,0,0.677,10509600,5014960,cpu0_L2C,L2C,4846515,0.6975,3289363,0.6787,1557152,0.3213,15.5715,0,0.0,854264,0.1229,408957,0.4787,445307,0.5213,4.4531,0,0.0,6948514,4784088,0.6885,2164426,0.3115,21.6443,0,0.0,10836,0.0016,799,0.0737,10037,0.9263,0.1004,0,0.0,1236899,0.178,1084969,0.8772,151930,0.1228,1.5193,0,0.0,379.6,None,0.0,0,0,0,0,0.6487,3698320,2002459,LLC,LLC,1557152,0.5925,134609,0.0864,1422543,0.9136,14.2254,0,0.0,445307,0.1694,34449,0.0774,410858,0.9226,4.1086,0,0.0,2628101,268410,0.1021,2359691,0.8979,23.5969,0,0.0,10037,0.0038,107,0.0107,9930,0.9893,0.0993,0,0.0,615605,0.2342,99245,0.1612,516360,0.8388,5.1636,0,0.0,336.3,None,0.0,0,0,0,0,0.0844,169058,1833401,cpu0_STLB,STLB,503497,1.0,498063,0.9892,5434,0.0108,0.0543,0,0.0,503497,498063,0.9892,5434,0.0108,0.0543,0,0.0,695.2,None,0.0,0,0,0,0,0.9892,498063,5434,14,0,0.3191,313417277,100000002,,core,1,core.1.v1.,v1,,l1d,n,l1d.n.v1.,v1,,l1i,n,l1i.n.v1.,v1,,l2c,n,l2c.n.v1.,v1,,llc,1,llc.1.v1.,v1,,memory,1,memory.1.v2.,v2,,tlbs,n,tlbs.n.v1.,v1,14,1,sierra.a.4_014_1_014.raw,14,myscript_google,sierra.a.4,0.0,0.0,/mnt/storage/traces/gtrace_v2_champsim_myscript/sierra.a.4/sierra.a.4.log,100000000,100000000,1,1,/mnt/storage/traces/gtrace_v2_champsim_myscript/sierra.a.4/sierra.a.4_0014.champsim.gz,0,0,True,
44.63,9.993,0.9462,5.927,1.449,0.924,0.4578,0.4292,0.807,cpu0_DTLB,DTLB,26913305,1.0,26448365,0.9827,464940,0.0173,4.6494,198203,0.0074,26913305,26448365,0.9827,464940,0.0173,4.6494,198203,0.0074,7.854,None,0.0,0,0,0,0,0.9827,26448365,464940,cpu0_ITLB,ITLB,9205164,1.0,9205086,1.0,78,0.0,0.0008,41,0.0,9205164,9205086,1.0,78,0.0,0.0008,41,0.0,234.8,None,0.0,0,0,0,0,1.0,9205086,78,cpu0_L1D,L1D,16743399,0.5876,15126878,0.9035,1616521,0.0965,16.1652,479589,0.0286,28496706,25216079,0.8849,3280627,0.1151,32.8063,1713115,0.0601,1982,0.0001,18,0.0091,1964,0.9909,0.0196,0,0.0,11751325,0.4124,10089183,0.8586,1662142,0.1414,16.6214,1233526,0.105,193.1,None,0.0,0,0,0,0,0.9035,15126878,1616521,cpu0_L1I,L1I,11111699,1.0,9124146,0.8211,1987553,0.1789,19.8755,742949,0.0669,11111699,9124146,0.8211,1987553,0.1789,19.8755,742949,0.0669,111.4,None,0.0,0,0,0,0,0.8211,9124146,1987553,cpu0_L2C,L2C,2381518,0.6989,1515671,0.6364,865847,0.3636,8.6585,0,0.0,428582,0.1258,109529,0.2556,319053,0.7444,3.1905,0,0.0,3407454,2116487,0.6211,1290967,0.3789,12.9097,0,0.0,1964,0.0006,148,0.0754,1816,0.9246,0.0182,0,0.0,595390,0.1747,491139,0.8249,104251,0.1751,1.0425,0,0.0,324.7,None,0.0,0,0,0,0,0.5783,1625200,1184900,LLC,LLC,865847,0.5451,151302,0.1747,714545,0.8253,7.1454,0,0.0,319053,0.2009,13091,0.041,305962,0.959,3.0596,0,0.0,1588468,215801,0.1359,1372667,0.8641,13.7267,0,0.0,1816,0.0011,10,0.0055,1806,0.9945,0.0181,0,0.0,401752,0.2529,51398,0.1279,350354,0.8721,3.5035,0,0.0,293.6,None,0.0,0,0,0,0,0.1387,164393,1020507,cpu0_STLB,STLB,266774,1.0,265847,0.9965,927,0.0035,0.0093,0,0.0,266774,265847,0.9965,927,0.0035,0.0093,0,0.0,829.4,None,0.0,0,0,0,0,0.9965,265847,927,21,0,0.4999,200055799,100000003,,core,1,core.1.v1.,v1,,l1d,n,l1d.n.v1.,v1,,l1i,n,l1i.n.v1.,v1,,l2c,n,l2c.n.v1.,v1,,llc,1,llc.1.v1.,v1,,memory,1,memory.1.v2.,v2,,tlbs,n,tlbs.n.v1.,v1,21,1,yankee_021_1_021.raw,21,myscript_google,yankee,0.0,0.0,/mnt/storage/traces/gtrace_v2_champsim_myscript/yankee/yankee.log,None,None,1,1,/mnt/storage/traces/gtrace_v2_champsim_myscript/yankee/yankee_0021.champsim.gz,0,0,True,
48.0,8.987,0.9513,6.52,0.66,0.9119,0.2267,0.2348,0.434,cpu0_DTLB,DTLB,25437523,1.0,25051293,0.9848,386230,0.0152,3.8623,168160,0.0066,25437523,25051293,0.9848,386230,0.0152,3.8623,168160,0.0066,25.16,None,0.0,0,0,0,0,0.9848,25051293,386230,cpu0_ITLB,ITLB,8751763,1.0,8751742,1.0,21,0.0,0.0002,11,0.0,8751763,8751742,1.0,21,0.0,0.0002,11,0.0,1092.0,None,0.0,0,0,0,0,1.0,8751742,21,cpu0_L1D,L1D,17714766,0.6665,14686527,0.8291,3028239,0.1709,30.2824,1155955,0.0653,26579408,22314638,0.8395,4264770,0.1605,42.6477,2071623,0.0779,12543,0.0005,78,0.0062,12465,0.9938,0.1246,10,0.0008,8852099,0.333,7628033,0.8617,1224066,0.1383,12.2407,915658,0.1034,118.3,None,0.0,0,0,0,0,0.8291,14686527,3028239,cpu0_L1I,L1I,10358304,1.0,8947647,0.8638,1410657,0.1362,14.1066,547995,0.0529,10358304,8947647,0.8638,1410657,0.1362,14.1066,547995,0.0529,139.5,None,0.0,0,0,0,0,0.8638,8947647,1410657,cpu0_L2C,L2C,2734923,0.7801,1909935,0.6984,824988,0.3016,8.2499,0,0.0,308354,0.088,91981,0.2983,216373,0.7017,2.1637,0,0.0,3505959,2380982,0.6791,1124977,0.3209,11.2498,0,0.0,12455,0.0036,2091,0.1679,10364,0.8321,0.1036,0,0.0,450227,0.1284,376975,0.8373,73252,0.1627,0.7325,0,0.0,315.8,None,0.0,0,0,0,0,0.6578,2001916,1041361,LLC,LLC,824988,0.6236,49732,0.0603,775256,0.9397,7.7526,0,0.0,216373,0.1635,10633,0.0491,205740,0.9509,2.0574,0,0.0,1323007,95635,0.0723,1227372,0.9277,12.2737,0,0.0,10364,0.0078,187,0.018,10177,0.982,0.1018,0,0.0,271282,0.205,35083,0.1293,236199,0.8707,2.362,0,0.0,277.3,None,0.0,0,0,0,0,0.058,60365,980996,cpu0_STLB,STLB,218080,1.0,212467,0.9743,5613,0.0257,0.0561,0,0.0,218080,212467,0.9743,5613,0.0257,0.0561,0,0.0,784.2,None,0.0,0,0,0,0,0.9743,212467,5613,8,0,0.4724,211673214,100000001,,core,1,core.1.v1.,v1,,l1d,n,l1d.n.v1.,v1,,l1i,n,l1i.n.v1.,v1,,l2c,n,l2c.n.v1.,v1,,llc,1,llc.1.v1.,v1,,memory,1,memory.1.v2.,v2,,tlbs,n,tlbs.n.v1.,v1,8,1,merced_008_1_008.raw,8,myscript_google,merced,0.0,0.0,/mnt/storage/traces/gtrace_v2_champsim_myscript/merced/merced.log,None,None,1,1,/mnt/storage/traces/gtrace_v2_champsim_myscript/merced/merced_0008.champsim.gz,0,0,True,
43.05,10.65,0.9422,6.23,1.609,0.9026,0.5377,0.4774,0.8965,cpu0_DTLB,DTLB,26791778,1.0,26283536,0.981,508242,0.019,5.0824,215646,0.008,26791778,26283536,0.981,508242,0.019,5.0824,215646,0.008,8.835,None,0.0,0,0,0,0,0.981,26283536,508242,cpu0_ITLB,ITLB,9148030,1.0,9147941,1.0,89,0.0,0.0009,44,0.0,9148030,9147941,1.0,89,0.0,0.0009,44,0.0,145.2,None,0.0,0,0,0,0,1.0,9147941,89,cpu0_L1D,L1D,16601235,0.5858,15045680,0.9063,1555555,0.0937,15.5555,449954,0.0271,28339346,25130938,0.8868,3208408,0.1132,32.0841,1686437,0.0595,2842,0.0001,28,0.0099,2814,0.9901,0.0281,3,0.0011,11735269,0.4141,10085230,0.8594,1650039,0.1406,16.5004,1236480,0.1054,194.8,None,0.0,0,0,0,0,0.9063,15045680,1555555,cpu0_L1I,L1I,11041839,1.0,8889514,0.8051,2152325,0.1949,21.5232,803329,0.0728,11041839,8889514,0.8051,2152325,0.1949,21.5232,803329,0.0728,111.4,None,0.0,0,0,0,0,0.8051,8889514,2152325,cpu0_L2C,L2C,2454584,0.712,1490084,0.6071,964500,0.3929,9.645,0,0.0,413524,0.12,97700,0.2363,315824,0.7637,3.1582,0,0.0,3447317,2055373,0.5962,1391944,0.4038,13.9194,0,0.0,2811,0.0008,236,0.084,2575,0.916,0.0257,0,0.0,576398,0.1672,467353,0.8108,109045,0.1892,1.0904,0,0.0,304.7,None,0.0,0,0,0,0,0.5536,1587784,1280324,LLC,LLC,964500,0.5729,189801,0.1968,774699,0.8032,7.747,0,0.0,315824,0.1876,8385,0.0265,307439,0.9735,3.0744,0,0.0,1683497,242532,0.1441,1440965,0.8559,14.4096,0,0.0,2575,0.0015,21,0.0082,2554,0.9918,0.0255,0,0.0,400598,0.238,44325,0.1106,356273,0.8894,3.5627,0,0.0,282.1,None,0.0,0,0,0,0,0.1548,198186,1082138,cpu0_STLB,STLB,292641,1.0,291323,0.9955,1318,0.0045,0.0132,0,0.0,292641,291323,0.9955,1318,0.0045,0.0132,0,0.0,855.1,None,0.0,0,0,0,0,0.9955,291323,1318,66,0,0.4698,212872490,100000001,,core,1,core.1.v1.,v1,,l1d,n,l1d.n.v1.,v1,,l1i,n,l1i.n.v1.,v1,,l2c,n,l2c.n.v1.,v1,,llc,1,llc.1.v1.,v1,,memory,1,memory.1.v2.,v2,,tlbs,n,tlbs.n.v1.,v1,66,1,yankee_066_1_066.raw,66,myscript_google,yankee,0.0,0.0,/mnt/storage/traces/gtrace_v2_champsim_myscript/yankee/yankee.log,None,None,1,1,/mnt/storage/traces/gtrace_v2_champsim_myscript/yankee/yankee_0066.champsim.gz,0,0,True,
42.42,9.875,0.9422,7.164,0.6363,1.146,0.262,0.2405,0.4262,cpu0_DTLB,DTLB,20670391,1.0,20204623,0.9775,465768,0.0225,4.6577,196163,0.0095,20670391,20204623,0.9775,465768,0.0225,4.6577,196163,0.0095,24.39,None,0.0,0,0,0,0,0.9775,20204623,465768,cpu0_ITLB,ITLB,8945763,1.0,8945761,1.0,2,0.0,0.0,1,0.0,8945763,8945761,1.0,2,0.0,0.0,1,0.0,1044.0,None,0.0,0,0,0,0,1.0,8945761,2,cpu0_L1D,L1D,13864269,0.6382,12246389,0.8833,1617880,0.1167,16.1788,513439,0.037,21724450,18998072,0.8745,2726378,0.1255,27.2638,1333273,0.0614,16531,0.0008,144,0.0087,16387,0.9913,0.1639,20,0.0012,7843650,0.3611,6751539,0.8608,1092111,0.1392,10.9211,819814,0.1045,170.7,None,0.0,0,0,0,0,0.8833,12246389,1617880,cpu0_L1I,L1I,10686555,1.0,8982330,0.8405,1704225,0.1595,17.0422,687962,0.0644,10686555,8982330,0.8405,1704225,0.1595,17.0422,687962,0.0644,97.49,None,0.0,0,0,0,0,0.8405,8982330,1704225,cpu0_L2C,L2C,2120684,0.7523,1375595,0.6487,745089,0.3513,7.4509,0,0.0,272270,0.0966,77044,0.283,195226,0.717,1.9523,0,0.0,2819020,1794727,0.6366,1024293,0.3634,10.2429,0,0.0,16367,0.0058,3099,0.1893,13268,0.8107,0.1327,0,0.0,409699,0.1453,338989,0.8274,70710,0.1726,0.7071,0,0.0,310.2,None,0.0,0,0,0,0,0.607,1452639,940315,LLC,LLC,745089,0.6183,46221,0.062,698868,0.938,6.9887,0,0.0,195226,0.162,7620,0.039,187606,0.961,1.8761,0,0.0,1204992,88941,0.0738,1116051,0.9262,11.1605,0,0.0,13268,0.011,545,0.0411,12723,0.9589,0.1272,0,0.0,251409,0.2086,34555,0.1374,216854,0.8626,2.1685,0,0.0,272.6,None,0.0,0,0,0,0,0.0573,53841,886474,cpu0_STLB,STLB,269606,1.0,262207,0.9726,7399,0.0274,0.074,0,0.0,269606,262207,0.9726,7399,0.0274,0.074,0,0.0,705.5,None,0.0,0,0,0,0,0.9726,262207,7399,73,0,0.5147,194295178,100000004,,core,1,core.1.v1.,v1,,l1d,n,l1d.n.v1.,v1,,l1i,n,l1i.n.v1.,v1,,l2c,n,l2c.n.v1.,v1,,llc,1,llc.1.v1.,v1,,memory,1,memory.1.v2.,v2,,tlbs,n,tlbs.n.v1.,v1,73,1,merced_073_1_073.raw,73,myscript_google,merced,0.0,0.0,/mnt/storage/traces/gtrace_v2_champsim_myscript/merced/merced.log,None,None,1,1,/mnt/storage/traces/gtrace_v2_champsim_myscript/merced/merced_0073.champsim.gz,0,0,True,
65.41,6.042,0.9672,3.484,0.7527,0.5069,0.4111,0.2321,0.6549,cpu0_DTLB,DTLB,25645850,1.0,25088108,0.9783,557742,0.0217,5.5774,258477,0.0101,25645850,25088108,0.9783,557742,0.0217,5.5774,258477,0.0101,16.07,None,0.0,0,0,0,0,0.9783,25088108,557742,cpu0_ITLB,ITLB,11176581,1.0,11175255,0.9999,1326,0.0001,0.0133,916,0.0001,11176581,11175255,0.9999,1326,0.0001,0.0133,916,0.0001,36.43,None,0.0,0,0,0,0,0.9999,11175255,1326,cpu0_L1D,L1D,14335408,0.5208,13055013,0.9107,1280395,0.0893,12.8039,419411,0.0293,27526925,24620949,0.8944,2905976,0.1056,29.0598,1673594,0.0608,10554,0.0004,98,0.0093,10456,0.9907,0.1046,85,0.0081,13180963,0.4788,11565838,0.8775,1615125,0.1225,16.1512,1254098,0.0951,202.1,None,0.0,0,0,0,0,0.9107,13055013,1280395,cpu0_L1I,L1I,13053704,1.0,10542407,0.8076,2511297,0.1924,25.113,976442,0.0748,13053704,10542407,0.8076,2511297,0.1924,25.113,976442,0.0748,39.32,None,0.0,0,0,0,0,0.8076,10542407,2511297,cpu0_L2C,L2C,2395829,0.7262,1913459,0.7987,482370,0.2013,4.8237,0,0.0,360999,0.1094,80586,0.2232,280413,0.7768,2.8041,0,0.0,3299348,2433986,0.7377,865362,0.2623,8.6536,0,0.0,10371,0.0031,1734,0.1672,8637,0.8328,0.0864,0,0.0,532149,0.1613,438207,0.8235,93942,0.1765,0.9394,0,0.0,333.0,None,0.0,0,0,0,0,0.7233,1994045,762783,LLC,LLC,482370,0.4218,40986,0.085,441384,0.915,4.4138,0,0.0,280413,0.2452,8572,0.0306,271841,0.9694,2.7184,0,0.0,1143634,92896,0.0812,1050738,0.9188,10.5074,0,0.0,8637,0.0076,288,0.0333,8349,0.9667,0.0835,0,0.0,372214,0.3255,43050,0.1157,329164,0.8843,3.2916,0,0.0,265.0,None,0.0,0,0,0,0,0.065,49558,713225,cpu0_STLB,STLB,299675,1.0,294786,0.9837,4889,0.0163,0.0489,0,0.0,299675,294786,0.9837,4889,0.0163,0.0489,0,0.0,679.2,None,0.0,0,0,0,0,0.9837,294786,4889,46,0,0.659,151753164,100000003,,core,1,core.1.v1.,v1,,l1d,n,l1d.n.v1.,v1,,l1i,n,l1i.n.v1.,v1,,l2c,n,l2c.n.v1.,v1,,llc,1,llc.1.v1.,v1,,memory,1,memory.1.v2.,v2,,tlbs,n,tlbs.n.v1.,v1,46,1,tango_046_1_046.raw,46,myscript_google,tango,0.0,0.0,/mnt/storage/traces/gtrace_v2_champsim_myscript/tango/tango.log,100000000,100000000,1,1,/mnt/storage/traces/gtrace_v2_champsim_myscript/tango/tango_0046.champsim.gz,0,0,True,
54.72,7.382,0.9617,4.182,0.8279,0.679,0.4461,0.3855,0.8611,cpu0_DTLB,DTLB,26886188,1.0,26426927,0.9829,459261,0.0171,4.5926,189856,0.0071,26886188,26426927,0.9829,459261,0.0171,4.5926,189856,0.0071,14.18,None,0.0,0,0,0,0,0.9829,26426927,459261,cpu0_ITLB,ITLB,10049572,1.0,10049377,1.0,195,0.0,0.0019,50,0.0,10049572,10049377,1.0,195,0.0,0.0019,50,0.0,288.3,None,0.0,0,0,0,0,1.0,10049377,195,cpu0_L1D,L1D,16413452,0.5671,14872151,0.9061,1541301,0.0939,15.413,498425,0.0304,28945122,26209422,0.9055,2735700,0.0945,27.357,1391959,0.0481,6549,0.0002,63,0.0096,6486,0.9904,0.0649,12,0.0018,12525121,0.4327,11337208,0.9052,1187913,0.0948,11.8791,893522,0.0713,226.2,None,0.0,0,0,0,0,0.9061,14872151,1541301,cpu0_L1I,L1I,11975282,1.0,9924305,0.8287,2050977,0.1713,20.5098,737937,0.0616,11975282,9924305,0.8287,2050977,0.1713,20.5098,737937,0.0616,93.06,None,0.0,0,0,0,0,0.8287,9924305,2050977,cpu0_L2C,L2C,2355909,0.7547,1391003,0.5904,964906,0.4096,9.6491,0,0.0,294372,0.0943,62484,0.2123,231888,0.7877,2.3189,0,0.0,3121454,1821721,0.5836,1299733,0.4164,12.9973,0,0.0,6474,0.0021,1090,0.1684,5384,0.8316,0.0538,0,0.0,464699,0.1489,367144,0.7901,97555,0.2099,0.9755,0,0.0,311.8,None,0.0,0,0,0,0,0.5484,1453487,1196794,LLC,LLC,964906,0.6289,73616,0.0763,891290,0.9237,8.9129,0,0.0,231888,0.1511,6000,0.0259,225888,0.9741,2.2589,0,0.0,1534356,117269,0.0764,1417087,0.9236,14.1709,0,0.0,5384,0.0035,76,0.0141,5308,0.9859,0.0531,0,0.0,332178,0.2165,37577,0.1131,294601,0.8869,2.946,0,0.0,274.1,None,0.0,0,0,0,0,0.0665,79616,1117178,cpu0_STLB,STLB,269550,1.0,266599,0.9891,2951,0.0109,0.0295,0,0.0,269550,266599,0.9891,2951,0.0109,0.0295,0,0.0,850.9,None,0.0,0,0,0,0,0.9891,266599,2951,33,0,0.4534,220541837,100000004,,core,1,core.1.v1.,v1,,l1d,n,l1d.n.v1.,v1,,l1i,n,l1i.n.v1.,v1,,l2c,n,l2c.n.v1.,v1,,llc,1,llc.1.v1.,v1,,memory,1,memory.1.v2.,v2,,tlbs,n,tlbs.n.v1.,v1,33,1,tahoe_033_1_033.raw,33,myscript_google,tahoe,0.0,0.0,/mnt/storage/traces/gtrace_v2_champsim_myscript/tahoe/tahoe.log,100000000,100000000,1,1,/mnt/storage/traces/gtrace_v2_champsim_myscript/tahoe/tahoe_0033.champsim.gz,0,0,True,
44.0,9.679,0.9448,6.708,0.7875,1.075,0.3,0.283,0.5249,cpu0_DTLB,DTLB,22932379,1.0,22432242,0.9782,500137,0.0218,5.0014,212067,0.0092,22932379,22432242,0.9782,500137,0.0218,5.0014,212067,0.0092,20.91,None,0.0,0,0,0,0,0.9782,22432242,500137,cpu0_ITLB,ITLB,8969409,1.0,8969397,1.0,12,0.0,0.0001,5,0.0,8969409,8969397,1.0,12,0.0,0.0001,5,0.0,1304.0,None,0.0,0,0,0,0,1.0,8969397,12,cpu0_L1D,L1D,15444064,0.6403,13754128,0.8906,1689936,0.1094,16.8994,529344,0.0343,24120478,21274664,0.882,2845814,0.118,28.4581,1373767,0.057,14407,0.0006,84,0.0058,14323,0.9942,0.1432,11,0.0008,8662007,0.3591,7520452,0.8682,1141555,0.1318,11.4155,844412,0.0975,166.9,None,0.0,0,0,0,0,0.8906,13754128,1689936,cpu0_L1I,L1I,10967586,1.0,9103673,0.8301,1863913,0.1699,18.6391,742410,0.0677,10967586,9103673,0.8301,1863913,0.1699,18.6391,742410,0.0677,110.1,None,0.0,0,0,0,0,0.8301,9103673,1863913,cpu0_L2C,L2C,2282069,0.7515,1467595,0.6431,814474,0.3569,8.1447,0,0.0,297112,0.0978,81929,0.2758,215183,0.7242,2.1518,0,0.0,3036616,1914267,0.6304,1122349,0.3696,11.2235,0,0.0,14312,0.0047,2461,0.172,11851,0.828,0.1185,0,0.0,443123,0.1459,362282,0.8176,80841,0.1824,0.8084,0,0.0,310.7,None,0.0,0,0,0,0,0.6008,1549524,1029657,LLC,LLC,814474,0.6204,63460,0.0779,751014,0.9221,7.5101,0,0.0,215183,0.1639,8309,0.0386,206874,0.9614,2.0687,0,0.0,1312822,109278,0.0832,1203544,0.9168,12.0354,0,0.0,11851,0.009,474,0.04,11377,0.96,0.1138,0,0.0,271314,0.2067,37035,0.1365,234279,0.8635,2.3428,0,0.0,277.4,None,0.0,0,0,0,0,0.0697,71769,957888,cpu0_STLB,STLB,288077,1.0,281617,0.9776,6460,0.0224,0.0646,0,0.0,288077,281617,0.9776,6460,0.0224,0.0646,0,0.0,709.9,None,0.0,0,0,0,0,0.9776,281617,6460,35,0,0.4919,203299484,100000002,,core,1,core.1.v1.,v1,,l1d,n,l1d.n.v1.,v1,,l1i,n,l1i.n.v1.,v1,,l2c,n,l2c.n.v1.,v1,,llc,1,llc.1.v1.,v1,,memory,1,memory.1.v2.,v2,,tlbs,n,tlbs.n.v1.,v1,35,1,merced_035_1_035.raw,35,myscript_google,merced,0.0,0.0,/mnt/storage/traces/gtrace_v2_champsim_myscript/merced/merced.log,None,None,1,1,/mnt/storage/traces/gtrace_v2_champsim_myscript/merced/merced_0035.champsim.gz,0,0,True,
69.33,0.9697,0.9791,0.7522,0.0435,0.0672,0.0187,0.0162,0.072,cpu0_DTLB,DTLB,15734741,1.0,15666007,0.9956,68734,0.0044,0.6873,28533,0.0018,15734741,15666007,0.9956,68734,0.0044,0.6873,28533,0.0018,24.39,None,0.0,0,0,0,0,0.9956,15666007,68734,cpu0_ITLB,ITLB,13696322,1.0,13696228,1.0,94,0.0,0.0009,29,0.0,13696322,13696228,1.0,94,0.0,0.0009,29,0.0,76.11,None,0.0,0,0,0,0,1.0,13696228,94,cpu0_L1D,L1D,11775032,0.7052,10938061,0.9289,836971,0.0711,8.3697,311477,0.0265,16696736,15245291,0.9131,1451445,0.0869,14.5145,737454,0.0442,2118,0.0001,10,0.0047,2108,0.9953,0.0211,0,0.0,4919586,0.2946,4307220,0.8755,612366,0.1245,6.1237,425977,0.0866,218.4,None,0.0,0,0,0,0,0.9289,10938061,836971,cpu0_L1I,L1I,16069423,1.0,15748209,0.98,321214,0.02,3.2121,134109,0.0083,16069423,15748209,0.98,321214,0.02,3.2121,134109,0.0083,98.41,None,0.0,0,0,0,0,0.98,15748209,321214,cpu0_L2C,L2C,712584,0.6037,412142,0.5784,300442,0.4216,3.0044,0,0.0,186382,0.1579,90424,0.4852,95958,0.5148,0.9596,0,0.0,1180375,739995,0.6269,440380,0.3731,4.4038,0,0.0,2108,0.0018,285,0.1352,1823,0.8648,0.0182,0,0.0,279301,0.2366,237144,0.8491,42157,0.1509,0.4216,0,0.0,379.3,None,0.0,0,0,0,0,0.559,502566,396400,LLC,LLC,300442,0.4985,16974,0.0565,283468,0.9435,2.8347,0,0.0,95958,0.1592,9706,0.1011,86252,0.8989,0.8625,0,0.0,602633,50187,0.0833,552446,0.9167,5.5245,0,0.0,1823,0.003,58,0.0318,1765,0.9682,0.0176,0,0.0,204410,0.3392,23449,0.1147,180961,0.8853,1.8096,0,0.0,293.5,None,0.0,0,0,0,0,0.0673,26680,369720,cpu0_STLB,STLB,40266,1.0,39207,0.9737,1059,0.0263,0.0106,0,0.0,40266,39207,0.9737,1059,0.0263,0.0106,0,0.0,739.6,None,0.0,0,0,0,0,0.9737,39207,1059,2,0,1.151,86847415,100000000,,core,1,core.1.v1.,v1,,l1d,n,l1d.n.v1.,v1,,l1i,n,l1i.n.v1.,v1,,l2c,n,l2c.n.v1.,v1,,llc,1,llc.1.v1.,v1,,memory,1,memory.1.v2.,v2,,tlbs,n,tlbs.n.v1.,v1,2,1,arizona_002_1_002.raw,2,myscript_google,arizona,0.0,0.0,/mnt/storage/traces/gtrace_v2_champsim_myscript/arizona/arizona.log,100000000,100000000,1,1,/mnt/storage/traces/gtrace_v2_champsim_myscript/arizona/arizona_0002.champsim.gz,0,0,True,
43.81,10.1,0.9414,7.216,0.7447,1.055,0.3185,0.274,0.4936,cpu0_DTLB,DTLB,22281524,1.0,21858941,0.981,422583,0.019,4.2258,177944,0.008,22281524,21858941,0.981,422583,0.019,4.2258,177944,0.008,25.61,None,0.0,0,0,0,0,0.981,21858941,422583,cpu0_ITLB,ITLB,8635415,1.0,8635404,1.0,11,0.0,0.0001,6,0.0,8635415,8635404,1.0,11,0.0,0.0001,6,0.0,1040.0,None,0.0,0,0,0,0,1.0,8635404,11,cpu0_L1D,L1D,15024375,0.6407,13421660,0.8933,1602715,0.1067,16.0271,507962,0.0338,23451155,20678734,0.8818,2772421,0.1182,27.7242,1367229,0.0583,15496,0.0007,89,0.0057,15407,0.9943,0.1541,15,0.001,8411284,0.3587,7256985,0.8628,1154299,0.1372,11.543,859252,0.1022,197.1,None,0.0,0,0,0,0,0.8933,13421660,1602715,cpu0_L1I,L1I,10468615,1.0,8763920,0.8372,1704695,0.1628,17.0469,667769,0.0638,10468615,8763920,0.8372,1704695,0.1628,17.0469,667769,0.0638,116.0,None,0.0,0,0,0,0,0.8372,8763920,1704695,cpu0_L2C,L2C,2131665,0.7431,1245417,0.5842,886248,0.4158,8.8625,0,0.0,295023,0.1028,68064,0.2307,226959,0.7693,2.2696,0,0.0,2868789,1660154,0.5787,1208635,0.4213,12.0863,0,0.0,15392,0.0054,2574,0.1672,12818,0.8328,0.1282,0,0.0,426709,0.1487,344099,0.8064,82610,0.1936,0.8261,0,0.0,312.6,None,0.0,0,0,0,0,0.5413,1313481,1113207,LLC,LLC,886248,0.6288,56670,0.0639,829578,0.9361,8.2958,0,0.0,226959,0.161,6782,0.0299,220177,0.9701,2.2018,0,0.0,1409378,99290,0.0704,1310088,0.9296,13.1009,0,0.0,12818,0.0091,354,0.0276,12464,0.9724,0.1246,0,0.0,283353,0.201,35484,0.1252,247869,0.8748,2.4787,0,0.0,276.2,None,0.0,0,0,0,0,0.057,63452,1049755,cpu0_STLB,STLB,244644,1.0,237735,0.9718,6909,0.0282,0.0691,0,0.0,244644,237735,0.9718,6909,0.0282,0.0691,0,0.0,729.5,None,0.0,0,0,0,0,0.9718,237735,6909,86,0,0.4562,219197221,100000001,,core,1,core.1.v1.,v1,,l1d,n,l1d.n.v1.,v1,,l1i,n,l1i.n.v1.,v1,,l2c,n,l2c.n.v1.,v1,,llc,1,llc.1.v1.,v1,,memory,1,memory.1.v2.,v2,,tlbs,n,tlbs.n.v1.,v1,86,1,merced_086_1_086.raw,86,myscript_google,merced,0.0,0.0,/mnt/storage/traces/gtrace_v2_champsim_myscript/merced/merced.log,None,None,1,1,/mnt/storage/traces/gtrace_v2_champsim_myscript/merced/merced_0086.champsim.gz,0,0,True,
56.9,9.698,0.9468,3.683,1.759,2.348,0.2793,0.4301,1.199,cpu0_DTLB,DTLB,26825294,1.0,25954140,0.9675,871154,0.0325,8.7115,361182,0.0135,26825294,25954140,0.9675,871154,0.0325,8.7115,361182,0.0135,9.553,None,0.0,0,0,0,0,0.9675,25954140,871154,cpu0_ITLB,ITLB,13182791,1.0,13182688,1.0,103,0.0,0.001,48,0.0,13182791,13182688,1.0,103,0.0,0.001,48,0.0,424.1,None,0.0,0,0,0,0,1.0,13182688,103,cpu0_L1D,L1D,15997330,0.5573,13889295,0.8682,2108035,0.1318,21.0803,563496,0.0352,28703979,24871324,0.8665,3832655,0.1335,38.3265,1783322,0.0621,6507,0.0002,48,0.0074,6459,0.9926,0.0646,1,0.0002,12700142,0.4425,10981981,0.8647,1718161,0.1353,17.1816,1219825,0.096,141.3,None,0.0,0,0,0,0,0.8682,13889295,2108035,cpu0_L1I,L1I,15840992,1.0,8984192,0.5671,6856800,0.4329,68.568,2713820,0.1713,15840992,8984192,0.5671,6856800,0.4329,68.568,2713820,0.1713,38.62,None,0.0,0,0,0,0,0.5671,8984192,6856800,cpu0_L2C,L2C,5687485,0.803,4722218,0.8303,965267,0.1697,9.6527,0,0.0,498304,0.0704,238846,0.4793,259458,0.5207,2.5946,0,0.0,7082414,5753928,0.8124,1328486,0.1876,13.2849,0,0.0,6458,0.0009,911,0.1411,5547,0.8589,0.0555,0,0.0,890167,0.1257,791953,0.8897,98214,0.1103,0.9821,0,0.0,303.0,None,0.0,0,0,0,0,0.802,4961064,1224725,LLC,LLC,965267,0.5816,77437,0.0802,887830,0.9198,8.8783,0,0.0,259458,0.1563,21777,0.0839,237681,0.9161,2.3768,0,0.0,1659555,188683,0.1137,1470872,0.8863,14.7087,0,0.0,5547,0.0033,67,0.0121,5480,0.9879,0.0548,0,0.0,429283,0.2587,89402,0.2083,339881,0.7917,3.3988,0,0.0,262.2,None,0.0,0,0,0,0,0.081,99214,1125511,cpu0_STLB,STLB,510027,1.0,506774,0.9936,3253,0.0064,0.0325,0,0.0,510027,506774,0.9936,3253,0.0064,0.0325,0,0.0,719.7,None,0.0,0,0,0,0,0.9936,506774,3253,13,0,0.4711,212267777,100000004,,core,1,core.1.v1.,v1,,l1d,n,l1d.n.v1.,v1,,l1i,n,l1i.n.v1.,v1,,l2c,n,l2c.n.v1.,v1,,llc,1,llc.1.v1.,v1,,memory,1,memory.1.v2.,v2,,tlbs,n,tlbs.n.v1.,v1,13,1,sierra.a.3_013_1_013.raw,13,myscript_google,sierra.a.3,0.0,0.0,/mnt/storage/traces/gtrace_v2_champsim_myscript/sierra.a.3/sierra.a.3.log,100000000,100000000,1,1,/mnt/storage/traces/gtrace_v2_champsim_myscript/sierra.a.3/sierra.a.3_0013.champsim.gz,0,0,True,
62.02,6.232,0.9662,3.462,0.8292,0.5609,0.3504,0.2875,0.7422,cpu0_DTLB,DTLB,26055312,1.0,25456815,0.977,598497,0.023,5.985,272467,0.0105,26055312,25456815,0.977,598497,0.023,5.985,272467,0.0105,13.29,None,0.0,0,0,0,0,0.977,25456815,598497,cpu0_ITLB,ITLB,11422279,1.0,11420985,0.9999,1294,0.0001,0.0129,894,0.0001,11422279,11420985,0.9999,1294,0.0001,0.0129,894,0.0001,21.22,None,0.0,0,0,0,0,0.9999,11420985,1294,cpu0_L1D,L1D,14589879,0.5233,13076960,0.8963,1512919,0.1037,15.1292,502768,0.0345,27882436,24438417,0.8765,3444019,0.1235,34.4402,1993594,0.0715,7398,0.0003,97,0.0131,7301,0.9869,0.073,72,0.0097,13285159,0.4765,11361360,0.8552,1923799,0.1448,19.238,1490754,0.1122,210.2,None,0.0,0,0,0,0,0.8963,13076960,1512919,cpu0_L1I,L1I,13343207,1.0,10257863,0.7688,3085344,0.2312,30.8534,1208232,0.0906,13343207,10257863,0.7688,3085344,0.2312,30.8534,1208232,0.0906,46.5,None,0.0,0,0,0,0,0.7688,10257863,3085344,cpu0_L2C,L2C,2887248,0.7296,2287072,0.7921,600176,0.2079,6.0018,0,0.0,433019,0.1094,93166,0.2152,339853,0.7848,3.3985,0,0.0,3957238,2897761,0.7323,1059477,0.2677,10.5948,0,0.0,7229,0.0018,1089,0.1506,6140,0.8494,0.0614,0,0.0,629742,0.1591,516434,0.8201,113308,0.1799,1.1331,0,0.0,346.0,None,0.0,0,0,0,0,0.7169,2380238,940029,LLC,LLC,600176,0.4303,50775,0.0846,549401,0.9154,5.494,0,0.0,339852,0.2436,8341,0.0245,331511,0.9755,3.3151,0,0.0,1394934,104335,0.0748,1290599,0.9252,12.906,0,0.0,6140,0.0044,109,0.0178,6031,0.9822,0.0603,0,0.0,448766,0.3217,45110,0.1005,403656,0.8995,4.0366,0,0.0,274.8,None,0.0,0,0,0,0,0.0629,59116,880912,cpu0_STLB,STLB,326430,1.0,323037,0.9896,3393,0.0104,0.0339,0,0.0,326430,323037,0.9896,3393,0.0104,0.0339,0,0.0,797.9,None,0.0,0,0,0,0,0.9896,323037,3393,11,0,0.5734,174383775,100000003,,core,1,core.1.v1.,v1,,l1d,n,l1d.n.v1.,v1,,l1i,n,l1i.n.v1.,v1,,l2c,n,l2c.n.v1.,v1,,llc,1,llc.1.v1.,v1,,memory,1,memory.1.v2.,v2,,tlbs,n,tlbs.n.v1.,v1,11,1,tango_011_1_011.raw,11,myscript_google,tango,0.0,0.0,/mnt/storage/traces/gtrace_v2_champsim_myscript/tango/tango.log,100000000,100000000,1,1,/mnt/storage/traces/gtrace_v2_champsim_myscript/tango/tango_0011.champsim.gz,0,0,True,
92.06,4.706,0.9745,2.913,0.2565,0.3228,0.5514,0.4276,0.2342,cpu0_DTLB,DTLB,24825444,1.0,24625660,0.992,199784,0.008,1.9978,89251,0.0036,24825444,24625660,0.992,199784,0.008,1.9978,89251,0.0036,42.24,None,0.0,0,0,0,0,0.992,24625660,199784,cpu0_ITLB,ITLB,9430142,1.0,9430127,1.0,15,0.0,0.0001,4,0.0,9430142,9430127,1.0,15,0.0,0.0001,4,0.0,904.6,None,0.0,0,0,0,0,1.0,9430127,15,cpu0_L1D,L1D,15535033,0.5863,14382180,0.9258,1152853,0.0742,11.5285,473264,0.0305,26496868,23442572,0.8847,3054296,0.1153,30.543,1931232,0.0729,10362,0.0004,80,0.0077,10282,0.9923,0.1028,6,0.0006,10951473,0.4133,9060312,0.8273,1891161,0.1727,18.9116,1457962,0.1331,314.0,None,0.0,0,0,0,0,0.9258,14382180,1152853,cpu0_L1I,L1I,11236449,1.0,10082897,0.8973,1153552,0.1027,11.5355,484293,0.0431,11236449,10082897,0.8973,1153552,0.1027,11.5355,484293,0.0431,91.11,None,0.0,0,0,0,0,0.8973,10082897,1153552,cpu0_L2C,L2C,1348841,0.5756,881755,0.6537,467086,0.3463,4.6709,0,0.0,433189,0.1849,36707,0.0847,396482,0.9153,3.9648,0,0.0,2343345,1393466,0.5946,949879,0.4054,9.4988,0,0.0,10276,0.0044,1733,0.1686,8543,0.8314,0.0854,0,0.0,551039,0.2352,473271,0.8589,77768,0.1411,0.7777,0,0.0,420.2,None,0.0,0,0,0,0,0.5154,918462,863568,LLC,LLC,467086,0.3481,15072,0.0323,452014,0.9677,4.5201,0,0.0,396482,0.2955,1808,0.0046,394674,0.9954,3.9467,0,0.0,1341719,32637,0.0243,1309082,0.9757,13.0908,0,0.0,8543,0.0064,111,0.013,8432,0.987,0.0843,0,0.0,469608,0.35,15646,0.0333,453962,0.9667,4.5396,0,0.0,297.2,None,0.0,0,0,0,0,0.0195,16880,846688,cpu0_STLB,STLB,110544,1.0,105368,0.9532,5176,0.0468,0.0518,0,0.0,110544,105368,0.9532,5176,0.0468,0.0518,0,0.0,796.1,None,0.0,0,0,0,0,0.9532,105368,5176,17,0,0.6122,163357577,100000001,,core,1,core.1.v1.,v1,,l1d,n,l1d.n.v1.,v1,,l1i,n,l1i.n.v1.,v1,,l2c,n,l2c.n.v1.,v1,,llc,1,llc.1.v1.,v1,,memory,1,memory.1.v2.,v2,,tlbs,n,tlbs.n.v1.,v1,17,1,charlie_017_1_017.raw,17,myscript_google,charlie,0.0,0.0,/mnt/storage/traces/gtrace_v2_champsim_myscript/charlie/charlie.log,100000000,100000000,1,1,/mnt/storage/traces/gtrace_v2_champsim_myscript/charlie/charlie_0017.champsim.gz,0,0,True,
79.44,5.898,0.9688,2.632,0.7972,1.182,0.2345,0.2581,0.7932,cpu0_DTLB,DTLB,26455677,1.0,25590917,0.9673,864760,0.0327,8.6476,351496,0.0133,26455677,25590917,0.9673,864760,0.0327,8.6476,351496,0.0133,5.477,None,0.0,0,0,0,0,0.9673,25590917,864760,cpu0_ITLB,ITLB,13062474,1.0,13062454,1.0,20,0.0,0.0002,8,0.0,13062474,13062454,1.0,20,0.0,0.0002,8,0.0,924.8,None,0.0,0,0,0,0,1.0,13062454,20,cpu0_L1D,L1D,15320051,0.5385,13476501,0.8797,1843550,0.1203,18.4355,475063,0.031,28451793,24969354,0.8776,3482439,0.1224,34.8244,1650460,0.058,533,0.0,0,0.0,533,1.0,0.0053,0,0.0,13131209,0.4615,11492853,0.8752,1638356,0.1248,16.3836,1175397,0.0895,126.2,None,0.0,0,0,0,0,0.8797,13476501,1843550,cpu0_L1I,L1I,15870275,1.0,8902247,0.5609,6968028,0.4391,69.6803,2870422,0.1809,15870275,8902247,0.5609,6968028,0.4391,69.6803,2870422,0.1809,27.35,None,0.0,0,0,0,0,0.5609,8902247,6968028,cpu0_L2C,L2C,5466063,0.8124,4824360,0.8826,641703,0.1174,6.417,0,0.0,462929,0.0688,228583,0.4938,234346,0.5062,2.3435,0,0.0,6728517,5776189,0.8585,952328,0.1415,9.5233,0,0.0,533,0.0001,58,0.1088,475,0.8912,0.0047,0,0.0,798992,0.1187,723188,0.9051,75804,0.0949,0.758,0,0.0,313.7,None,0.0,0,0,0,0,0.8522,5052943,876049,LLC,LLC,641703,0.5057,46725,0.0728,594978,0.9272,5.9498,0,0.0,234346,0.1847,16724,0.0714,217622,0.9286,2.1762,0,0.0,1268975,135264,0.1066,1133711,0.8934,11.3371,0,0.0,475,0.0004,16,0.0337,459,0.9663,0.0046,0,0.0,392451,0.3093,71799,0.183,320652,0.817,3.2065,0,0.0,253.4,None,0.0,0,0,0,0,0.0724,63449,812600,cpu0_STLB,STLB,513275,1.0,513010,0.9995,265,0.0005,0.0027,0,0.0,513275,513010,0.9995,265,0.0005,0.0027,0,0.0,962.2,None,0.0,0,0,0,0,0.9995,513010,265,8,0,0.6251,159978838,100000000,,core,1,core.1.v1.,v1,,l1d,n,l1d.n.v1.,v1,,l1i,n,l1i.n.v1.,v1,,l2c,n,l2c.n.v1.,v1,,llc,1,llc.1.v1.,v1,,memory,1,memory.1.v2.,v2,,tlbs,n,tlbs.n.v1.,v1,8,1,sierra.a.6_008_1_008.raw,8,myscript_google,sierra.a.6,0.0,0.0,/mnt/storage/traces/gtrace_v2_champsim_myscript/sierra.a.6/sierra.a.6.log,100000000,100000000,1,1,/mnt/storage/traces/gtrace_v2_champsim_myscript/sierra.a.6/sierra.a.6_0008.champsim.gz,0,0,True,
42.08,10.76,0.9411,6.239,1.6,0.9642,0.5665,0.475,0.9139,cpu0_DTLB,DTLB,26953558,1.0,26454429,0.9815,499129,0.0185,4.9913,210857,0.0078,26953558,26454429,0.9815,499129,0.0185,4.9913,210857,0.0078,10.92,None,0.0,0,0,0,0,0.9815,26454429,499129,cpu0_ITLB,ITLB,9026602,1.0,9026453,1.0,149,0.0,0.0015,78,0.0,9026602,9026453,1.0,149,0.0,0.0015,78,0.0,197.3,None,0.0,0,0,0,0,1.0,9026453,149,cpu0_L1D,L1D,16754048,0.5877,15145774,0.904,1608274,0.096,16.0827,490908,0.0293,28508269,25242579,0.8854,3265690,0.1146,32.6569,1724542,0.0605,4601,0.0002,48,0.0104,4553,0.9896,0.0455,5,0.0011,11749620,0.4121,10096757,0.8593,1652863,0.1407,16.5286,1233629,0.105,209.5,None,0.0,0,0,0,0,0.904,15145774,1608274,cpu0_L1I,L1I,10920480,1.0,8770394,0.8031,2150086,0.1969,21.5009,803929,0.0736,10920480,8770394,0.8031,2150086,0.1969,21.5009,803929,0.0736,134.5,None,0.0,0,0,0,0,0.8031,8770394,2150086,cpu0_L2C,L2C,2463516,0.7076,1445589,0.5868,1017927,0.4132,10.1793,0,0.0,419206,0.1204,101444,0.242,317762,0.758,3.1776,0,0.0,3481271,2028636,0.5827,1452635,0.4173,14.5264,0,0.0,4548,0.0013,475,0.1044,4073,0.8956,0.0407,0,0.0,594001,0.1706,481128,0.81,112873,0.19,1.1287,0,0.0,331.2,None,0.0,0,0,0,0,0.5367,1547033,1335689,LLC,LLC,1017927,0.5807,101837,0.1,916090,0.9,9.1609,0,0.0,317762,0.1813,8099,0.0255,309663,0.9745,3.0966,0,0.0,1753006,157059,0.0896,1595947,0.9104,15.9595,0,0.0,4073,0.0023,54,0.0133,4019,0.9867,0.0402,0,0.0,413244,0.2357,47069,0.1139,366175,0.8861,3.6618,0,0.0,289.9,None,0.0,0,0,0,0,0.0823,109936,1225753,cpu0_STLB,STLB,288343,1.0,286261,0.9928,2082,0.0072,0.0208,0,0.0,288343,286261,0.9928,2082,0.0072,0.0208,0,0.0,825.3,None,0.0,0,0,0,0,0.9928,286261,2082,73,0,0.4277,233803936,100000000,,core,1,core.1.v1.,v1,,l1d,n,l1d.n.v1.,v1,,l1i,n,l1i.n.v1.,v1,,l2c,n,l2c.n.v1.,v1,,llc,1,llc.1.v1.,v1,,memory,1,memory.1.v2.,v2,,tlbs,n,tlbs.n.v1.,v1,73,1,yankee_073_1_073.raw,73,myscript_google,yankee,0.0,0.0,/mnt/storage/traces/gtrace_v2_champsim_myscript/yankee/yankee.log,None,None,1,1,/mnt/storage/traces/gtrace_v2_champsim_myscript/yankee/yankee_0073.champsim.gz,0,0,True,
63.43,7.44,0.9608,4.148,1.016,0.6618,0.4357,0.3159,0.8629,cpu0_DTLB,DTLB,25952451,1.0,25238692,0.9725,713759,0.0275,7.1376,327067,0.0126,25952451,25238692,0.9725,713759,0.0275,7.1376,327067,0.0126,14.05,None,0.0,0,0,0,0,0.9725,25238692,713759,cpu0_ITLB,ITLB,10882198,1.0,10880654,0.9999,1544,0.0001,0.0154,1049,0.0001,10882198,10880654,0.9999,1544,0.0001,0.0154,1049,0.0001,24.19,None,0.0,0,0,0,0,0.9999,10880654,1544,cpu0_L1D,L1D,14815491,0.5358,13335351,0.9001,1480140,0.0999,14.8014,444179,0.03,27650871,24668639,0.8921,2982232,0.1079,29.8223,1585994,0.0574,10355,0.0004,75,0.0072,10280,0.9928,0.1028,94,0.0091,12825025,0.4638,11333213,0.8837,1491812,0.1163,14.9181,1141721,0.089,167.7,None,0.0,0,0,0,0,0.9001,13335351,1480140,cpu0_L1I,L1I,12829335,1.0,9370106,0.7304,3459229,0.2696,34.5923,1354144,0.1056,12829335,9370106,0.7304,3459229,0.2696,34.5923,1354144,0.1056,27.81,None,0.0,0,0,0,0,0.7304,9370106,3459229,cpu0_L2C,L2C,3141032,0.7727,2637564,0.8397,503468,0.1603,5.0347,0,0.0,350068,0.0861,91637,0.2618,258431,0.7382,2.5843,0,0.0,4064927,3206474,0.7888,858453,0.2112,8.5845,0,0.0,10186,0.0025,1602,0.1573,8584,0.8427,0.0858,0,0.0,563641,0.1387,475671,0.8439,87970,0.1561,0.8797,0,0.0,310.0,None,0.0,0,0,0,0,0.7818,2729201,761899,LLC,LLC,503467,0.4415,44956,0.0893,458511,0.9107,4.5851,0,0.0,258430,0.2266,11603,0.0449,246827,0.9551,2.4683,0,0.0,1140467,112644,0.0988,1027823,0.9012,10.2782,0,0.0,8584,0.0075,208,0.0242,8376,0.9758,0.0838,0,0.0,369986,0.3244,55877,0.151,314109,0.849,3.1411,0,0.0,249.4,None,0.0,0,0,0,0,0.0742,56559,705338,cpu0_STLB,STLB,387187,1.0,382425,0.9877,4762,0.0123,0.0476,0,0.0,387187,382425,0.9877,4762,0.0123,0.0476,0,0.0,735.9,None,0.0,0,0,0,0,0.9877,382425,4762,17,0,0.6336,157834120,100000003,,core,1,core.1.v1.,v1,,l1d,n,l1d.n.v1.,v1,,l1i,n,l1i.n.v1.,v1,,l2c,n,l2c.n.v1.,v1,,llc,1,llc.1.v1.,v1,,memory,1,memory.1.v2.,v2,,tlbs,n,tlbs.n.v1.,v1,17,1,tango_017_1_017.raw,17,myscript_google,tango,0.0,0.0,/mnt/storage/traces/gtrace_v2_champsim_myscript/tango/tango.log,100000000,100000000,1,1,/mnt/storage/traces/gtrace_v2_champsim_myscript/tango/tango_0017.champsim.gz,0,0,True,
107.3,4.096,0.9782,2.435,0.077,0.236,0.6987,0.51,0.1387,cpu0_DTLB,DTLB,24645617,1.0,24580027,0.9973,65590,0.0027,0.6559,29371,0.0012,24645617,24580027,0.9973,65590,0.0027,0.6559,29371,0.0012,76.18,None,0.0,0,0,0,0,0.9973,24580027,65590,cpu0_ITLB,ITLB,9695854,1.0,9695848,1.0,6,0.0,0.0001,1,0.0,9695854,9695848,1.0,6,0.0,0.0001,1,0.0,1015.0,None,0.0,0,0,0,0,1.0,9695848,6,cpu0_L1D,L1D,15546596,0.5909,14490412,0.9321,1056184,0.0679,10.5618,432789,0.0278,26307869,23370011,0.8883,2937858,0.1117,29.3786,1875158,0.0713,5673,0.0002,36,0.0063,5637,0.9937,0.0564,5,0.0009,10755600,0.4088,8879563,0.8256,1876037,0.1744,18.7604,1442364,0.1341,384.0,None,0.0,0,0,0,0,0.9321,14490412,1056184,cpu0_L1I,L1I,11495919,1.0,10387786,0.9036,1108133,0.0964,11.0813,475090,0.0413,11495919,10387786,0.9036,1108133,0.0964,11.0813,475090,0.0413,52.72,None,0.0,0,0,0,0,0.9036,10387786,1108133,cpu0_L2C,L2C,1256433,0.5652,930016,0.7402,326417,0.2598,3.2642,0,0.0,433667,0.1951,23469,0.0541,410198,0.9459,4.102,0,0.0,2222809,1416153,0.6371,806656,0.3629,8.0666,0,0.0,5632,0.0025,961,0.1706,4671,0.8294,0.0467,0,0.0,527077,0.2371,461707,0.876,65370,0.124,0.6537,0,0.0,530.3,None,0.0,0,0,0,0,0.5642,953485,736615,LLC,LLC,326417,0.2704,11032,0.0338,315385,0.9662,3.1538,0,0.0,410197,0.3398,1249,0.003,408948,0.997,4.0895,0,0.0,1207241,26115,0.0216,1181126,0.9784,11.8113,0,0.0,4671,0.0039,38,0.0081,4633,0.9919,0.0463,0,0.0,465956,0.386,13796,0.0296,452160,0.9704,4.5216,0,0.0,355.4,None,0.0,0,0,0,0,0.0167,12281,724333,cpu0_STLB,STLB,36224,1.0,33394,0.9219,2830,0.0781,0.0283,0,0.0,36224,33394,0.9219,2830,0.0781,0.0283,0,0.0,911.8,None,0.0,0,0,0,0,0.9219,33394,2830,8,0,0.7469,133880337,100000004,,core,1,core.1.v1.,v1,,l1d,n,l1d.n.v1.,v1,,l1i,n,l1i.n.v1.,v1,,l2c,n,l2c.n.v1.,v1,,llc,1,llc.1.v1.,v1,,memory,1,memory.1.v2.,v2,,tlbs,n,tlbs.n.v1.,v1,8,1,charlie_008_1_008.raw,8,myscript_google,charlie,0.0,0.0,/mnt/storage/traces/gtrace_v2_champsim_myscript/charlie/charlie.log,100000000,100000000,1,1,/mnt/storage/traces/gtrace_v2_champsim_myscript/charlie/charlie_0008.champsim.gz,0,0,True,
107.5,4.004,0.9793,2.315,0.1223,0.2858,0.4535,0.5285,0.2987,cpu0_DTLB,DTLB,24982511,1.0,24843451,0.9944,139060,0.0056,1.3906,64096,0.0026,24982511,24843451,0.9944,139060,0.0056,1.3906,64096,0.0026,59.47,None,0.0,0,0,0,0,0.9944,24843451,139060,cpu0_ITLB,ITLB,9978241,1.0,9978238,1.0,3,0.0,0.0,0,0.0,9978241,9978238,1.0,3,0.0,0.0,0,0.0,920.0,None,0.0,0,0,0,0,1.0,9978238,3,cpu0_L1D,L1D,15635751,0.5863,14378073,0.9196,1257678,0.0804,12.5768,492782,0.0315,26670541,23425851,0.8783,3244690,0.1217,32.4469,2041422,0.0765,11202,0.0004,45,0.004,11157,0.996,0.1116,4,0.0004,11023588,0.4133,9047733,0.8208,1975855,0.1792,19.7585,1548636,0.1405,311.0,None,0.0,0,0,0,0,0.9196,14378073,1257678,cpu0_L1I,L1I,11843603,1.0,10357605,0.8745,1485998,0.1255,14.86,633616,0.0535,11843603,10357605,0.8745,1485998,0.1255,14.86,633616,0.0535,51.72,None,0.0,0,0,0,0,0.8745,10357605,1485998,cpu0_L2C,L2C,1617276,0.6142,1181410,0.7305,435866,0.2695,4.3587,0,0.0,427215,0.1622,32805,0.0768,394410,0.9232,3.9441,0,0.0,2633171,1715150,0.6514,918021,0.3486,9.1802,0,0.0,11153,0.0042,2259,0.2025,8894,0.7975,0.0889,0,0.0,577527,0.2193,498676,0.8635,78851,0.1365,0.7885,0,0.0,437.8,None,0.0,0,0,0,0,0.5939,1214215,830276,LLC,LLC,435866,0.3288,17402,0.0399,418464,0.9601,4.1846,0,0.0,394410,0.2975,3232,0.0082,391178,0.9918,3.9118,0,0.0,1325621,40860,0.0308,1284761,0.9692,12.8476,0,0.0,8894,0.0067,121,0.0136,8773,0.9864,0.0877,0,0.0,486451,0.367,20105,0.0413,466346,0.9587,4.6635,0,0.0,305.4,None,0.0,0,0,0,0,0.0249,20634,809642,cpu0_STLB,STLB,74967,1.0,69375,0.9254,5592,0.0746,0.0559,0,0.0,74967,69375,0.9254,5592,0.0746,0.0559,0,0.0,729.7,None,0.0,0,0,0,0,0.9254,69375,5592,4,0,0.6603,151441686,100000003,,core,1,core.1.v1.,v1,,l1d,n,l1d.n.v1.,v1,,l1i,n,l1i.n.v1.,v1,,l2c,n,l2c.n.v1.,v1,,llc,1,llc.1.v1.,v1,,memory,1,memory.1.v2.,v2,,tlbs,n,tlbs.n.v1.,v1,4,1,charlie_004_1_004.raw,4,myscript_google,charlie,0.0,0.0,/mnt/storage/traces/gtrace_v2_champsim_myscript/charlie/charlie.log,100000000,100000000,1,1,/mnt/storage/traces/gtrace_v2_champsim_myscript/charlie/charlie_0004.champsim.gz,0,0,True,
46.32,8.719,0.9552,4.705,1.015,0.8193,0.7486,0.4738,0.9567,cpu0_DTLB,DTLB,27111250,1.0,26657097,0.9832,454153,0.0168,4.5415,190329,0.007,27111250,26657097,0.9832,454153,0.0168,4.5415,190329,0.007,16.66,None,0.0,0,0,0,0,0.9832,26657097,454153,cpu0_ITLB,ITLB,10116623,1.0,10116378,1.0,245,0.0,0.0024,64,0.0,10116623,10116378,1.0,245,0.0,0.0024,64,0.0,265.4,None,0.0,0,0,0,0,1.0,10116378,245,cpu0_L1D,L1D,17160898,0.5875,15702901,0.915,1457997,0.085,14.58,443825,0.0259,29210951,26572351,0.9097,2638600,0.0903,26.386,1298192,0.0444,8818,0.0003,102,0.0116,8716,0.9884,0.0872,18,0.002,12041235,0.4122,10869348,0.9027,1171887,0.0973,11.7189,854349,0.071,196.0,None,0.0,0,0,0,0,0.915,15702901,1457997,cpu0_L1I,L1I,12088753,1.0,9642620,0.7977,2446133,0.2023,24.4613,874874,0.0724,12088753,9642620,0.7977,2446133,0.2023,24.4613,874874,0.0724,86.02,None,0.0,0,0,0,0,0.7977,9642620,2446133,cpu0_L2C,L2C,2585424,0.7627,1711308,0.6619,874116,0.3381,8.7412,0,0.0,317520,0.0937,79120,0.2492,238400,0.7508,2.384,0,0.0,3389977,2181756,0.6436,1208221,0.3564,12.0822,0,0.0,8698,0.0026,1459,0.1677,7239,0.8323,0.0724,0,0.0,478335,0.1411,389869,0.8151,88466,0.1849,0.8847,0,0.0,310.5,None,0.0,0,0,0,0,0.6168,1790428,1112516,LLC,LLC,874116,0.6087,53760,0.0615,820356,0.9385,8.2036,0,0.0,238400,0.166,8410,0.0353,229990,0.9647,2.2999,0,0.0,1436032,108629,0.0756,1327403,0.9244,13.274,0,0.0,7239,0.005,71,0.0098,7168,0.9902,0.0717,0,0.0,316277,0.2202,46388,0.1467,269889,0.8533,2.6989,0,0.0,270.7,None,0.0,0,0,0,0,0.0559,62170,1050346,cpu0_STLB,STLB,264005,1.0,260020,0.9849,3985,0.0151,0.0398,0,0.0,264005,260020,0.9849,3985,0.0151,0.0398,0,0.0,783.0,None,0.0,0,0,0,0,0.9849,260020,3985,9,0,0.481,207917104,100000003,,core,1,core.1.v1.,v1,,l1d,n,l1d.n.v1.,v1,,l1i,n,l1i.n.v1.,v1,,l2c,n,l2c.n.v1.,v1,,llc,1,llc.1.v1.,v1,,memory,1,memory.1.v2.,v2,,tlbs,n,tlbs.n.v1.,v1,9,1,tahoe_009_1_009.raw,9,myscript_google,tahoe,0.0,0.0,/mnt/storage/traces/gtrace_v2_champsim_myscript/tahoe/tahoe.log,100000000,100000000,1,1,/mnt/storage/traces/gtrace_v2_champsim_myscript/tahoe/tahoe_0009.champsim.gz,0,0,True,
33.62,12.79,0.922,5.154,2.365,2.894,0.2954,0.5006,1.583,cpu0_DTLB,DTLB,28034158,1.0,27117283,0.9673,916875,0.0327,9.1687,376987,0.0134,28034158,27117283,0.9673,916875,0.0327,9.1687,376987,0.0134,13.84,None,0.0,0,0,0,0,0.9673,27117283,916875,cpu0_ITLB,ITLB,13109114,1.0,13108837,1.0,277,0.0,0.0028,149,0.0,13109114,13108837,1.0,277,0.0,0.0028,149,0.0,399.6,None,0.0,0,0,0,0,1.0,13108837,277,cpu0_L1D,L1D,17164584,0.5787,14684707,0.8555,2479877,0.1445,24.7988,646950,0.0377,29660640,24779934,0.8354,4880706,0.1646,48.8071,2127197,0.0717,14464,0.0005,48,0.0033,14416,0.9967,0.1442,3,0.0002,12481592,0.4208,10095179,0.8088,2386413,0.1912,23.8641,1480244,0.1186,256.5,None,0.0,0,0,0,0,0.8555,14684707,2479877,cpu0_L1I,L1I,15835409,1.0,10264249,0.6482,5571160,0.3518,55.7116,2071092,0.1308,15835409,10264249,0.6482,5571160,0.3518,55.7116,2071092,0.1308,105.9,None,0.0,0,0,0,0,0.6482,10264249,5571160,cpu0_L2C,L2C,5332963,0.7056,3530167,0.662,1802796,0.338,18.028,0,0.0,906085,0.1199,350121,0.3864,555964,0.6136,5.5596,0,0.0,7557736,4997907,0.6613,2559829,0.3387,25.5983,0,0.0,14413,0.0019,1187,0.0824,13226,0.9176,0.1323,0,0.0,1304275,0.1726,1116432,0.856,187843,0.144,1.8784,0,0.0,400.1,None,0.0,0,0,0,0,0.6219,3880288,2358760,LLC,LLC,1802796,0.5779,161242,0.0894,1641554,0.9106,16.4155,0,0.0,555964,0.1782,42287,0.0761,513677,0.9239,5.1368,0,0.0,3119702,325033,0.1042,2794669,0.8958,27.9467,0,0.0,13226,0.0042,159,0.012,13067,0.988,0.1307,0,0.0,747716,0.2397,121345,0.1623,626371,0.8377,6.2637,0,0.0,354.8,None,0.0,0,0,0,0,0.0863,203529,2155231,cpu0_STLB,STLB,540016,1.0,532785,0.9866,7231,0.0134,0.0723,0,0.0,540016,532785,0.9866,7231,0.0134,0.0723,0,0.0,665.7,None,0.0,0,0,0,0,0.9866,532785,7231,10,0,0.2805,356502714,100000003,,core,1,core.1.v1.,v1,,l1d,n,l1d.n.v1.,v1,,l1i,n,l1i.n.v1.,v1,,l2c,n,l2c.n.v1.,v1,,llc,1,llc.1.v1.,v1,,memory,1,memory.1.v2.,v2,,tlbs,n,tlbs.n.v1.,v1,10,1,sierra.a.4_010_1_010.raw,10,myscript_google,sierra.a.4,0.0,0.0,/mnt/storage/traces/gtrace_v2_champsim_myscript/sierra.a.4/sierra.a.4.log,100000000,100000000,1,1,/mnt/storage/traces/gtrace_v2_champsim_myscript/sierra.a.4/sierra.a.4_0010.champsim.gz,0,0,True,
64.86,7.287,0.9618,4.324,0.807,0.8314,0.3688,0.2769,0.6794,cpu0_DTLB,DTLB,26660585,1.0,26027466,0.9763,633119,0.0237,6.3312,291809,0.0109,26660585,26027466,0.9763,633119,0.0237,6.3312,291809,0.0109,13.92,None,0.0,0,0,0,0,0.9763,26027466,633119,cpu0_ITLB,ITLB,10187343,1.0,10186265,0.9999,1078,0.0001,0.0108,719,0.0001,10187343,10186265,0.9999,1078,0.0001,0.0108,719,0.0001,38.68,None,0.0,0,0,0,0,0.9999,10186265,1078,cpu0_L1D,L1D,15022798,0.5285,13225388,0.8804,1797410,0.1196,17.9741,645710,0.043,28426200,24974898,0.8786,3451302,0.1214,34.513,1938571,0.0682,8499,0.0003,79,0.0093,8420,0.9907,0.0842,55,0.0065,13394903,0.4712,11749431,0.8772,1645472,0.1228,16.4547,1292806,0.0965,226.9,None,0.0,0,0,0,0,0.8804,13225388,1797410,cpu0_L1I,L1I,12002061,1.0,9405344,0.7836,2596717,0.2164,25.9672,1005151,0.0837,12002061,9405344,0.7836,2596717,0.2164,25.9672,1005151,0.0837,41.05,None,0.0,0,0,0,0,0.7836,9405344,2596717,cpu0_L2C,L2C,2743251,0.7345,1950276,0.7109,792975,0.2891,7.9297,0,0.0,352649,0.0944,84403,0.2393,268246,0.7607,2.6825,0,0.0,3734625,2533563,0.6784,1201062,0.3216,12.0106,0,0.0,8365,0.0022,1333,0.1594,7032,0.8406,0.0703,0,0.0,630360,0.1688,497551,0.7893,132809,0.2107,1.3281,0,0.0,320.2,None,0.0,0,0,0,0,0.6572,2034679,1061221,LLC,LLC,792975,0.5156,53109,0.067,739866,0.933,7.3987,0,0.0,268246,0.1744,9801,0.0365,258445,0.9635,2.5844,0,0.0,1537912,114049,0.0742,1423863,0.9258,14.2386,0,0.0,7032,0.0046,105,0.0149,6927,0.9851,0.0693,0,0.0,469659,0.3054,51034,0.1087,418625,0.8913,4.1862,0,0.0,260.4,None,0.0,0,0,0,0,0.0593,62910,998311,cpu0_STLB,STLB,341669,1.0,337770,0.9886,3899,0.0114,0.039,0,0.0,341669,337770,0.9886,3899,0.0114,0.039,0,0.0,782.7,None,0.0,0,0,0,0,0.9886,337770,3899,7,0,0.5196,192451332,100000001,,core,1,core.1.v1.,v1,,l1d,n,l1d.n.v1.,v1,,l1i,n,l1i.n.v1.,v1,,l2c,n,l2c.n.v1.,v1,,llc,1,llc.1.v1.,v1,,memory,1,memory.1.v2.,v2,,tlbs,n,tlbs.n.v1.,v1,7,1,tango_007_1_007.raw,7,myscript_google,tango,0.0,0.0,/mnt/storage/traces/gtrace_v2_champsim_myscript/tango/tango.log,100000000,100000000,1,1,/mnt/storage/traces/gtrace_v2_champsim_myscript/tango/tango_0007.champsim.gz,0,0,True,
67.36,6.196,0.9662,3.531,0.7893,0.5522,0.3107,0.3143,0.6992,cpu0_DTLB,DTLB,26129623,1.0,25481183,0.9752,648440,0.0248,6.4844,299164,0.0114,26129623,25481183,0.9752,648440,0.0248,6.4844,299164,0.0114,13.65,None,0.0,0,0,0,0,0.9752,25481183,648440,cpu0_ITLB,ITLB,11509684,1.0,11508551,0.9999,1133,0.0001,0.0113,769,0.0001,11509684,11508551,0.9999,1133,0.0001,0.0113,769,0.0001,22.66,None,0.0,0,0,0,0,0.9999,11508551,1133,cpu0_L1D,L1D,14770960,0.5284,13302001,0.9006,1468959,0.0994,14.6896,477300,0.0323,27956647,24669096,0.8824,3287551,0.1176,32.8755,1875672,0.0671,8832,0.0003,79,0.0089,8753,0.9911,0.0875,66,0.0075,13176855,0.4713,11367016,0.8627,1809839,0.1373,18.0984,1398306,0.1061,193.6,None,0.0,0,0,0,0,0.9006,13302001,1468959,cpu0_L1I,L1I,13522617,1.0,10385178,0.768,3137439,0.232,31.3744,1236504,0.0914,13522617,10385178,0.768,3137439,0.232,31.3744,1236504,0.0914,34.41,None,0.0,0,0,0,0,0.768,10385178,3137439,cpu0_L2C,L2C,2892581,0.7372,2380950,0.8231,511631,0.1769,5.1163,0,0.0,411516,0.1049,92241,0.2241,319275,0.7759,3.1927,0,0.0,3923856,2982788,0.7602,941068,0.2398,9.4107,0,0.0,8687,0.0022,1289,0.1484,7398,0.8516,0.074,0,0.0,611072,0.1557,508308,0.8318,102764,0.1682,1.0276,0,0.0,333.1,None,0.0,0,0,0,0,0.7485,2473191,830906,LLC,LLC,511631,0.4032,43921,0.0858,467710,0.9142,4.6771,0,0.0,319275,0.2516,11683,0.0366,307592,0.9634,3.0759,0,0.0,1269069,108091,0.0852,1160978,0.9148,11.6098,0,0.0,7398,0.0058,152,0.0205,7246,0.9795,0.0725,0,0.0,430765,0.3394,52335,0.1215,378430,0.8785,3.7843,0,0.0,261.1,None,0.0,0,0,0,0,0.0669,55604,775302,cpu0_STLB,STLB,349640,1.0,345536,0.9883,4104,0.0117,0.041,0,0.0,349640,345536,0.9883,4104,0.0117,0.041,0,0.0,736.5,None,0.0,0,0,0,0,0.9883,345536,4104,13,0,0.6189,161573596,100000001,,core,1,core.1.v1.,v1,,l1d,n,l1d.n.v1.,v1,,l1i,n,l1i.n.v1.,v1,,l2c,n,l2c.n.v1.,v1,,llc,1,llc.1.v1.,v1,,memory,1,memory.1.v2.,v2,,tlbs,n,tlbs.n.v1.,v1,13,1,tango_013_1_013.raw,13,myscript_google,tango,0.0,0.0,/mnt/storage/traces/gtrace_v2_champsim_myscript/tango/tango.log,100000000,100000000,1,1,/mnt/storage/traces/gtrace_v2_champsim_myscript/tango/tango_0013.champsim.gz,0,0,True,
65.82,7.257,0.9621,3.872,1.06,0.6876,0.4514,0.3166,0.8695,cpu0_DTLB,DTLB,26139771,1.0,25456114,0.9738,683657,0.0262,6.8366,313044,0.012,26139771,25456114,0.9738,683657,0.0262,6.8366,313044,0.012,13.45,None,0.0,0,0,0,0,0.9738,25456114,683657,cpu0_ITLB,ITLB,11042732,1.0,11041059,0.9998,1673,0.0002,0.0167,1156,0.0001,11042732,11041059,0.9998,1673,0.0002,0.0167,1156,0.0001,20.31,None,0.0,0,0,0,0,0.9998,11041059,1673,cpu0_L1D,L1D,14851473,0.5328,13349289,0.8989,1502184,0.1011,15.0218,452791,0.0305,27874827,24845796,0.8913,3029031,0.1087,30.2903,1613606,0.0579,9444,0.0003,83,0.0088,9361,0.9912,0.0936,107,0.0113,13013910,0.4669,11496424,0.8834,1517486,0.1166,15.1749,1160708,0.0892,163.8,None,0.0,0,0,0,0,0.8989,13349289,1502184,cpu0_L1I,L1I,12973077,1.0,9542430,0.7356,3430647,0.2644,34.3065,1340091,0.1033,12973077,9542430,0.7356,3430647,0.2644,34.3065,1340091,0.1033,26.01,None,0.0,0,0,0,0,0.7356,9542430,3430647,cpu0_L2C,L2C,3139937,0.7691,2678376,0.853,461561,0.147,4.6156,0,0.0,356752,0.0874,90947,0.2549,265805,0.7451,2.658,0,0.0,4082844,3260031,0.7985,822813,0.2015,8.2281,0,0.0,9254,0.0023,1350,0.1459,7904,0.8541,0.079,0,0.0,576901,0.1413,489358,0.8483,87543,0.1517,0.8754,0,0.0,315.5,None,0.0,0,0,0,0,0.792,2769323,727366,LLC,LLC,461561,0.4156,47388,0.1027,414173,0.8973,4.1417,0,0.0,265805,0.2393,11319,0.0426,254486,0.9574,2.5449,0,0.0,1110677,118160,0.1064,992517,0.8936,9.9252,0,0.0,7904,0.0071,238,0.0301,7666,0.9699,0.0767,0,0.0,375407,0.338,59215,0.1577,316192,0.8423,3.1619,0,0.0,252.3,None,0.0,0,0,0,0,0.0807,58707,668659,cpu0_STLB,STLB,371130,1.0,366857,0.9885,4273,0.0115,0.0427,0,0.0,371130,366857,0.9885,4273,0.0115,0.0427,0,0.0,733.5,None,0.0,0,0,0,0,0.9885,366857,4273,23,0,0.6614,151189173,100000001,,core,1,core.1.v1.,v1,,l1d,n,l1d.n.v1.,v1,,l1i,n,l1i.n.v1.,v1,,l2c,n,l2c.n.v1.,v1,,llc,1,llc.1.v1.,v1,,memory,1,memory.1.v2.,v2,,tlbs,n,tlbs.n.v1.,v1,23,1,tango_023_1_023.raw,23,myscript_google,tango,0.0,0.0,/mnt/storage/traces/gtrace_v2_champsim_myscript/tango/tango.log,100000000,100000000,1,1,/mnt/storage/traces/gtrace_v2_champsim_myscript/tango/tango_0023.champsim.gz,0,0,True,
64.11,6.766,0.9663,4.35,0.5282,0.5744,0.3482,0.295,0.6694,cpu0_DTLB,DTLB,26125073,1.0,25749472,0.9856,375601,0.0144,3.756,171900,0.0066,26125073,25749472,0.9856,375601,0.0144,3.756,171900,0.0066,9.678,None,0.0,0,0,0,0,0.9856,25749472,375601,cpu0_ITLB,ITLB,8682021,1.0,8681831,1.0,190,0.0,0.0019,41,0.0,8682021,8681831,1.0,190,0.0,0.0019,41,0.0,298.7,None,0.0,0,0,0,0,1.0,8681831,190,cpu0_L1D,L1D,15264680,0.5461,13433517,0.88,1831163,0.12,18.3116,704044,0.0461,27952339,24684041,0.8831,3268298,0.1169,32.683,1865416,0.0667,2824,0.0001,30,0.0106,2794,0.9894,0.0279,2,0.0007,12684835,0.4538,11250494,0.8869,1434341,0.1131,14.3434,1161370,0.0916,239.7,None,0.0,0,0,0,0,0.88,13433517,1831163,cpu0_L1I,L1I,10050771,1.0,8694361,0.865,1356410,0.135,13.5641,486122,0.0484,10050771,8694361,0.865,1356410,0.135,13.5641,486122,0.0484,99.61,None,0.0,0,0,0,0,0.865,8694361,1356410,cpu0_L2C,L2C,1997396,0.7224,1027948,0.5146,969448,0.4854,9.6945,0,0.0,272956,0.0987,55027,0.2016,217929,0.7984,2.1793,0,0.0,2764998,1479691,0.5352,1285307,0.4648,12.8531,0,0.0,2792,0.001,438,0.1569,2354,0.8431,0.0235,0,0.0,491854,0.1779,396278,0.8057,95576,0.1943,0.9558,0,0.0,314.9,None,0.0,0,0,0,0,0.477,1082975,1187377,LLC,LLC,969448,0.6179,66511,0.0686,902937,0.9314,9.0294,0,0.0,217929,0.1389,5423,0.0249,212506,0.9751,2.1251,0,0.0,1568844,101997,0.065,1466847,0.935,14.6685,0,0.0,2354,0.0015,16,0.0068,2338,0.9932,0.0234,0,0.0,379113,0.2417,30047,0.0793,349066,0.9207,3.4907,0,0.0,264.8,None,0.0,0,0,0,0,0.0606,71934,1115443,cpu0_STLB,STLB,203850,1.0,202541,0.9936,1309,0.0064,0.0131,0,0.0,203850,202541,0.9936,1309,0.0064,0.0131,0,0.0,760.4,None,0.0,0,0,0,0,0.9936,202541,1309,7,0,0.4412,226633178,100000002,,core,1,core.1.v1.,v1,,l1d,n,l1d.n.v1.,v1,,l1i,n,l1i.n.v1.,v1,,l2c,n,l2c.n.v1.,v1,,llc,1,llc.1.v1.,v1,,memory,1,memory.1.v2.,v2,,tlbs,n,tlbs.n.v1.,v1,7,1,tahoe_007_1_007.raw,7,myscript_google,tahoe,0.0,0.0,/mnt/storage/traces/gtrace_v2_champsim_myscript/tahoe/tahoe.log,100000000,100000000,1,1,/mnt/storage/traces/gtrace_v2_champsim_myscript/tahoe/tahoe_0007.champsim.gz,0,0,True,
98.18,1.554,0.9912,1.456,0.0058,0.0302,0.049,0.0018,0.0104,cpu0_DTLB,DTLB,21720473,1.0,21703781,0.9992,16692,0.0008,0.1669,7920,0.0004,21720473,21703781,0.9992,16692,0.0008,0.1669,7920,0.0004,80.24,None,0.0,0,0,0,0,0.9992,21703781,16692,cpu0_ITLB,ITLB,15182917,1.0,15182910,1.0,7,0.0,0.0001,0,0.0,15182917,15182910,1.0,7,0.0,0.0001,0,0.0,612.6,None,0.0,0,0,0,0,1.0,15182910,7,cpu0_L1D,L1D,14443577,0.6134,11751881,0.8136,2691696,0.1864,26.917,1806000,0.125,23547932,19866625,0.8437,3681307,0.1563,36.8131,2491997,0.1058,1432,0.0001,27,0.0189,1405,0.9811,0.014,1,0.0007,9102923,0.3866,8114717,0.8914,988206,0.1086,9.8821,685996,0.0754,365.3,None,0.0,0,0,0,0,0.8136,11751881,2691696,cpu0_L1I,L1I,17175538,1.0,17133297,0.9975,42241,0.0025,0.4224,17450,0.001,17175538,17133297,0.9975,42241,0.0025,0.4224,17450,0.001,195.3,None,0.0,0,0,0,0,0.9975,17133297,42241,cpu0_L2C,L2C,910481,0.5975,172051,0.189,738430,0.811,7.3843,0,0.0,302195,0.1983,31677,0.1048,270518,0.8952,2.7052,0,0.0,1523789,461904,0.3031,1061885,0.6969,10.6188,0,0.0,1404,0.0009,330,0.235,1074,0.765,0.0107,0,0.0,309709,0.2032,257846,0.8325,51863,0.1675,0.5186,0,0.0,403.7,None,0.0,0,0,0,0,0.168,203728,1008948,LLC,LLC,738430,0.5732,12103,0.0164,726327,0.9836,7.2633,0,0.0,270518,0.21,1496,0.0055,269022,0.9945,2.6902,0,0.0,1288350,20020,0.0155,1268330,0.9845,12.6833,0,0.0,1074,0.0008,7,0.0065,1067,0.9935,0.0107,0,0.0,278328,0.216,6414,0.023,271914,0.977,2.7191,0,0.0,327.0,None,0.0,0,0,0,0,0.0135,13599,995349,cpu0_STLB,STLB,8779,1.0,8064,0.9186,715,0.0814,0.0071,0,0.0,8779,8064,0.9186,715,0.0814,0.0071,0,0.0,928.0,None,0.0,0,0,0,0,0.9186,8064,715,3,0,0.4841,206555337,100000003,,core,1,core.1.v1.,v1,,l1d,n,l1d.n.v1.,v1,,l1i,n,l1i.n.v1.,v1,,l2c,n,l2c.n.v1.,v1,,llc,1,llc.1.v1.,v1,,memory,1,memory.1.v2.,v2,,tlbs,n,tlbs.n.v1.,v1,3,1,arizona_003_1_003.raw,3,myscript_google,arizona,0.0,0.0,/mnt/storage/traces/gtrace_v2_champsim_myscript/arizona/arizona.log,100000000,100000000,1,1,/mnt/storage/traces/gtrace_v2_champsim_myscript/arizona/arizona_0003.champsim.gz,0,0,True,
50.21,9.182,0.9553,5.471,0.7452,0.6251,0.8875,0.7058,0.7471,cpu0_DTLB,DTLB,27681943,1.0,27238925,0.984,443018,0.016,4.4302,192417,0.007,27681943,27238925,0.984,443018,0.016,4.4302,192417,0.007,14.32,None,0.0,0,0,0,0,0.984,27238925,443018,cpu0_ITLB,ITLB,7837189,1.0,7837017,1.0,172,0.0,0.0017,41,0.0,7837189,7837017,1.0,172,0.0,0.0017,41,0.0,327.0,None,0.0,0,0,0,0,1.0,7837017,172,cpu0_L1D,L1D,17994941,0.6086,16775615,0.9322,1219326,0.0678,12.1933,380404,0.0211,29568620,27454456,0.9285,2114164,0.0715,21.1416,1029307,0.0348,6465,0.0002,66,0.0102,6399,0.9898,0.064,7,0.0011,11567214,0.3912,10678775,0.9232,888439,0.0768,8.8844,648896,0.0561,186.6,None,0.0,0,0,0,0,0.9322,16775615,1219326,cpu0_L1I,L1I,9326650,1.0,7304149,0.7831,2022501,0.2169,20.225,730093,0.0783,9326650,7304149,0.7831,2022501,0.2169,20.225,730093,0.0783,74.0,None,0.0,0,0,0,0,0.7831,7304149,2022501,cpu0_L2C,L2C,2131318,0.7754,1458120,0.6841,673198,0.3159,6.732,0,0.0,239531,0.0871,56022,0.2339,183509,0.7661,1.8351,0,0.0,2748717,1815156,0.6604,933561,0.3396,9.3356,0,0.0,6392,0.0023,1071,0.1676,5321,0.8324,0.0532,0,0.0,371476,0.1351,299943,0.8074,71533,0.1926,0.7153,0,0.0,299.5,None,0.0,0,0,0,0,0.6386,1514142,856707,LLC,LLC,673198,0.6052,65452,0.0972,607746,0.9028,6.0775,0,0.0,183509,0.165,7194,0.0392,176315,0.9608,1.7631,0,0.0,1112346,113208,0.1018,999138,0.8982,9.9914,0,0.0,5321,0.0048,60,0.0113,5261,0.9887,0.0526,0,0.0,250318,0.225,40502,0.1618,209816,0.8382,2.0982,0,0.0,267.7,None,0.0,0,0,0,0,0.0848,72646,784061,cpu0_STLB,STLB,250732,1.0,247862,0.9886,2870,0.0114,0.0287,0,0.0,250732,247862,0.9886,2870,0.0114,0.0287,0,0.0,827.6,None,0.0,0,0,0,0,0.9886,247862,2870,18,0,0.5726,174638041,100000001,,core,1,core.1.v1.,v1,,l1d,n,l1d.n.v1.,v1,,l1i,n,l1i.n.v1.,v1,,l2c,n,l2c.n.v1.,v1,,llc,1,llc.1.v1.,v1,,memory,1,memory.1.v2.,v2,,tlbs,n,tlbs.n.v1.,v1,18,1,tahoe_018_1_018.raw,18,myscript_google,tahoe,0.0,0.0,/mnt/storage/traces/gtrace_v2_champsim_myscript/tahoe/tahoe.log,100000000,100000000,1,1,/mnt/storage/traces/gtrace_v2_champsim_myscript/tahoe/tahoe_0018.champsim.gz,0,0,True,
43.51,9.292,0.9487,6.494,0.7442,0.9465,0.2796,0.2911,0.5368,cpu0_DTLB,DTLB,24406190,1.0,23915446,0.9799,490744,0.0201,4.9074,210316,0.0086,24406190,23915446,0.9799,490744,0.0201,4.9074,210316,0.0086,24.05,None,0.0,0,0,0,0,0.9799,23915446,490744,cpu0_ITLB,ITLB,9719948,1.0,9719933,1.0,15,0.0,0.0001,6,0.0,9719948,9719933,1.0,15,0.0,0.0001,6,0.0,1168.0,None,0.0,0,0,0,0,1.0,9719933,15,cpu0_L1D,L1D,16402852,0.6384,14400323,0.8779,2002529,0.1221,20.0253,626441,0.0382,25693249,22300280,0.8679,3392969,0.1321,33.9297,1625381,0.0633,16011,0.0006,139,0.0087,15872,0.9913,0.1587,10,0.0006,9274386,0.361,7899818,0.8518,1374568,0.1482,13.7457,998930,0.1077,173.6,None,0.0,0,0,0,0,0.8779,14400323,2002529,cpu0_L1I,L1I,11771750,1.0,9696410,0.8237,2075340,0.1763,20.7534,827230,0.0703,11771750,9696410,0.8237,2075340,0.1763,20.7534,827230,0.0703,111.1,None,0.0,0,0,0,0,0.8237,9696410,2075340,cpu0_L2C,L2C,2624180,0.739,1733191,0.6605,890989,0.3395,8.9099,0,0.0,375614,0.1058,118387,0.3152,257227,0.6848,2.5723,0,0.0,3550796,2296852,0.6469,1253944,0.3531,12.5394,0,0.0,15862,0.0045,2539,0.1601,13323,0.8399,0.1332,0,0.0,535140,0.1507,442735,0.8273,92405,0.1727,0.924,0,0.0,336.2,None,0.0,0,0,0,0,0.6172,1851578,1148216,LLC,LLC,890989,0.6023,67403,0.0756,823586,0.9244,8.2359,0,0.0,257227,0.1739,8442,0.0328,248785,0.9672,2.4878,0,0.0,1479414,117018,0.0791,1362396,0.9209,13.624,0,0.0,13323,0.009,166,0.0125,13157,0.9875,0.1316,0,0.0,317875,0.2149,41007,0.129,276868,0.871,2.7687,0,0.0,297.5,None,0.0,0,0,0,0,0.0661,75845,1072371,cpu0_STLB,STLB,280437,1.0,273367,0.9748,7070,0.0252,0.0707,0,0.0,280437,273367,0.9748,7070,0.0252,0.0707,0,0.0,756.0,None,0.0,0,0,0,0,0.9748,273367,7070,37,0,0.463,215972764,100000003,,core,1,core.1.v1.,v1,,l1d,n,l1d.n.v1.,v1,,l1i,n,l1i.n.v1.,v1,,l2c,n,l2c.n.v1.,v1,,llc,1,llc.1.v1.,v1,,memory,1,memory.1.v2.,v2,,tlbs,n,tlbs.n.v1.,v1,37,1,merced_037_1_037.raw,37,myscript_google,merced,0.0,0.0,/mnt/storage/traces/gtrace_v2_champsim_myscript/merced/merced.log,None,None,1,1,/mnt/storage/traces/gtrace_v2_champsim_myscript/merced/merced_0037.champsim.gz,0,0,True,
42.04,9.552,0.9447,6.568,0.8187,1.048,0.2598,0.2891,0.5679,cpu0_DTLB,DTLB,23038728,1.0,22519489,0.9775,519239,0.0225,5.1924,216220,0.0094,23038728,22519489,0.9775,519239,0.0225,5.1924,216220,0.0094,27.12,None,0.0,0,0,0,0,0.9775,22519489,519239,cpu0_ITLB,ITLB,9795529,1.0,9795512,1.0,17,0.0,0.0002,4,0.0,9795529,9795512,1.0,17,0.0,0.0002,4,0.0,1080.0,None,0.0,0,0,0,0,1.0,9795512,17,cpu0_L1D,L1D,15333413,0.632,13570125,0.885,1763288,0.115,17.6329,530743,0.0346,24261360,21151936,0.8718,3109424,0.1282,31.0942,1518059,0.0626,21099,0.0009,155,0.0073,20944,0.9927,0.2094,18,0.0009,8906848,0.3671,7581656,0.8512,1325192,0.1488,13.2519,987298,0.1108,179.3,None,0.0,0,0,0,0,0.885,13570125,1763288,cpu0_L1I,L1I,11784124,1.0,9624150,0.8167,2159974,0.1833,21.5997,864004,0.0733,11784124,9624150,0.8167,2159974,0.1833,21.5997,864004,0.0733,106.0,None,0.0,0,0,0,0,0.8167,9624150,2159974,cpu0_L2C,L2C,2528502,0.748,1567692,0.62,960810,0.38,9.6081,0,0.0,337881,0.1,99831,0.2955,238050,0.7045,2.3805,0,0.0,3380413,2075435,0.614,1304978,0.386,13.0498,0,0.0,20926,0.0062,4144,0.198,16782,0.802,0.1678,0,0.0,493104,0.1459,403768,0.8188,89336,0.1812,0.8934,0,0.0,306.4,None,0.0,0,0,0,0,0.5818,1667523,1198860,LLC,LLC,960810,0.6325,81345,0.0847,879465,0.9153,8.7946,0,0.0,238050,0.1567,8422,0.0354,229628,0.9646,2.2963,0,0.0,1519185,130343,0.0858,1388842,0.9142,13.8884,0,0.0,16782,0.011,368,0.0219,16414,0.9781,0.1641,0,0.0,303543,0.1998,40208,0.1325,263335,0.8675,2.6333,0,0.0,275.4,None,0.0,0,0,0,0,0.0749,89767,1109093,cpu0_STLB,STLB,303032,1.0,293502,0.9686,9530,0.0314,0.0953,0,0.0,303032,293502,0.9686,9530,0.0314,0.0953,0,0.0,703.8,None,0.0,0,0,0,0,0.9686,293502,9530,22,0,0.4372,228740664,100000002,,core,1,core.1.v1.,v1,,l1d,n,l1d.n.v1.,v1,,l1i,n,l1i.n.v1.,v1,,l2c,n,l2c.n.v1.,v1,,llc,1,llc.1.v1.,v1,,memory,1,memory.1.v2.,v2,,tlbs,n,tlbs.n.v1.,v1,22,1,merced_022_1_022.raw,22,myscript_google,merced,0.0,0.0,/mnt/storage/traces/gtrace_v2_champsim_myscript/merced/merced.log,None,None,1,1,/mnt/storage/traces/gtrace_v2_champsim_myscript/merced/merced_0022.champsim.gz,0,0,True,
70.05,2.772,0.9775,1.828,0.1337,0.1957,0.1053,0.0879,0.4221,cpu0_DTLB,DTLB,25318812,1.0,24954292,0.9856,364520,0.0144,3.6452,164727,0.0065,25318812,24954292,0.9856,364520,0.0144,3.6452,164727,0.0065,15.41,None,0.0,0,0,0,0,0.9856,24954292,364520,cpu0_ITLB,ITLB,15183530,1.0,15183514,1.0,16,0.0,0.0002,5,0.0,15183530,15183514,1.0,16,0.0,0.0002,5,0.0,857.5,None,0.0,0,0,0,0,1.0,15183514,16,cpu0_L1D,L1D,15494443,0.5626,12904120,0.8328,2590323,0.1672,25.9032,679182,0.0438,27542562,23169570,0.8412,4372992,0.1588,43.7299,2007185,0.0729,7501,0.0003,64,0.0085,7437,0.9915,0.0744,0,0.0,12040618,0.4372,10265386,0.8526,1775232,0.1474,17.7523,1328003,0.1103,319.8,None,0.0,0,0,0,0,0.8328,12904120,2590323,cpu0_L1I,L1I,17146203,1.0,15164825,0.8844,1981378,0.1156,19.8138,855620,0.0499,17146203,15164825,0.8844,1981378,0.1156,19.8138,855620,0.0499,41.75,None,0.0,0,0,0,0,0.8844,15164825,1981378,cpu0_L2C,L2C,3036886,0.7288,1531130,0.5042,1505756,0.4958,15.0576,0,0.0,447215,0.1073,82056,0.1835,365159,0.8165,3.6516,0,0.0,4166856,2187800,0.525,1979056,0.475,19.7906,0,0.0,7437,0.0018,1287,0.1731,6150,0.8269,0.0615,0,0.0,675318,0.1621,573327,0.849,101991,0.151,1.0199,0,0.0,391.6,None,0.0,0,0,0,0,0.463,1613186,1870915,LLC,LLC,1505756,0.6387,38365,0.0255,1467391,0.9745,14.6739,0,0.0,365159,0.1549,10331,0.0283,354828,0.9717,3.5483,0,0.0,2357441,105326,0.0447,2252115,0.9553,22.5211,0,0.0,6150,0.0026,82,0.0133,6068,0.9867,0.0607,0,0.0,480376,0.2038,56548,0.1177,423828,0.8823,4.2383,0,0.0,332.3,None,0.0,0,0,0,0,0.026,48696,1822219,cpu0_STLB,STLB,199804,1.0,196058,0.9813,3746,0.0187,0.0375,0,0.0,199804,196058,0.9813,3746,0.0187,0.0375,0,0.0,556.7,None,0.0,0,0,0,0,0.9813,196058,3746,1,0,0.3236,309062602,100000003,,core,1,core.1.v1.,v1,,l1d,n,l1d.n.v1.,v1,,l1i,n,l1i.n.v1.,v1,,l2c,n,l2c.n.v1.,v1,,llc,1,llc.1.v1.,v1,,memory,1,memory.1.v2.,v2,,tlbs,n,tlbs.n.v1.,v1,1,1,delta_001_1_001.raw,1,myscript_google,delta,0.0,0.0,/mnt/storage/traces/gtrace_v2_champsim_myscript/delta/delta.log,100000000,100000000,1,1,/mnt/storage/traces/gtrace_v2_champsim_myscript/delta/delta_0001.champsim.gz,0,0,True,
116.3,3.691,0.9796,2.47,0.0837,0.1799,0.4439,0.3814,0.1321,cpu0_DTLB,DTLB,24840399,1.0,24714275,0.9949,126124,0.0051,1.2612,52351,0.0021,24840399,24714275,0.9949,126124,0.0051,1.2612,52351,0.0021,35.19,None,0.0,0,0,0,0,0.9949,24714275,126124,cpu0_ITLB,ITLB,9900643,1.0,9900631,1.0,12,0.0,0.0001,4,0.0,9900643,9900631,1.0,12,0.0,0.0001,4,0.0,876.0,None,0.0,0,0,0,0,1.0,9900631,12,cpu0_L1D,L1D,15379469,0.5787,14312638,0.9306,1066831,0.0694,10.6683,467867,0.0304,26574143,23428083,0.8816,3146060,0.1184,31.4606,2125259,0.08,6183,0.0002,41,0.0066,6142,0.9934,0.0614,0,0.0,11188491,0.421,9115404,0.8147,2073087,0.1853,20.7309,1657392,0.1481,298.8,None,0.0,0,0,0,0,0.9306,14312638,1066831,cpu0_L1I,L1I,11809421,1.0,10757220,0.9109,1052201,0.0891,10.522,457345,0.0387,11809421,10757220,0.9109,1052201,0.0891,10.522,457345,0.0387,59.28,None,0.0,0,0,0,0,0.9109,10757220,1052201,cpu0_L2C,L2C,1193817,0.5555,834239,0.6988,359578,0.3012,3.5958,0,0.0,415687,0.1934,30026,0.0722,385661,0.9278,3.8566,0,0.0,2149057,1337543,0.6224,811514,0.3776,8.1151,0,0.0,6142,0.0029,1078,0.1755,5064,0.8245,0.0506,0,0.0,533411,0.2482,472200,0.8852,61211,0.1148,0.6121,0,0.0,403.3,None,0.0,0,0,0,0,0.537,864265,745239,LLC,LLC,359578,0.2926,14665,0.0408,344913,0.9592,3.4491,0,0.0,385661,0.3138,1884,0.0049,383777,0.9951,3.8378,0,0.0,1228830,28998,0.0236,1199832,0.9764,11.9983,0,0.0,5064,0.0041,63,0.0124,5001,0.9876,0.05,0,0.0,478527,0.3894,12386,0.0259,466141,0.9741,4.6614,0,0.0,266.0,None,0.0,0,0,0,0,0.0222,16549,728690,cpu0_STLB,STLB,73781,1.0,70696,0.9582,3085,0.0418,0.0308,0,0.0,73781,70696,0.9582,3085,0.0418,0.0308,0,0.0,723.2,None,0.0,0,0,0,0,0.9582,70696,3085,7,0,0.6769,147731867,100000002,,core,1,core.1.v1.,v1,,l1d,n,l1d.n.v1.,v1,,l1i,n,l1i.n.v1.,v1,,l2c,n,l2c.n.v1.,v1,,llc,1,llc.1.v1.,v1,,memory,1,memory.1.v2.,v2,,tlbs,n,tlbs.n.v1.,v1,7,1,charlie_007_1_007.raw,7,myscript_google,charlie,0.0,0.0,/mnt/storage/traces/gtrace_v2_champsim_myscript/charlie/charlie.log,100000000,100000000,1,1,/mnt/storage/traces/gtrace_v2_champsim_myscript/charlie/charlie_0007.champsim.gz,0,0,True,
43.99,9.829,0.9452,6.866,0.8601,0.9626,0.3059,0.2756,0.5591,cpu0_DTLB,DTLB,24193857,1.0,23717959,0.9803,475898,0.0197,4.759,198418,0.0082,24193857,23717959,0.9803,475898,0.0197,4.759,198418,0.0082,25.01,None,0.0,0,0,0,0,0.9803,23717959,475898,cpu0_ITLB,ITLB,8837839,1.0,8837811,1.0,28,0.0,0.0003,16,0.0,8837839,8837811,1.0,28,0.0,0.0003,16,0.0,878.3,None,0.0,0,0,0,0,1.0,8837811,28,cpu0_L1D,L1D,16186822,0.6353,14214375,0.8781,1972447,0.1219,19.7245,622415,0.0385,25480250,22189620,0.8709,3290630,0.1291,32.9063,1574361,0.0618,17607,0.0007,135,0.0077,17472,0.9923,0.1747,11,0.0006,9275821,0.364,7975110,0.8598,1300711,0.1402,13.0071,951935,0.1026,169.4,None,0.0,0,0,0,0,0.8781,14214375,1972447,cpu0_L1I,L1I,10680258,1.0,8841561,0.8278,1838697,0.1722,18.387,721418,0.0675,10680258,8841561,0.8278,1838697,0.1722,18.387,721418,0.0675,120.9,None,0.0,0,0,0,0,0.8278,8841561,1838697,cpu0_L2C,L2C,2467299,0.7393,1550475,0.6284,916824,0.3716,9.1682,0,0.0,348737,0.1045,101613,0.2914,247124,0.7086,2.4712,0,0.0,3337395,2068202,0.6197,1269193,0.3803,12.6919,0,0.0,17461,0.0052,3138,0.1797,14323,0.8203,0.1432,0,0.0,503898,0.151,412976,0.8196,90922,0.1804,0.9092,0,0.0,317.7,None,0.0,0,0,0,0,0.5867,1652088,1163948,LLC,LLC,916824,0.6145,79824,0.0871,837000,0.9129,8.37,0,0.0,247124,0.1656,10455,0.0423,236669,0.9577,2.3667,0,0.0,1491886,133345,0.0894,1358541,0.9106,13.5854,0,0.0,14323,0.0096,425,0.0297,13898,0.9703,0.139,0,0.0,313615,0.2102,42641,0.136,270974,0.864,2.7097,0,0.0,284.5,None,0.0,0,0,0,0,0.0776,90279,1073669,cpu0_STLB,STLB,277492,1.0,269698,0.9719,7794,0.0281,0.0779,0,0.0,277492,269698,0.9719,7794,0.0281,0.0779,0,0.0,712.7,None,0.0,0,0,0,0,0.9719,269698,7794,69,0,0.4527,220899893,100000004,,core,1,core.1.v1.,v1,,l1d,n,l1d.n.v1.,v1,,l1i,n,l1i.n.v1.,v1,,l2c,n,l2c.n.v1.,v1,,llc,1,llc.1.v1.,v1,,memory,1,memory.1.v2.,v2,,tlbs,n,tlbs.n.v1.,v1,69,1,merced_069_1_069.raw,69,myscript_google,merced,0.0,0.0,/mnt/storage/traces/gtrace_v2_champsim_myscript/merced/merced.log,None,None,1,1,/mnt/storage/traces/gtrace_v2_champsim_myscript/merced/merced_0069.champsim.gz,0,0,True,
42.67,9.925,0.9418,6.884,0.8483,1.052,0.2796,0.2907,0.5706,cpu0_DTLB,DTLB,22724301,1.0,22231029,0.9783,493272,0.0217,4.9327,210718,0.0093,22724301,22231029,0.9783,493272,0.0217,4.9327,210718,0.0093,25.56,None,0.0,0,0,0,0,0.9783,22231029,493272,cpu0_ITLB,ITLB,9342929,1.0,9342915,1.0,14,0.0,0.0001,4,0.0,9342929,9342915,1.0,14,0.0,0.0001,4,0.0,956.0,None,0.0,0,0,0,0,1.0,9342915,14,cpu0_L1D,L1D,15232797,0.637,13439475,0.8823,1793322,0.1177,17.9332,559888,0.0368,23913620,20872284,0.8728,3041336,0.1272,30.4134,1465610,0.0613,17771,0.0007,120,0.0068,17651,0.9932,0.1765,12,0.0007,8663052,0.3623,7432689,0.858,1230363,0.142,12.3036,905710,0.1045,198.2,None,0.0,0,0,0,0,0.8823,13439475,1793322,cpu0_L1I,L1I,11323450,1.0,9311593,0.8223,2011857,0.1777,20.1186,793682,0.0701,11323450,9311593,0.8223,2011857,0.1777,20.1186,793682,0.0701,114.6,None,0.0,0,0,0,0,0.8223,9311593,2011857,cpu0_L2C,L2C,2451594,0.7465,1478212,0.603,973382,0.397,9.7338,0,0.0,324639,0.0989,74012,0.228,250627,0.772,2.5063,0,0.0,3283902,1953817,0.595,1330085,0.405,13.3009,0,0.0,17639,0.0054,2934,0.1663,14705,0.8337,0.147,0,0.0,490030,0.1492,398659,0.8135,91371,0.1865,0.9137,0,0.0,323.1,None,0.0,0,0,0,0,0.5591,1552224,1224009,LLC,LLC,973382,0.6267,56089,0.0576,917293,0.9424,9.1729,0,0.0,250627,0.1614,7509,0.03,243118,0.97,2.4312,0,0.0,1553099,104986,0.0676,1448113,0.9324,14.4811,0,0.0,14705,0.0095,541,0.0368,14164,0.9632,0.1416,0,0.0,314385,0.2024,40847,0.1299,273538,0.8701,2.7354,0,0.0,284.6,None,0.0,0,0,0,0,0.052,63598,1160411,cpu0_STLB,STLB,282564,1.0,274580,0.9717,7984,0.0283,0.0798,0,0.0,282564,274580,0.9717,7984,0.0283,0.0798,0,0.0,727.7,None,0.0,0,0,0,0,0.9717,274580,7984,79,0,0.4209,237558938,100000000,,core,1,core.1.v1.,v1,,l1d,n,l1d.n.v1.,v1,,l1i,n,l1i.n.v1.,v1,,l2c,n,l2c.n.v1.,v1,,llc,1,llc.1.v1.,v1,,memory,1,memory.1.v2.,v2,,tlbs,n,tlbs.n.v1.,v1,79,1,merced_079_1_079.raw,79,myscript_google,merced,0.0,0.0,/mnt/storage/traces/gtrace_v2_champsim_myscript/merced/merced.log,None,None,1,1,/mnt/storage/traces/gtrace_v2_champsim_myscript/merced/merced_0079.champsim.gz,0,0,True,
38.71,11.46,0.9362,4.46,2.071,2.679,0.2769,0.5377,1.435,cpu0_DTLB,DTLB,27118823,1.0,26182800,0.9655,936023,0.0345,9.3602,386791,0.0143,27118823,26182800,0.9655,936023,0.0345,9.3602,386791,0.0143,10.87,None,0.0,0,0,0,0,0.9655,26182800,936023,cpu0_ITLB,ITLB,13094110,1.0,13093928,1.0,182,0.0,0.0018,100,0.0,13094110,13093928,1.0,182,0.0,0.0018,100,0.0,548.4,None,0.0,0,0,0,0,1.0,13093928,182,cpu0_L1D,L1D,16199426,0.563,13962529,0.8619,2236897,0.1381,22.369,567096,0.035,28772230,24521724,0.8523,4250506,0.1477,42.5051,1903147,0.0661,9148,0.0003,30,0.0033,9118,0.9967,0.0912,2,0.0002,12563656,0.4367,10559165,0.8405,2004491,0.1595,20.0449,1336049,0.1063,223.2,None,0.0,0,0,0,0,0.8619,13962529,2236897,cpu0_L1I,L1I,15713605,1.0,10420961,0.6632,5292644,0.3368,52.9264,1990803,0.1267,15713605,10420961,0.6632,5292644,0.3368,52.9264,1990803,0.1267,91.34,None,0.0,0,0,0,0,0.6632,10420961,5292644,cpu0_L2C,L2C,4971609,0.7445,3367224,0.6773,1604385,0.3227,16.0438,0,0.0,668380,0.1001,259250,0.3879,409130,0.6121,4.0913,0,0.0,6677642,4500636,0.674,2177006,0.326,21.7701,0,0.0,9116,0.0014,544,0.0597,8572,0.9403,0.0857,0,0.0,1028537,0.154,873618,0.8494,154919,0.1506,1.5492,0,0.0,358.2,None,0.0,0,0,0,0,0.643,3626474,2013515,LLC,LLC,1604385,0.6144,148750,0.0927,1455635,0.9073,14.5564,0,0.0,409130,0.1567,24127,0.059,385003,0.941,3.85,0,0.0,2611254,264419,0.1013,2346835,0.8987,23.4684,0,0.0,8572,0.0033,122,0.0142,8450,0.9858,0.0845,0,0.0,589167,0.2256,91420,0.1552,497747,0.8448,4.9775,0,0.0,320.2,None,0.0,0,0,0,0,0.0859,172877,1840638,cpu0_STLB,STLB,549314,1.0,544740,0.9917,4574,0.0083,0.0457,0,0.0,549314,544740,0.9917,4574,0.0083,0.0457,0,0.0,713.1,None,0.0,0,0,0,0,0.9917,544740,4574,6,0,0.2992,334278420,100000000,,core,1,core.1.v1.,v1,,l1d,n,l1d.n.v1.,v1,,l1i,n,l1i.n.v1.,v1,,l2c,n,l2c.n.v1.,v1,,llc,1,llc.1.v1.,v1,,memory,1,memory.1.v2.,v2,,tlbs,n,tlbs.n.v1.,v1,6,1,sierra.a.4_006_1_006.raw,6,myscript_google,sierra.a.4,0.0,0.0,/mnt/storage/traces/gtrace_v2_champsim_myscript/sierra.a.4/sierra.a.4.log,100000000,100000000,1,1,/mnt/storage/traces/gtrace_v2_champsim_myscript/sierra.a.4/sierra.a.4_0006.champsim.gz,0,0,True,
107.0,4.813,0.9716,3.694,0.0916,0.1693,0.4257,0.3077,0.1248,cpu0_DTLB,DTLB,24479891,1.0,23907828,0.9766,572063,0.0234,5.7206,380097,0.0155,24479891,23907828,0.9766,572063,0.0234,5.7206,380097,0.0155,24.81,None,0.0,0,0,0,0,0.9766,23907828,572063,cpu0_ITLB,ITLB,7473315,1.0,7473302,1.0,13,0.0,0.0001,3,0.0,7473315,7473302,1.0,13,0.0,0.0001,3,0.0,787.6,None,0.0,0,0,0,0,1.0,7473302,13,cpu0_L1D,L1D,15083983,0.5799,12992301,0.8613,2091682,0.1387,20.9168,990203,0.0656,26010614,21949242,0.8439,4061372,0.1561,40.6137,2425506,0.0933,10905,0.0004,62,0.0057,10843,0.9943,0.1084,5,0.0005,10915726,0.4197,8956879,0.8205,1958847,0.1795,19.5885,1435298,0.1315,280.2,None,0.0,0,0,0,0,0.8613,12992301,2091682,cpu0_L1I,L1I,8862563,1.0,7950590,0.8971,911973,0.1029,9.1197,391213,0.0441,8862563,7950590,0.8971,911973,0.1029,9.1197,391213,0.0441,78.85,None,0.0,0,0,0,0,0.8971,7950590,911973,cpu0_L2C,L2C,1622235,0.5517,914653,0.5638,707582,0.4362,7.0758,0,0.0,523543,0.1781,61572,0.1176,461971,0.8824,4.6197,0,0.0,2940311,1665619,0.5665,1274692,0.4335,12.7469,0,0.0,10838,0.0037,1688,0.1557,9150,0.8443,0.0915,0,0.0,783695,0.2665,687706,0.8775,95989,0.1225,0.9599,0,0.0,377.9,None,0.0,0,0,0,0,0.455,976225,1169553,LLC,LLC,707582,0.3967,43958,0.0621,663624,0.9379,6.6362,0,0.0,461970,0.259,6774,0.0147,455196,0.9853,4.552,0,0.0,1783629,85952,0.0482,1697677,0.9518,16.9768,0,0.0,9150,0.0051,83,0.0091,9067,0.9909,0.0907,0,0.0,604927,0.3392,35137,0.0581,569790,0.9419,5.6979,0,0.0,275.5,None,0.0,0,0,0,0,0.0434,50732,1118820,cpu0_STLB,STLB,191976,1.0,186528,0.9716,5448,0.0284,0.0545,0,0.0,191976,186528,0.9716,5448,0.0284,0.0545,0,0.0,698.4,None,0.0,0,0,0,0,0.9716,186528,5448,6,0,0.4935,202628351,100000001,,core,1,core.1.v1.,v1,,l1d,n,l1d.n.v1.,v1,,l1i,n,l1i.n.v1.,v1,,l2c,n,l2c.n.v1.,v1,,llc,1,llc.1.v1.,v1,,memory,1,memory.1.v2.,v2,,tlbs,n,tlbs.n.v1.,v1,6,1,charlie_006_1_006.raw,6,myscript_google,charlie,0.0,0.0,/mnt/storage/traces/gtrace_v2_champsim_myscript/charlie/charlie.log,100000000,100000000,1,1,/mnt/storage/traces/gtrace_v2_champsim_myscript/charlie/charlie_0006.champsim.gz,0,0,True,
55.86,7.293,0.9584,4.359,0.8224,1.086,0.1851,0.2587,0.5819,cpu0_DTLB,DTLB,26589029,1.0,25743008,0.9682,846021,0.0318,8.4602,394996,0.0149,26589029,25743008,0.9682,846021,0.0318,8.4602,394996,0.0149,8.144,None,0.0,0,0,0,0,0.9682,25743008,846021,cpu0_ITLB,ITLB,10973403,1.0,10973239,1.0,164,0.0,0.0016,92,0.0,10973403,10973239,1.0,164,0.0,0.0016,92,0.0,398.9,None,0.0,0,0,0,0,1.0,10973239,164,cpu0_L1D,L1D,15501274,0.5489,13834401,0.8925,1666873,0.1075,16.6687,558849,0.0361,28241509,25017568,0.8858,3223941,0.1142,32.2394,1648237,0.0584,3868,0.0001,6,0.0016,3862,0.9984,0.0386,2,0.0005,12736367,0.451,11183161,0.878,1553206,0.122,15.5321,1089386,0.0855,203.0,None,0.0,0,0,0,0,0.8925,13834401,1666873,cpu0_L1I,L1I,13125318,1.0,11204200,0.8536,1921118,0.1464,19.2112,706956,0.0539,13125318,11204200,0.8536,1921118,0.1464,19.2112,706956,0.0539,122.4,None,0.0,0,0,0,0,0.8536,11204200,1921118,cpu0_L2C,L2C,2322173,0.6662,1405191,0.6051,916982,0.3949,9.1698,0,0.0,463777,0.1331,176103,0.3797,287674,0.6203,2.8767,0,0.0,3485707,2178261,0.6249,1307446,0.3751,13.0745,0,0.0,3860,0.0011,232,0.0601,3628,0.9399,0.0363,0,0.0,695897,0.1996,596735,0.8575,99162,0.1425,0.9916,0,0.0,341.1,None,0.0,0,0,0,0,0.5676,1581294,1204656,LLC,LLC,916982,0.5707,69277,0.0755,847705,0.9245,8.477,0,0.0,287674,0.179,19819,0.0689,267855,0.9311,2.6785,0,0.0,1606677,149185,0.0929,1457492,0.9071,14.5749,0,0.0,3628,0.0023,26,0.0072,3602,0.9928,0.036,0,0.0,398393,0.248,60063,0.1508,338330,0.8492,3.3833,0,0.0,294.6,None,0.0,0,0,0,0,0.074,89096,1115560,cpu0_STLB,STLB,451097,1.0,449163,0.9957,1934,0.0043,0.0193,0,0.0,451097,449163,0.9957,1934,0.0043,0.0193,0,0.0,746.8,None,0.0,0,0,0,0,0.9957,449163,1934,4,0,0.4681,213646001,100000003,,core,1,core.1.v1.,v1,,l1d,n,l1d.n.v1.,v1,,l1i,n,l1i.n.v1.,v1,,l2c,n,l2c.n.v1.,v1,,llc,1,llc.1.v1.,v1,,memory,1,memory.1.v2.,v2,,tlbs,n,tlbs.n.v1.,v1,4,1,sierra.a.4_004_1_004.raw,4,myscript_google,sierra.a.4,0.0,0.0,/mnt/storage/traces/gtrace_v2_champsim_myscript/sierra.a.4/sierra.a.4.log,100000000,100000000,1,1,/mnt/storage/traces/gtrace_v2_champsim_myscript/sierra.a.4/sierra.a.4_0004.champsim.gz,0,0,True,
38.79,9.923,0.952,4.651,1.409,1.109,0.2615,0.5199,1.973,cpu0_DTLB,DTLB,25364536,1.0,24212915,0.9546,1151621,0.0454,11.5162,499369,0.0197,25364536,24212915,0.9546,1151621,0.0454,11.5162,499369,0.0197,54.39,None,0.0,0,0,0,0,0.9546,24212915,1151621,cpu0_ITLB,ITLB,13278773,1.0,13278773,1.0,0,0.0,0.0,0,0.0,13278773,13278773,1.0,0,0.0,0.0,0,0.0,NaN,None,None,0,0,0,0,1.0,13278773,0,cpu0_L1D,L1D,15062215,0.5571,13218172,0.8776,1844043,0.1224,18.4404,466226,0.031,27035382,23381131,0.8648,3654251,0.1352,36.5425,1653687,0.0612,205557,0.0076,964,0.0047,204593,0.9953,2.0459,58,0.0003,11767610,0.4353,10161995,0.8636,1605615,0.1364,16.0561,1187403,0.1009,185.2,None,0.0,0,0,0,0,0.8776,13218172,1844043,cpu0_L1I,L1I,15941888,1.0,11216267,0.7036,4725621,0.2964,47.2562,1872456,0.1175,15941888,11216267,0.7036,4725621,0.2964,47.2562,1872456,0.1175,47.99,None,0.0,0,0,0,0,0.7036,11216267,4725621,cpu0_L2C,L2C,4230969,0.761,3244048,0.7667,986921,0.2333,9.8692,0,0.0,418192,0.0752,123213,0.2946,294979,0.7054,2.9498,0,0.0,5559489,4040397,0.7268,1519092,0.2732,15.1909,0,0.0,204535,0.0368,96303,0.4708,108232,0.5292,1.0823,0,0.0,705793,0.127,576833,0.8173,128960,0.1827,1.2896,0,0.0,309.5,None,0.0,0,0,0,0,0.7243,3367261,1281900,LLC,LLC,986921,0.5322,83575,0.0847,903346,0.9153,9.0335,0,0.0,294979,0.1591,37003,0.1254,257976,0.8746,2.5798,0,0.0,1854460,253580,0.1367,1600880,0.8633,16.0088,0,0.0,108232,0.0584,21816,0.2016,86416,0.7984,0.8642,0,0.0,464328,0.2504,111186,0.2395,353142,0.7605,3.5314,0,0.0,281.5,None,0.0,0,0,0,0,0.0941,120578,1161322,cpu0_STLB,STLB,652252,1.0,550193,0.8435,102059,0.1565,1.0206,0,0.0,652252,550193,0.8435,102059,0.1565,1.0206,0,0.0,314.6,None,0.0,0,0,0,0,0.8435,550193,102059,2,0,0.4052,246819409,100000000,,core,1,core.1.v1.,v1,,l1d,n,l1d.n.v1.,v1,,l1i,n,l1i.n.v1.,v1,,l2c,n,l2c.n.v1.,v1,,llc,1,llc.1.v1.,v1,,memory,1,memory.1.v2.,v2,,tlbs,n,tlbs.n.v1.,v1,2,1,bravo.a_002_1_002.raw,2,myscript_google,bravo.a,0.0,0.0,/mnt/storage/traces/gtrace_v2_champsim_myscript/bravo.a/bravo.a.log,100000000,100000000,1,1,/mnt/storage/traces/gtrace_v2_champsim_myscript/bravo.a/bravo.a_0002.champsim.gz,0,0,True,
42.98,10.67,0.9413,5.959,1.713,0.8914,0.5703,0.5352,0.9977,cpu0_DTLB,DTLB,26878383,1.0,26334665,0.9798,543718,0.0202,5.4372,227584,0.0085,26878383,26334665,0.9798,543718,0.0202,5.4372,227584,0.0085,10.89,None,0.0,0,0,0,0,0.9798,26334665,543718,cpu0_ITLB,ITLB,9381019,1.0,9380827,1.0,192,0.0,0.0019,88,0.0,9381019,9380827,1.0,192,0.0,0.0019,88,0.0,103.6,None,0.0,0,0,0,0,1.0,9380827,192,cpu0_L1D,L1D,16526853,0.5817,14819863,0.8967,1706990,0.1033,17.0699,510523,0.0309,28411518,24911224,0.8768,3500294,0.1232,35.0029,1850643,0.0651,5190,0.0002,47,0.0091,5143,0.9909,0.0514,7,0.0013,11879475,0.4181,10091314,0.8495,1788161,0.1505,17.8816,1340113,0.1128,207.6,None,0.0,0,0,0,0,0.8967,14819863,1706990,cpu0_L1I,L1I,11270717,1.0,8899240,0.7896,2371477,0.2104,23.7148,892026,0.0791,11270717,8899240,0.7896,2371477,0.2104,23.7148,892026,0.0791,126.2,None,0.0,0,0,0,0,0.7896,8899240,2371477,cpu0_L2C,L2C,2675903,0.7109,1536431,0.5742,1139472,0.4258,11.3947,0,0.0,448017,0.119,105479,0.2354,342538,0.7646,3.4254,0,0.0,3763946,2148298,0.5708,1615648,0.4292,16.1565,0,0.0,5136,0.0014,637,0.124,4499,0.876,0.045,0,0.0,634890,0.1687,505751,0.7966,129139,0.2034,1.2914,0,0.0,312.2,None,0.0,0,0,0,0,0.5256,1641910,1482010,LLC,LLC,1139472,0.5888,184075,0.1615,955397,0.8385,9.554,0,0.0,342538,0.177,8655,0.0253,333883,0.9747,3.3388,0,0.0,1935211,243578,0.1259,1691633,0.8741,16.9163,0,0.0,4499,0.0023,41,0.0091,4458,0.9909,0.0446,0,0.0,448702,0.2319,50807,0.1132,397895,0.8868,3.9789,0,0.0,286.1,None,0.0,0,0,0,0,0.13,192730,1289280,cpu0_STLB,STLB,316238,1.0,313874,0.9925,2364,0.0075,0.0236,0,0.0,316238,313874,0.9925,2364,0.0075,0.0236,0,0.0,790.8,None,0.0,0,0,0,0,0.9925,313874,2364,67,0,0.4098,244034086,100000003,,core,1,core.1.v1.,v1,,l1d,n,l1d.n.v1.,v1,,l1i,n,l1i.n.v1.,v1,,l2c,n,l2c.n.v1.,v1,,llc,1,llc.1.v1.,v1,,memory,1,memory.1.v2.,v2,,tlbs,n,tlbs.n.v1.,v1,67,1,yankee_067_1_067.raw,67,myscript_google,yankee,0.0,0.0,/mnt/storage/traces/gtrace_v2_champsim_myscript/yankee/yankee.log,None,None,1,1,/mnt/storage/traces/gtrace_v2_champsim_myscript/yankee/yankee_0067.champsim.gz,0,0,True,
61.65,7.029,0.9612,4.019,0.9367,0.6182,0.3754,0.2922,0.7867,cpu0_DTLB,DTLB,26281438,1.0,25631722,0.9753,649716,0.0247,6.4972,293803,0.0112,26281438,25631722,0.9753,649716,0.0247,6.4972,293803,0.0112,15.26,None,0.0,0,0,0,0,0.9753,25631722,649716,cpu0_ITLB,ITLB,11033649,1.0,11032169,0.9999,1480,0.0001,0.0148,1026,0.0001,11033649,11032169,0.9999,1480,0.0001,0.0148,1026,0.0001,17.74,None,0.0,0,0,0,0,0.9999,11032169,1480,cpu0_L1D,L1D,14906382,0.5283,13529812,0.9077,1376570,0.0923,13.7657,406144,0.0272,28215925,25333252,0.8978,2882673,0.1022,28.8267,1549941,0.0549,11394,0.0004,75,0.0066,11319,0.9934,0.1132,83,0.0073,13298149,0.4713,11803365,0.8876,1494784,0.1124,14.9478,1143714,0.086,166.2,None,0.0,0,0,0,0,0.9077,13529812,1376570,cpu0_L1I,L1I,12995112,1.0,9807079,0.7547,3188033,0.2453,31.8803,1246932,0.096,12995112,9807079,0.7547,3188033,0.2453,31.8803,1246932,0.096,34.06,None,0.0,0,0,0,0,0.7547,9807079,3188033,cpu0_L2C,L2C,2911514,0.7608,2395747,0.8229,515767,0.1771,5.1577,0,0.0,351033,0.0917,98704,0.2812,252329,0.7188,2.5233,0,0.0,3827100,2963047,0.7742,864053,0.2258,8.6405,0,0.0,11236,0.0029,1927,0.1715,9309,0.8285,0.0931,0,0.0,553317,0.1446,466669,0.8434,86648,0.1566,0.8665,0,0.0,304.0,None,0.0,0,0,0,0,0.7646,2494451,768096,LLC,LLC,515767,0.455,48544,0.0941,467223,0.9059,4.6722,0,0.0,252329,0.2226,12372,0.049,239957,0.951,2.3996,0,0.0,1133483,115528,0.1019,1017955,0.8981,10.1795,0,0.0,9309,0.0082,224,0.0241,9085,0.9759,0.0908,0,0.0,356078,0.3141,54388,0.1527,301690,0.8473,3.0169,0,0.0,248.2,None,0.0,0,0,0,0,0.0793,60916,707180,cpu0_STLB,STLB,356367,1.0,351061,0.9851,5306,0.0149,0.0531,0,0.0,356367,351061,0.9851,5306,0.0149,0.0531,0,0.0,688.3,None,0.0,0,0,0,0,0.9851,351061,5306,33,0,0.6404,156142812,100000001,,core,1,core.1.v1.,v1,,l1d,n,l1d.n.v1.,v1,,l1i,n,l1i.n.v1.,v1,,l2c,n,l2c.n.v1.,v1,,llc,1,llc.1.v1.,v1,,memory,1,memory.1.v2.,v2,,tlbs,n,tlbs.n.v1.,v1,33,1,tango_033_1_033.raw,33,myscript_google,tango,0.0,0.0,/mnt/storage/traces/gtrace_v2_champsim_myscript/tango/tango.log,100000000,100000000,1,1,/mnt/storage/traces/gtrace_v2_champsim_myscript/tango/tango_0033.champsim.gz,0,0,True,
55.61,6.552,0.9655,3.83,0.7381,0.6048,0.3245,0.3335,0.7209,cpu0_DTLB,DTLB,26195665,1.0,25709681,0.9814,485984,0.0186,4.8598,186982,0.0071,26195665,25709681,0.9814,485984,0.0186,4.8598,186982,0.0071,13.65,None,0.0,0,0,0,0,0.9814,25709681,485984,cpu0_ITLB,ITLB,10292895,1.0,10292726,1.0,169,0.0,0.0017,47,0.0,10292895,10292726,1.0,169,0.0,0.0017,47,0.0,263.0,None,0.0,0,0,0,0,1.0,10292726,169,cpu0_L1D,L1D,15979957,0.569,13864262,0.8676,2115695,0.1324,21.1569,693442,0.0434,28086433,24725997,0.8804,3360436,0.1196,33.6044,1573657,0.056,6314,0.0002,61,0.0097,6253,0.9903,0.0625,4,0.0006,12100162,0.4308,10861674,0.8976,1238488,0.1024,12.3849,880211,0.0727,275.0,None,0.0,0,0,0,0,0.8676,13864262,2115695,cpu0_L1I,L1I,12168858,1.0,10438029,0.8578,1730829,0.1422,17.3083,615017,0.0505,12168858,10438029,0.8578,1730829,0.1422,17.3083,615017,0.0505,125.6,None,0.0,0,0,0,0,0.8578,10438029,1730829,cpu0_L2C,L2C,2538056,0.7322,1202993,0.474,1335063,0.526,13.3506,0,0.0,358263,0.1034,70025,0.1955,288238,0.8045,2.8824,0,0.0,3466452,1721068,0.4965,1745384,0.5035,17.4538,0,0.0,6249,0.0018,1128,0.1805,5121,0.8195,0.0512,0,0.0,563884,0.1627,446922,0.7926,116962,0.2074,1.1696,0,0.0,348.3,None,0.0,0,0,0,0,0.4395,1273018,1623301,LLC,LLC,1335063,0.6539,84674,0.0634,1250389,0.9366,12.5039,0,0.0,288238,0.1412,7243,0.0251,280995,0.9749,2.8099,0,0.0,2041662,134482,0.0659,1907180,0.9341,19.0718,0,0.0,5121,0.0025,57,0.0111,5064,0.9889,0.0506,0,0.0,413240,0.2024,42508,0.1029,370732,0.8971,3.7073,0,0.0,306.7,None,0.0,0,0,0,0,0.0566,91917,1531384,cpu0_STLB,STLB,299124,1.0,296273,0.9905,2851,0.0095,0.0285,0,0.0,299124,296273,0.9905,2851,0.0095,0.0285,0,0.0,917.5,None,0.0,0,0,0,0,0.9905,296273,2851,0,0,0.3579,279417378,100000001,,core,1,core.1.v1.,v1,,l1d,n,l1d.n.v1.,v1,,l1i,n,l1i.n.v1.,v1,,l2c,n,l2c.n.v1.,v1,,llc,1,llc.1.v1.,v1,,memory,1,memory.1.v2.,v2,,tlbs,n,tlbs.n.v1.,v1,0,1,tahoe_000_1_000.raw,0,myscript_google,tahoe,0.0,0.0,/mnt/storage/traces/gtrace_v2_champsim_myscript/tahoe/tahoe.log,100000000,100000000,1,1,/mnt/storage/traces/gtrace_v2_champsim_myscript/tahoe/tahoe_0000.champsim.gz,0,0,True,
43.61,9.83,0.947,5.621,1.53,0.9001,0.4661,0.4652,0.8477,cpu0_DTLB,DTLB,26674441,1.0,26152803,0.9804,521638,0.0196,5.2164,223945,0.0084,26674441,26152803,0.9804,521638,0.0196,5.2164,223945,0.0084,7.691,None,0.0,0,0,0,0,0.9804,26152803,521638,cpu0_ITLB,ITLB,9604864,1.0,9604787,1.0,77,0.0,0.0008,22,0.0,9604864,9604787,1.0,77,0.0,0.0008,22,0.0,214.4,None,0.0,0,0,0,0,1.0,9604787,77,cpu0_L1D,L1D,16375522,0.5806,14712351,0.8984,1663171,0.1016,16.6317,477512,0.0292,28204194,24832159,0.8804,3372035,0.1196,33.7203,1749019,0.062,2052,0.0001,5,0.0024,2047,0.9976,0.0205,0,0.0,11826620,0.4193,10119803,0.8557,1706817,0.1443,17.0682,1271507,0.1075,203.8,None,0.0,0,0,0,0,0.8984,14712351,1663171,cpu0_L1I,L1I,11530086,1.0,9275157,0.8044,2254929,0.1956,22.5493,858044,0.0744,11530086,9275157,0.8044,2254929,0.1956,22.5493,858044,0.0744,141.3,None,0.0,0,0,0,0,0.8044,9275157,2254929,cpu0_L2C,L2C,2582532,0.7091,1533323,0.5937,1049209,0.4063,10.4921,0,0.0,435279,0.1195,108255,0.2487,327024,0.7513,3.2702,0,0.0,3642152,2142839,0.5883,1499313,0.4117,14.9931,0,0.0,2047,0.0006,161,0.0787,1886,0.9213,0.0189,0,0.0,622294,0.1709,501100,0.8052,121194,0.1948,1.2119,0,0.0,336.3,None,0.0,0,0,0,0,0.544,1641578,1376233,LLC,LLC,1049209,0.5802,89648,0.0854,959561,0.9146,9.5956,0,0.0,327024,0.1808,11162,0.0341,315862,0.9659,3.1586,0,0.0,1808262,152235,0.0842,1656027,0.9158,16.5603,0,0.0,1886,0.001,10,0.0053,1876,0.9947,0.0188,0,0.0,430143,0.2379,51415,0.1195,378728,0.8805,3.7873,0,0.0,293.0,None,0.0,0,0,0,0,0.0733,100810,1275423,cpu0_STLB,STLB,297748,1.0,296744,0.9966,1004,0.0034,0.01,0,0.0,297748,296744,0.9966,1004,0.0034,0.01,0,0.0,808.2,None,0.0,0,0,0,0,0.9966,296744,1004,80,0,0.4259,234799386,100000003,,core,1,core.1.v1.,v1,,l1d,n,l1d.n.v1.,v1,,l1i,n,l1i.n.v1.,v1,,l2c,n,l2c.n.v1.,v1,,llc,1,llc.1.v1.,v1,,memory,1,memory.1.v2.,v2,,tlbs,n,tlbs.n.v1.,v1,80,1,yankee_080_1_080.raw,80,myscript_google,yankee,0.0,0.0,/mnt/storage/traces/gtrace_v2_champsim_myscript/yankee/yankee.log,None,None,1,1,/mnt/storage/traces/gtrace_v2_champsim_myscript/yankee/yankee_0080.champsim.gz,0,0,True,
42.75,9.847,0.9449,6.875,0.8375,0.8906,0.3385,0.3162,0.5894,cpu0_DTLB,DTLB,24846875,1.0,24346041,0.9798,500834,0.0202,5.0083,207584,0.0084,24846875,24346041,0.9798,500834,0.0202,5.0083,207584,0.0084,21.82,None,0.0,0,0,0,0,0.9798,24346041,500834,cpu0_ITLB,ITLB,9475696,1.0,9475673,1.0,23,0.0,0.0002,13,0.0,9475696,9475673,1.0,23,0.0,0.0002,13,0.0,890.9,None,0.0,0,0,0,0,1.0,9475673,23,cpu0_L1D,L1D,16477141,0.629,14652359,0.8893,1824782,0.1107,18.2478,576418,0.035,26194657,23127746,0.8829,3066911,0.1171,30.6691,1471847,0.0562,14827,0.0006,94,0.0063,14733,0.9937,0.1473,10,0.0007,9702689,0.3704,8475293,0.8735,1227396,0.1265,12.274,895419,0.0923,184.3,None,0.0,0,0,0,0,0.8893,14652359,1824782,cpu0_L1I,L1I,11520199,1.0,9396361,0.8156,2123838,0.1844,21.2384,837257,0.0727,11520199,9396361,0.8156,2123838,0.1844,21.2384,837257,0.0727,121.2,None,0.0,0,0,0,0,0.8156,9396361,2123838,cpu0_L2C,L2C,2534933,0.7547,1576404,0.6219,958529,0.3781,9.5853,0,0.0,331960,0.0988,96292,0.2901,235668,0.7099,2.3567,0,0.0,3358836,2067268,0.6155,1291568,0.3845,12.9157,0,0.0,14723,0.0044,2585,0.1756,12138,0.8244,0.1214,0,0.0,477220,0.1421,391987,0.8214,85233,0.1786,0.8523,0,0.0,330.6,None,0.0,0,0,0,0,0.5835,1672696,1194197,LLC,LLC,958529,0.6386,54751,0.0571,903778,0.9429,9.0378,0,0.0,235668,0.157,6762,0.0287,228906,0.9713,2.2891,0,0.0,1501013,99430,0.0662,1401583,0.9338,14.0158,0,0.0,12138,0.0081,319,0.0263,11819,0.9737,0.1182,0,0.0,294678,0.1963,37598,0.1276,257080,0.8724,2.5708,0,0.0,292.4,None,0.0,0,0,0,0,0.0515,61513,1132684,cpu0_STLB,STLB,293260,1.0,286640,0.9774,6620,0.0226,0.0662,0,0.0,293260,286640,0.9774,6620,0.0226,0.0662,0,0.0,745.2,None,0.0,0,0,0,0,0.9774,286640,6620,17,0,0.4413,226612236,100000003,,core,1,core.1.v1.,v1,,l1d,n,l1d.n.v1.,v1,,l1i,n,l1i.n.v1.,v1,,l2c,n,l2c.n.v1.,v1,,llc,1,llc.1.v1.,v1,,memory,1,memory.1.v2.,v2,,tlbs,n,tlbs.n.v1.,v1,17,1,merced_017_1_017.raw,17,myscript_google,merced,0.0,0.0,/mnt/storage/traces/gtrace_v2_champsim_myscript/merced/merced.log,None,None,1,1,/mnt/storage/traces/gtrace_v2_champsim_myscript/merced/merced_0017.champsim.gz,0,0,True,
39.82,11.51,0.9323,8.242,0.802,1.393,0.2679,0.2695,0.5378,cpu0_DTLB,DTLB,21351482,1.0,20921843,0.9799,429639,0.0201,4.2964,182101,0.0085,21351482,20921843,0.9799,429639,0.0201,4.2964,182101,0.0085,28.23,None,0.0,0,0,0,0,0.9799,20921843,429639,cpu0_ITLB,ITLB,7989577,1.0,7989569,1.0,8,0.0,0.0001,3,0.0,7989577,7989569,1.0,8,0.0,0.0001,3,0.0,1291.0,None,0.0,0,0,0,0,1.0,7989569,8,cpu0_L1D,L1D,14257386,0.6352,12565093,0.8813,1692293,0.1187,16.9229,540997,0.0379,22444868,19636492,0.8749,2808376,0.1251,28.0838,1350455,0.0602,18513,0.0008,110,0.0059,18403,0.9941,0.184,11,0.0006,8168969,0.364,7071289,0.8656,1097680,0.1344,10.9768,809447,0.0991,179.9,None,0.0,0,0,0,0,0.8813,12565093,1692293,cpu0_L1I,L1I,9671724,1.0,7934379,0.8204,1737345,0.1796,17.3734,677687,0.0701,9671724,7934379,0.8204,1737345,0.1796,17.3734,677687,0.0701,117.6,None,0.0,0,0,0,0,0.8204,7934379,1737345,cpu0_L2C,L2C,2210919,0.7513,1298874,0.5875,912045,0.4125,9.1204,0,0.0,288199,0.0979,78495,0.2724,209704,0.7276,2.097,0,0.0,2942630,1723257,0.5856,1219373,0.4144,12.1937,0,0.0,18392,0.0063,3659,0.1989,14733,0.8011,0.1473,0,0.0,425120,0.1445,342229,0.805,82891,0.195,0.8289,0,0.0,300.9,None,0.0,0,0,0,0,0.5511,1377369,1121749,LLC,LLC,912045,0.6488,53090,0.0582,858955,0.9418,8.5895,0,0.0,209704,0.1492,11133,0.0531,198571,0.9469,1.9857,0,0.0,1405745,105263,0.0749,1300482,0.9251,13.0048,0,0.0,14733,0.0105,387,0.0263,14346,0.9737,0.1435,0,0.0,269263,0.1915,40653,0.151,228610,0.849,2.2861,0,0.0,269.6,None,0.0,0,0,0,0,0.0573,64223,1057526,cpu0_STLB,STLB,247543,1.0,239307,0.9667,8236,0.0333,0.0824,0,0.0,247543,239307,0.9667,8236,0.0333,0.0824,0,0.0,698.0,None,0.0,0,0,0,0,0.9667,239307,8236,78,0,0.4382,228211159,100000004,,core,1,core.1.v1.,v1,,l1d,n,l1d.n.v1.,v1,,l1i,n,l1i.n.v1.,v1,,l2c,n,l2c.n.v1.,v1,,llc,1,llc.1.v1.,v1,,memory,1,memory.1.v2.,v2,,tlbs,n,tlbs.n.v1.,v1,78,1,merced_078_1_078.raw,78,myscript_google,merced,0.0,0.0,/mnt/storage/traces/gtrace_v2_champsim_myscript/merced/merced.log,None,None,1,1,/mnt/storage/traces/gtrace_v2_champsim_myscript/merced/merced_0078.champsim.gz,0,0,True,
42.27,9.673,0.9468,6.432,0.9383,0.9232,0.4265,0.3401,0.6126,cpu0_DTLB,DTLB,25161583,1.0,24754487,0.9838,407096,0.0162,4.071,172080,0.0068,25161583,24754487,0.9838,407096,0.0162,4.071,172080,0.0068,18.02,None,0.0,0,0,0,0,0.9838,24754487,407096,cpu0_ITLB,ITLB,9197711,1.0,9197705,1.0,6,0.0,0.0001,1,0.0,9197711,9197705,1.0,6,0.0,0.0001,1,0.0,813.2,None,0.0,0,0,0,0,1.0,9197705,6,cpu0_L1D,L1D,16544504,0.6227,15082761,0.9116,1461743,0.0884,14.6174,447373,0.027,26566951,23705279,0.8923,2861672,0.1077,28.6167,1480123,0.0557,9774,0.0004,74,0.0076,9700,0.9924,0.097,5,0.0005,10012673,0.3769,8622444,0.8612,1390229,0.1388,13.9023,1032745,0.1031,198.8,None,0.0,0,0,0,0,0.9116,15082761,1461743,cpu0_L1I,L1I,11135677,1.0,9328553,0.8377,1807124,0.1623,18.0712,691538,0.0621,11135677,9328553,0.8377,1807124,0.1623,18.0712,691538,0.0621,133.3,None,0.0,0,0,0,0,0.8377,9328553,1807124,cpu0_L2C,L2C,2129932,0.7109,1252813,0.5882,877119,0.4118,8.7712,0,0.0,357461,0.1193,91947,0.2572,265514,0.7428,2.6551,0,0.0,2996163,1756632,0.5863,1239531,0.4137,12.3953,0,0.0,9695,0.0032,1889,0.1948,7806,0.8052,0.0781,0,0.0,499075,0.1666,409983,0.8215,89092,0.1785,0.8909,0,0.0,325.5,None,0.0,0,0,0,0,0.5406,1344760,1142633,LLC,LLC,877119,0.5942,70649,0.0805,806470,0.9195,8.0647,0,0.0,265514,0.1799,8820,0.0332,256694,0.9668,2.5669,0,0.0,1476093,119790,0.0812,1356303,0.9188,13.563,0,0.0,7806,0.0053,162,0.0208,7644,0.9792,0.0764,0,0.0,325654,0.2206,40159,0.1233,285495,0.8767,2.8549,0,0.0,285.6,None,0.0,0,0,0,0,0.0695,79469,1063164,cpu0_STLB,STLB,235021,1.0,230584,0.9811,4437,0.0189,0.0444,0,0.0,235021,230584,0.9811,4437,0.0189,0.0444,0,0.0,689.6,None,0.0,0,0,0,0,0.9811,230584,4437,75,0,0.4758,210183560,100000001,,core,1,core.1.v1.,v1,,l1d,n,l1d.n.v1.,v1,,l1i,n,l1i.n.v1.,v1,,l2c,n,l2c.n.v1.,v1,,llc,1,llc.1.v1.,v1,,memory,1,memory.1.v2.,v2,,tlbs,n,tlbs.n.v1.,v1,75,1,merced_075_1_075.raw,75,myscript_google,merced,0.0,0.0,/mnt/storage/traces/gtrace_v2_champsim_myscript/merced/merced.log,None,None,1,1,/mnt/storage/traces/gtrace_v2_champsim_myscript/merced/merced_0075.champsim.gz,0,0,True,
44.71,9.731,0.9437,5.81,1.451,0.7917,0.4427,0.4374,0.7979,cpu0_DTLB,DTLB,26573379,1.0,26130211,0.9833,443168,0.0167,4.4317,191531,0.0072,26573379,26130211,0.9833,443168,0.0167,4.4317,191531,0.0072,8.987,None,0.0,0,0,0,0,0.9833,26130211,443168,cpu0_ITLB,ITLB,9132738,1.0,9132676,1.0,62,0.0,0.0006,10,0.0,9132738,9132676,1.0,62,0.0,0.0006,10,0.0,161.1,None,0.0,0,0,0,0,1.0,9132676,62,cpu0_L1D,L1D,16147707,0.5683,14671335,0.9086,1476372,0.0914,14.7637,446974,0.0277,28414039,25334536,0.8916,3079503,0.1084,30.795,1659412,0.0584,2632,0.0001,5,0.0019,2627,0.9981,0.0263,2,0.0008,12263700,0.4316,10663196,0.8695,1600504,0.1305,16.005,1212436,0.0989,205.4,None,0.0,0,0,0,0,0.9086,14671335,1476372,cpu0_L1I,L1I,11017847,1.0,8845645,0.8028,2172202,0.1972,21.722,827976,0.0751,11017847,8845645,0.8028,2172202,0.1972,21.722,827976,0.0751,119.8,None,0.0,0,0,0,0,0.8028,8845645,2172202,cpu0_L2C,L2C,2373608,0.7146,1391323,0.5862,982285,0.4138,9.8229,0,0.0,388035,0.1168,85618,0.2206,302417,0.7794,3.0242,0,0.0,3321794,1922177,0.5787,1399617,0.4213,13.9962,0,0.0,2625,0.0008,171,0.0651,2454,0.9349,0.0245,0,0.0,557526,0.1678,445065,0.7983,112461,0.2017,1.1246,0,0.0,307.8,None,0.0,0,0,0,0,0.5348,1476941,1284702,LLC,LLC,982285,0.5813,160450,0.1633,821835,0.8367,8.2183,0,0.0,302416,0.179,10148,0.0336,292268,0.9664,2.9227,0,0.0,1689694,217729,0.1289,1471965,0.8711,14.7196,0,0.0,2454,0.0015,25,0.0102,2429,0.9898,0.0243,0,0.0,402539,0.2382,47106,0.117,355433,0.883,3.5543,0,0.0,280.7,None,0.0,0,0,0,0,0.1328,170598,1114103,cpu0_STLB,STLB,251689,1.0,250412,0.9949,1277,0.0051,0.0128,0,0.0,251689,250412,0.9949,1277,0.0051,0.0128,0,0.0,790.9,None,0.0,0,0,0,0,0.9949,250412,1277,40,0,0.468,213693189,100000000,,core,1,core.1.v1.,v1,,l1d,n,l1d.n.v1.,v1,,l1i,n,l1i.n.v1.,v1,,l2c,n,l2c.n.v1.,v1,,llc,1,llc.1.v1.,v1,,memory,1,memory.1.v2.,v2,,tlbs,n,tlbs.n.v1.,v1,40,1,yankee_040_1_040.raw,40,myscript_google,yankee,0.0,0.0,/mnt/storage/traces/gtrace_v2_champsim_myscript/yankee/yankee.log,None,None,1,1,/mnt/storage/traces/gtrace_v2_champsim_myscript/yankee/yankee_0040.champsim.gz,0,0,True,
44.13,10.25,0.9442,5.841,1.572,0.8864,0.5497,0.4818,0.9237,cpu0_DTLB,DTLB,27032324,1.0,26517813,0.981,514511,0.019,5.1451,219816,0.0081,27032324,26517813,0.981,514511,0.019,5.1451,219816,0.0081,10.37,None,0.0,0,0,0,0,0.981,26517813,514511,cpu0_ITLB,ITLB,9255626,1.0,9255511,1.0,115,0.0,0.0011,60,0.0,9255626,9255511,1.0,115,0.0,0.0011,60,0.0,119.7,None,0.0,0,0,0,0,1.0,9255511,115,cpu0_L1D,L1D,16794403,0.5874,15185541,0.9042,1608862,0.0958,16.0886,475578,0.0283,28590983,25317167,0.8855,3273816,0.1145,32.7382,1710466,0.0598,4308,0.0002,20,0.0046,4288,0.9954,0.0429,4,0.0009,11792272,0.4124,10131606,0.8592,1660666,0.1408,16.6067,1234884,0.1047,203.3,None,0.0,0,0,0,0,0.9042,15185541,1608862,cpu0_L1I,L1I,11120752,1.0,8902404,0.8005,2218348,0.1995,22.1835,834428,0.075,11120752,8902404,0.8005,2218348,0.1995,22.1835,834428,0.075,136.1,None,0.0,0,0,0,0,0.8005,8902404,2218348,cpu0_L2C,L2C,2517192,0.7107,1515359,0.602,1001833,0.398,10.0183,0,0.0,425757,0.1202,106029,0.249,319728,0.751,3.1973,0,0.0,3541987,2102989,0.5937,1438998,0.4063,14.39,0,0.0,4284,0.0012,417,0.0973,3867,0.9027,0.0387,0,0.0,594754,0.1679,481184,0.809,113570,0.191,1.1357,0,0.0,335.6,None,0.0,0,0,0,0,0.5509,1621388,1321561,LLC,LLC,1001833,0.5781,78598,0.0785,923235,0.9215,9.2323,0,0.0,319728,0.1845,7901,0.0247,311827,0.9753,3.1183,0,0.0,1733110,132386,0.0764,1600724,0.9236,16.0072,0,0.0,3867,0.0022,23,0.0059,3844,0.9941,0.0384,0,0.0,407682,0.2352,45864,0.1125,361818,0.8875,3.6182,0,0.0,290.2,None,0.0,0,0,0,0,0.0655,86499,1235062,cpu0_STLB,STLB,294750,1.0,292804,0.9934,1946,0.0066,0.0195,0,0.0,294750,292804,0.9934,1946,0.0066,0.0195,0,0.0,814.9,None,0.0,0,0,0,0,0.9934,292804,1946,27,0,0.4308,232134886,100000004,,core,1,core.1.v1.,v1,,l1d,n,l1d.n.v1.,v1,,l1i,n,l1i.n.v1.,v1,,l2c,n,l2c.n.v1.,v1,,llc,1,llc.1.v1.,v1,,memory,1,memory.1.v2.,v2,,tlbs,n,tlbs.n.v1.,v1,27,1,yankee_027_1_027.raw,27,myscript_google,yankee,0.0,0.0,/mnt/storage/traces/gtrace_v2_champsim_myscript/yankee/yankee.log,None,None,1,1,/mnt/storage/traces/gtrace_v2_champsim_myscript/yankee/yankee_0027.champsim.gz,0,0,True,
46.14,8.81,0.9505,6.456,0.5383,0.9547,0.2902,0.2038,0.3672,cpu0_DTLB,DTLB,21964746,1.0,21478182,0.9778,486564,0.0222,4.8656,203087,0.0092,21964746,21478182,0.9778,486564,0.0222,4.8656,203087,0.0092,25.27,None,0.0,0,0,0,0,0.9778,21478182,486564,cpu0_ITLB,ITLB,9285116,1.0,9285099,1.0,17,0.0,0.0002,6,0.0,9285116,9285099,1.0,17,0.0,0.0002,6,0.0,780.7,None,0.0,0,0,0,0,1.0,9285099,17,cpu0_L1D,L1D,15012624,0.6498,13534823,0.9016,1477801,0.0984,14.778,451321,0.0301,23104815,20590926,0.8912,2513889,0.1088,25.1389,1194041,0.0517,17141,0.0007,119,0.0069,17022,0.9931,0.1702,27,0.0016,8075050,0.3495,7055984,0.8738,1019066,0.1262,10.1907,742693,0.092,224.9,None,0.0,0,0,0,0,0.9016,13534823,1477801,cpu0_L1I,L1I,11222894,1.0,9616802,0.8569,1606092,0.1431,16.0609,656814,0.0585,11222894,9616802,0.8569,1606092,0.1431,16.0609,656814,0.0585,98.35,None,0.0,0,0,0,0,0.8569,9616802,1606092,cpu0_L2C,L2C,1975748,0.7321,1257654,0.6365,718094,0.3635,7.1809,0,0.0,276359,0.1024,71774,0.2597,204585,0.7403,2.0459,0,0.0,2698820,1697654,0.629,1001166,0.371,10.0117,0,0.0,16995,0.0063,3118,0.1835,13877,0.8165,0.1388,0,0.0,429718,0.1592,365108,0.8496,64610,0.1504,0.6461,0,0.0,371.3,None,0.0,0,0,0,0,0.5903,1329428,922679,LLC,LLC,718094,0.5897,26592,0.037,691502,0.963,6.915,0,0.0,204585,0.168,6023,0.0294,198562,0.9706,1.9856,0,0.0,1217747,62094,0.051,1155653,0.949,11.5565,0,0.0,13877,0.0114,200,0.0144,13677,0.9856,0.1368,0,0.0,281191,0.2309,29279,0.1041,251912,0.8959,2.5191,0,0.0,310.5,None,0.0,0,0,0,0,0.0353,32615,890064,cpu0_STLB,STLB,283488,1.0,275844,0.973,7644,0.027,0.0764,0,0.0,283488,275844,0.973,7644,0.027,0.0764,0,0.0,751.9,None,0.0,0,0,0,0,0.973,275844,7644,12,0,0.5205,192125017,100000000,,core,1,core.1.v1.,v1,,l1d,n,l1d.n.v1.,v1,,l1i,n,l1i.n.v1.,v1,,l2c,n,l2c.n.v1.,v1,,llc,1,llc.1.v1.,v1,,memory,1,memory.1.v2.,v2,,tlbs,n,tlbs.n.v1.,v1,12,1,merced_012_1_012.raw,12,myscript_google,merced,0.0,0.0,/mnt/storage/traces/gtrace_v2_champsim_myscript/merced/merced.log,None,None,1,1,/mnt/storage/traces/gtrace_v2_champsim_myscript/merced/merced_0012.champsim.gz,0,0,True,
43.37,9.785,0.9466,6.815,0.8796,0.9252,0.301,0.2996,0.5645,cpu0_DTLB,DTLB,23991961,1.0,23442253,0.9771,549708,0.0229,5.4971,230999,0.0096,23991961,23442253,0.9771,549708,0.0229,5.4971,230999,0.0096,25.08,None,0.0,0,0,0,0,0.9771,23442253,549708,cpu0_ITLB,ITLB,9257899,1.0,9257882,1.0,17,0.0,0.0002,8,0.0,9257899,9257882,1.0,17,0.0,0.0002,8,0.0,897.3,None,0.0,0,0,0,0,1.0,9257882,17,cpu0_L1D,L1D,16337392,0.6474,14636961,0.8959,1700431,0.1041,17.0043,538317,0.0329,25235910,22417535,0.8883,2818375,0.1117,28.1837,1351997,0.0536,19874,0.0008,158,0.008,19716,0.992,0.1972,32,0.0016,8878644,0.3518,7780416,0.8763,1098228,0.1237,10.9823,813648,0.0916,169.4,None,0.0,0,0,0,0,0.8959,14636961,1700431,cpu0_L1I,L1I,11305131,1.0,9228533,0.8163,2076598,0.1837,20.766,827505,0.0732,11305131,9228533,0.8163,2076598,0.1837,20.766,827505,0.0732,100.4,None,0.0,0,0,0,0,0.8163,9228533,2076598,cpu0_L2C,L2C,2411198,0.7637,1555267,0.645,855931,0.355,8.5593,0,0.0,284555,0.0901,78503,0.2759,206052,0.7241,2.0605,0,0.0,3157362,1999844,0.6334,1157518,0.3666,11.5752,0,0.0,19684,0.0062,3684,0.1872,16000,0.8128,0.16,0,0.0,441925,0.14,362390,0.82,79535,0.18,0.7953,0,0.0,304.4,None,0.0,0,0,0,0,0.6061,1633770,1061983,LLC,LLC,855931,0.6356,57902,0.0676,798029,0.9324,7.9803,0,0.0,206052,0.153,6416,0.0311,199636,0.9689,1.9964,0,0.0,1346666,99328,0.0738,1247338,0.9262,12.4734,0,0.0,16000,0.0119,398,0.0249,15602,0.9751,0.156,0,0.0,268683,0.1995,34612,0.1288,234071,0.8712,2.3407,0,0.0,270.2,None,0.0,0,0,0,0,0.0606,64318,997665,cpu0_STLB,STLB,318718,1.0,309970,0.9726,8748,0.0274,0.0875,0,0.0,318718,309970,0.9726,8748,0.0274,0.0875,0,0.0,731.5,None,0.0,0,0,0,0,0.9726,309970,8748,4,0,0.467,214132269,100000002,,core,1,core.1.v1.,v1,,l1d,n,l1d.n.v1.,v1,,l1i,n,l1i.n.v1.,v1,,l2c,n,l2c.n.v1.,v1,,llc,1,llc.1.v1.,v1,,memory,1,memory.1.v2.,v2,,tlbs,n,tlbs.n.v1.,v1,4,1,merced_004_1_004.raw,4,myscript_google,merced,0.0,0.0,/mnt/storage/traces/gtrace_v2_champsim_myscript/merced/merced.log,None,None,1,1,/mnt/storage/traces/gtrace_v2_champsim_myscript/merced/merced_0004.champsim.gz,0,0,True,
42.79,10.53,0.9428,6.109,1.592,0.8691,0.557,0.4974,0.9027,cpu0_DTLB,DTLB,26884922,1.0,26382086,0.9813,502836,0.0187,5.0284,213872,0.008,26884922,26382086,0.9813,502836,0.0187,5.0284,213872,0.008,8.778,None,0.0,0,0,0,0,0.9813,26382086,502836,cpu0_ITLB,ITLB,9092232,1.0,9092132,1.0,100,0.0,0.001,51,0.0,9092232,9092132,1.0,100,0.0,0.001,51,0.0,219.2,None,0.0,0,0,0,0,1.0,9092132,100,cpu0_L1D,L1D,16527625,0.5819,14818456,0.8966,1709169,0.1034,17.0917,522326,0.0316,28402651,24884907,0.8761,3517744,0.1239,35.1774,1896464,0.0668,2832,0.0001,12,0.0042,2820,0.9958,0.0282,6,0.0021,11872194,0.418,10066439,0.8479,1805755,0.1521,18.0575,1374132,0.1157,202.6,None,0.0,0,0,0,0,0.8966,14818456,1709169,cpu0_L1I,L1I,10955130,1.0,8751519,0.7989,2203611,0.2011,22.0361,832221,0.076,10955130,8751519,0.7989,2203611,0.2011,22.0361,832221,0.076,133.7,None,0.0,0,0,0,0,0.7989,8751519,2203611,cpu0_L2C,L2C,2558226,0.7081,1439742,0.5628,1118484,0.4372,11.1848,0,0.0,431597,0.1195,108003,0.2502,323594,0.7498,3.2359,0,0.0,3612593,2047515,0.5668,1565078,0.4332,15.6508,0,0.0,2814,0.0008,253,0.0899,2561,0.9101,0.0256,0,0.0,619956,0.1716,499517,0.8057,120439,0.1943,1.2044,0,0.0,311.9,None,0.0,0,0,0,0,0.5177,1547745,1442078,LLC,LLC,1118484,0.5961,182805,0.1634,935679,0.8366,9.3568,0,0.0,323594,0.1725,12340,0.0381,311254,0.9619,3.1125,0,0.0,1876341,245013,0.1306,1631328,0.8694,16.3133,0,0.0,2561,0.0014,35,0.0137,2526,0.9863,0.0253,0,0.0,431702,0.2301,49833,0.1154,381869,0.8846,3.8187,0,0.0,287.0,None,0.0,0,0,0,0,0.1353,195145,1246933,cpu0_STLB,STLB,289013,1.0,287679,0.9954,1334,0.0046,0.0133,0,0.0,289013,287679,0.9954,1334,0.0046,0.0133,0,0.0,825.2,None,0.0,0,0,0,0,0.9954,287679,1334,22,0,0.4201,238056782,100000003,,core,1,core.1.v1.,v1,,l1d,n,l1d.n.v1.,v1,,l1i,n,l1i.n.v1.,v1,,l2c,n,l2c.n.v1.,v1,,llc,1,llc.1.v1.,v1,,memory,1,memory.1.v2.,v2,,tlbs,n,tlbs.n.v1.,v1,22,1,yankee_022_1_022.raw,22,myscript_google,yankee,0.0,0.0,/mnt/storage/traces/gtrace_v2_champsim_myscript/yankee/yankee.log,None,None,1,1,/mnt/storage/traces/gtrace_v2_champsim_myscript/yankee/yankee_0022.champsim.gz,0,0,True,
66.42,7.509,0.9601,3.933,1.067,0.6882,0.4382,0.4985,0.8839,cpu0_DTLB,DTLB,26648360,1.0,25818898,0.9689,829462,0.0311,8.2946,361378,0.0136,26648360,25818898,0.9689,829462,0.0311,8.2946,361378,0.0136,10.96,None,0.0,0,0,0,0,0.9689,25818898,829462,cpu0_ITLB,ITLB,11107739,1.0,11105893,0.9998,1846,0.0002,0.0185,1285,0.0001,11107739,11105893,0.9998,1846,0.0002,0.0185,1285,0.0001,17.89,None,0.0,0,0,0,0,0.9998,11105893,1846,cpu0_L1D,L1D,15279017,0.5383,13663882,0.8943,1615135,0.1057,16.1514,477477,0.0313,28383592,25267547,0.8902,3116045,0.1098,31.1605,1620251,0.0571,8248,0.0003,45,0.0055,8203,0.9945,0.082,77,0.0093,13096327,0.4614,11603620,0.886,1492707,0.114,14.9271,1142697,0.0873,157.8,None,0.0,0,0,0,0,0.8943,13663882,1615135,cpu0_L1I,L1I,13179075,1.0,9630355,0.7307,3548720,0.2693,35.4872,1382425,0.1049,13179075,9630355,0.7307,3548720,0.2693,35.4872,1382425,0.1049,25.96,None,0.0,0,0,0,0,0.7307,9630355,3548720,cpu0_L2C,L2C,3303939,0.7793,2795277,0.846,508662,0.154,5.0866,0,0.0,349994,0.0826,97324,0.2781,252670,0.7219,2.5267,0,0.0,4239455,3386647,0.7988,852808,0.2012,8.5281,0,0.0,8126,0.0019,1010,0.1243,7116,0.8757,0.0712,0,0.0,577396,0.1362,493036,0.8539,84360,0.1461,0.8436,0,0.0,310.1,None,0.0,0,0,0,0,0.7916,2892601,761332,LLC,LLC,508662,0.4477,36728,0.0722,471934,0.9278,4.7193,0,0.0,252670,0.2224,10345,0.0409,242325,0.9591,2.4232,0,0.0,1136176,102278,0.09,1033898,0.91,10.339,0,0.0,7116,0.0063,269,0.0378,6847,0.9622,0.0685,0,0.0,367728,0.3237,54936,0.1494,312792,0.8506,3.1279,0,0.0,246.3,None,0.0,0,0,0,0,0.0618,47073,714259,cpu0_STLB,STLB,468645,1.0,464925,0.9921,3720,0.0079,0.0372,0,0.0,468645,464925,0.9921,3720,0.0079,0.0372,0,0.0,750.6,None,0.0,0,0,0,0,0.9921,464925,3720,22,0,0.6126,163243853,100000000,,core,1,core.1.v1.,v1,,l1d,n,l1d.n.v1.,v1,,l1i,n,l1i.n.v1.,v1,,l2c,n,l2c.n.v1.,v1,,llc,1,llc.1.v1.,v1,,memory,1,memory.1.v2.,v2,,tlbs,n,tlbs.n.v1.,v1,22,1,tango_022_1_022.raw,22,myscript_google,tango,0.0,0.0,/mnt/storage/traces/gtrace_v2_champsim_myscript/tango/tango.log,100000000,100000000,1,1,/mnt/storage/traces/gtrace_v2_champsim_myscript/tango/tango_0022.champsim.gz,0,0,True,
62.58,8.07,0.9582,3.221,1.317,1.799,0.2695,0.3555,1.108,cpu0_DTLB,DTLB,26868050,1.0,25918121,0.9646,949929,0.0354,9.4993,384457,0.0143,26868050,25918121,0.9646,949929,0.0354,9.4993,384457,0.0143,5.35,None,0.0,0,0,0,0,0.9646,25918121,949929,cpu0_ITLB,ITLB,13141027,1.0,13141016,1.0,11,0.0,0.0001,4,0.0,13141027,13141016,1.0,11,0.0,0.0001,4,0.0,814.7,None,0.0,0,0,0,0,1.0,13141016,11,cpu0_L1D,L1D,15689863,0.545,13691564,0.8726,1998299,0.1274,19.983,502939,0.0321,28789161,25103310,0.872,3685851,0.128,36.8585,1704439,0.0592,411,0.0,1,0.0024,410,0.9976,0.0041,0,0.0,13098887,0.455,11411745,0.8712,1687142,0.1288,16.8714,1201500,0.0917,131.4,None,0.0,0,0,0,0,0.8726,13691564,1998299,cpu0_L1I,L1I,15956981,1.0,8317254,0.5212,7639727,0.4788,76.3973,3088311,0.1935,15956981,8317254,0.5212,7639727,0.4788,76.3973,3088311,0.1935,38.2,None,0.0,0,0,0,0,0.5212,8317254,7639727,cpu0_L2C,L2C,6046746,0.8166,5122536,0.8472,924210,0.1528,9.2421,0,0.0,485607,0.0656,239921,0.4941,245686,0.5059,2.4569,0,0.0,7404725,6130691,0.8279,1274034,0.1721,12.7403,0,0.0,410,0.0001,17,0.0415,393,0.9585,0.0039,0,0.0,871962,0.1178,768217,0.881,103745,0.119,1.0374,0,0.0,302.1,None,0.0,0,0,0,0,0.8209,5362457,1169896,LLC,LLC,924210,0.5716,86945,0.0941,837265,0.9059,8.3727,0,0.0,245686,0.1519,22433,0.0913,223253,0.9087,2.2325,0,0.0,1617021,203515,0.1259,1413506,0.8741,14.1351,0,0.0,393,0.0002,9,0.0229,384,0.9771,0.0038,0,0.0,446732,0.2763,94128,0.2107,352604,0.7893,3.526,0,0.0,261.1,None,0.0,0,0,0,0,0.0935,109378,1060518,cpu0_STLB,STLB,565479,1.0,565275,0.9996,204,0.0004,0.002,0,0.0,565479,565275,0.9996,204,0.0004,0.002,0,0.0,995.5,None,0.0,0,0,0,0,0.9996,565275,204,1,0,0.5027,198925354,100000000,,core,1,core.1.v1.,v1,,l1d,n,l1d.n.v1.,v1,,l1i,n,l1i.n.v1.,v1,,l2c,n,l2c.n.v1.,v1,,llc,1,llc.1.v1.,v1,,memory,1,memory.1.v2.,v2,,tlbs,n,tlbs.n.v1.,v1,1,1,sierra.a.6_001_1_001.raw,1,myscript_google,sierra.a.6,0.0,0.0,/mnt/storage/traces/gtrace_v2_champsim_myscript/sierra.a.6/sierra.a.6.log,100000000,100000000,1,1,/mnt/storage/traces/gtrace_v2_champsim_myscript/sierra.a.6/sierra.a.6_0001.champsim.gz,0,0,True,
31.98,9.815,0.9636,7.831,0.2822,0.8409,0.2497,0.3856,0.2262,cpu0_DTLB,DTLB,20308936,1.0,19104044,0.9407,1204892,0.0593,12.0489,111953,0.0055,20308936,19104044,0.9407,1204892,0.0593,12.0489,111953,0.0055,8.236,None,0.0,0,0,0,0,0.9407,19104044,1204892,cpu0_ITLB,ITLB,9992793,1.0,9992785,1.0,8,0.0,0.0001,2,0.0,9992793,9992785,1.0,8,0.0,0.0001,2,0.0,842.5,None,0.0,0,0,0,0,1.0,9992785,8,cpu0_L1D,L1D,15382278,0.7287,13000000,0.8451,2382278,0.1549,23.8228,425001,0.0276,21109289,17943198,0.85,3166091,0.15,31.6609,975780,0.0462,10859,0.0005,131,0.0121,10728,0.9879,0.1073,17,0.0016,5716152,0.2708,4943067,0.8648,773085,0.1352,7.7309,550762,0.0964,164.8,None,0.0,0,0,0,0,0.8451,13000000,2382278,cpu0_L1I,L1I,11986707,1.0,11156366,0.9307,830341,0.0693,8.3034,347295,0.029,11986707,11156366,0.9307,830341,0.0693,8.3034,347295,0.029,108.7,None,0.0,0,0,0,0,0.9307,11156366,830341,cpu0_L2C,L2C,2440321,0.7926,1824706,0.7477,615615,0.2523,6.1562,0,0.0,222316,0.0722,20713,0.0932,201603,0.9068,2.016,0,0.0,3078939,2169447,0.7046,909492,0.2954,9.0949,0,0.0,10711,0.0035,2232,0.2084,8479,0.7916,0.0848,0,0.0,405591,0.1317,321796,0.7934,83795,0.2066,0.8379,0,0.0,430.9,None,0.0,0,0,0,0,0.6931,1845419,817218,LLC,LLC,615615,0.5196,16590,0.0269,599025,0.9731,5.9902,0,0.0,201603,0.1702,1105,0.0055,200498,0.9945,2.005,0,0.0,1184730,35112,0.0296,1149618,0.9704,11.4962,0,0.0,8479,0.0072,113,0.0133,8366,0.9867,0.0837,0,0.0,359033,0.3031,17304,0.0482,341729,0.9518,3.4173,0,0.0,331.8,None,0.0,0,0,0,0,0.0217,17695,799523,cpu0_STLB,STLB,1092945,1.0,1087526,0.995,5419,0.005,0.0542,0,0.0,1092945,1087526,0.995,5419,0.005,0.0542,0,0.0,652.6,None,0.0,0,0,0,0,0.995,1087526,5419,3,0,0.5651,176950740,100000000,,core,1,core.1.v1.,v1,,l1d,n,l1d.n.v1.,v1,,l1i,n,l1i.n.v1.,v1,,l2c,n,l2c.n.v1.,v1,,llc,1,llc.1.v1.,v1,,memory,1,memory.1.v2.,v2,,tlbs,n,tlbs.n.v1.,v1,3,1,charlie_003_1_003.raw,3,myscript_google,charlie,0.0,0.0,/mnt/storage/traces/gtrace_v2_champsim_myscript/charlie/charlie.log,100000000,100000000,1,1,/mnt/storage/traces/gtrace_v2_champsim_myscript/charlie/charlie_0003.champsim.gz,0,0,True,
43.23,9.615,0.9446,6.436,1.009,0.9007,0.2827,0.3155,0.6709,cpu0_DTLB,DTLB,24158108,1.0,23517103,0.9735,641005,0.0265,6.4101,269346,0.0111,24158108,23517103,0.9735,641005,0.0265,6.4101,269346,0.0111,24.84,None,0.0,0,0,0,0,0.9735,23517103,641005,cpu0_ITLB,ITLB,9834467,1.0,9834453,1.0,14,0.0,0.0001,4,0.0,9834467,9834453,1.0,14,0.0,0.0001,4,0.0,946.9,None,0.0,0,0,0,0,1.0,9834453,14,cpu0_L1D,L1D,16103911,0.6326,14080822,0.8744,2023089,0.1256,20.2309,645513,0.0401,25456896,22105948,0.8684,3350948,0.1316,33.5095,1603054,0.063,25312,0.001,175,0.0069,25137,0.9931,0.2514,37,0.0015,9327673,0.3664,8024951,0.8603,1302722,0.1397,13.0272,957504,0.1027,181.3,None,0.0,0,0,0,0,0.8744,14080822,2023089,cpu0_L1I,L1I,12025724,1.0,9399733,0.7816,2625991,0.2184,26.2599,1053428,0.0876,12025724,9399733,0.7816,2625991,0.2184,26.2599,1053428,0.0876,105.6,None,0.0,0,0,0,0,0.7816,9399733,2625991,cpu0_L2C,L2C,2950129,0.7688,1855666,0.629,1094463,0.371,10.9446,0,0.0,345192,0.09,97680,0.283,247512,0.717,2.4751,0,0.0,3837354,2376991,0.6194,1460363,0.3806,14.6036,0,0.0,25100,0.0065,4711,0.1877,20389,0.8123,0.2039,0,0.0,516933,0.1347,418934,0.8104,97999,0.1896,0.98,0,0.0,312.7,None,0.0,0,0,0,0,0.5928,1953346,1341975,LLC,LLC,1094463,0.6473,55442,0.0507,1039021,0.9493,10.3902,0,0.0,247512,0.1464,6840,0.0276,240672,0.9724,2.4067,0,0.0,1690890,105593,0.0624,1585297,0.9376,15.853,0,0.0,20389,0.0121,730,0.0358,19659,0.9642,0.1966,0,0.0,328526,0.1943,42581,0.1296,285945,0.8704,2.8594,0,0.0,275.7,None,0.0,0,0,0,0,0.0464,62282,1279693,cpu0_STLB,STLB,371669,1.0,360347,0.9695,11322,0.0305,0.1132,0,0.0,371669,360347,0.9695,11322,0.0305,0.1132,0,0.0,651.1,None,0.0,0,0,0,0,0.9695,360347,11322,61,0,0.3873,258174774,100000000,,core,1,core.1.v1.,v1,,l1d,n,l1d.n.v1.,v1,,l1i,n,l1i.n.v1.,v1,,l2c,n,l2c.n.v1.,v1,,llc,1,llc.1.v1.,v1,,memory,1,memory.1.v2.,v2,,tlbs,n,tlbs.n.v1.,v1,61,1,merced_061_1_061.raw,61,myscript_google,merced,0.0,0.0,/mnt/storage/traces/gtrace_v2_champsim_myscript/merced/merced.log,None,None,1,1,/mnt/storage/traces/gtrace_v2_champsim_myscript/merced/merced_0061.champsim.gz,0,0,True,
44.73,9.834,0.947,5.709,1.504,0.864,0.4654,0.4704,0.8214,cpu0_DTLB,DTLB,26707040,1.0,26229350,0.9821,477690,0.0179,4.7769,205370,0.0077,26707040,26229350,0.9821,477690,0.0179,4.7769,205370,0.0077,8.396,None,0.0,0,0,0,0,0.9821,26229350,477690,cpu0_ITLB,ITLB,9299772,1.0,9299697,1.0,75,0.0,0.0008,19,0.0,9299772,9299697,1.0,75,0.0,0.0008,19,0.0,111.5,None,0.0,0,0,0,0,1.0,9299697,75,cpu0_L1D,L1D,16487383,0.5833,14897838,0.9036,1589545,0.0964,15.8955,469254,0.0285,28265666,24866561,0.8797,3399105,0.1203,33.9911,1821545,0.0644,2277,0.0001,10,0.0044,2267,0.9956,0.0227,0,0.0,11776006,0.4166,9968713,0.8465,1807293,0.1535,18.0729,1352291,0.1148,208.3,None,0.0,0,0,0,0,0.9036,14897838,1589545,cpu0_L1I,L1I,11227985,1.0,9045027,0.8056,2182958,0.1944,21.8296,824406,0.0734,11227985,9045027,0.8056,2182958,0.1944,21.8296,824406,0.0734,128.8,None,0.0,0,0,0,0,0.8056,9045027,2182958,cpu0_L2C,L2C,2478835,0.6951,1482802,0.5982,996033,0.4018,9.9603,0,0.0,454982,0.1276,107749,0.2368,347233,0.7632,3.4723,0,0.0,3566136,2101092,0.5892,1465044,0.4108,14.6504,0,0.0,2267,0.0006,180,0.0794,2087,0.9206,0.0209,0,0.0,630052,0.1767,510361,0.81,119691,0.19,1.1969,0,0.0,327.9,None,0.0,0,0,0,0,0.5421,1590551,1343266,LLC,LLC,996033,0.5566,147074,0.1477,848959,0.8523,8.4896,0,0.0,347233,0.194,14393,0.0415,332840,0.9585,3.3284,0,0.0,1789653,219729,0.1228,1569924,0.8772,15.6992,0,0.0,2087,0.0012,25,0.012,2062,0.988,0.0206,0,0.0,444300,0.2483,58237,0.1311,386063,0.8689,3.8606,0,0.0,294.3,None,0.0,0,0,0,0,0.1202,161467,1181799,cpu0_STLB,STLB,272376,1.0,271269,0.9959,1107,0.0041,0.0111,0,0.0,272376,271269,0.9959,1107,0.0041,0.0111,0,0.0,839.7,None,0.0,0,0,0,0,0.9959,271269,1107,81,0,0.4523,221104287,100000000,,core,1,core.1.v1.,v1,,l1d,n,l1d.n.v1.,v1,,l1i,n,l1i.n.v1.,v1,,l2c,n,l2c.n.v1.,v1,,llc,1,llc.1.v1.,v1,,memory,1,memory.1.v2.,v2,,tlbs,n,tlbs.n.v1.,v1,81,1,yankee_081_1_081.raw,81,myscript_google,yankee,0.0,0.0,/mnt/storage/traces/gtrace_v2_champsim_myscript/yankee/yankee.log,None,None,1,1,/mnt/storage/traces/gtrace_v2_champsim_myscript/yankee/yankee_0081.champsim.gz,0,0,True,
62.86,6.891,0.963,3.947,0.9257,0.6127,0.3409,0.302,0.7623,cpu0_DTLB,DTLB,25674006,1.0,25000049,0.9737,673957,0.0263,6.7396,314123,0.0122,25674006,25000049,0.9737,673957,0.0263,6.7396,314123,0.0122,17.91,None,0.0,0,0,0,0,0.9737,25000049,673957,cpu0_ITLB,ITLB,11282604,1.0,11281036,0.9999,1568,0.0001,0.0157,1076,0.0001,11282604,11281036,0.9999,1568,0.0001,0.0157,1076,0.0001,28.13,None,0.0,0,0,0,0,0.9999,11281036,1568,cpu0_L1D,L1D,14895286,0.5447,13303331,0.8931,1591955,0.1069,15.9195,575040,0.0386,27346007,24235499,0.8863,3110508,0.1137,31.1051,1728723,0.0632,14702,0.0005,185,0.0126,14517,0.9874,0.1452,120,0.0082,12436019,0.4548,10931983,0.8791,1504036,0.1209,15.0404,1153563,0.0928,179.6,None,0.0,0,0,0,0,0.8931,13303331,1591955,cpu0_L1I,L1I,13256226,1.0,10262516,0.7742,2993710,0.2258,29.9371,1162130,0.0877,13256226,10262516,0.7742,2993710,0.2258,29.9371,1162130,0.0877,35.79,None,0.0,0,0,0,0,0.7742,10262516,2993710,cpu0_L2C,L2C,2848483,0.7601,2281201,0.8008,567282,0.1992,5.6728,0,0.0,350443,0.0935,89035,0.2541,261408,0.7459,2.6141,0,0.0,3747690,2817386,0.7518,930304,0.2482,9.303,0,0.0,14397,0.0038,2495,0.1733,11902,0.8267,0.119,0,0.0,534367,0.1426,444655,0.8321,89712,0.1679,0.8971,0,0.0,310.8,None,0.0,0,0,0,0,0.7409,2370236,828690,LLC,LLC,567282,0.4731,46362,0.0817,520920,0.9183,5.2092,0,0.0,261408,0.218,8535,0.0327,252873,0.9673,2.5287,0,0.0,1199116,106553,0.0889,1092563,0.9111,10.9256,0,0.0,11902,0.0099,414,0.0348,11488,0.9652,0.1149,0,0.0,358524,0.299,51242,0.1429,307282,0.8571,3.0728,0,0.0,254.6,None,0.0,0,0,0,0,0.0662,54897,773793,cpu0_STLB,STLB,360326,1.0,353483,0.981,6843,0.019,0.0684,0,0.0,360326,353483,0.981,6843,0.019,0.0684,0,0.0,679.3,None,0.0,0,0,0,0,0.981,353483,6843,50,0,0.5944,168224925,100000004,,core,1,core.1.v1.,v1,,l1d,n,l1d.n.v1.,v1,,l1i,n,l1i.n.v1.,v1,,l2c,n,l2c.n.v1.,v1,,llc,1,llc.1.v1.,v1,,memory,1,memory.1.v2.,v2,,tlbs,n,tlbs.n.v1.,v1,50,1,tango_050_1_050.raw,50,myscript_google,tango,0.0,0.0,/mnt/storage/traces/gtrace_v2_champsim_myscript/tango/tango.log,100000000,100000000,1,1,/mnt/storage/traces/gtrace_v2_champsim_myscript/tango/tango_0050.champsim.gz,0,0,True,
49.48,7.857,0.9595,4.276,1.019,0.7873,0.3842,0.4338,0.9577,cpu0_DTLB,DTLB,25943516,1.0,25459829,0.9814,483687,0.0186,4.8369,205687,0.0079,25943516,25459829,0.9814,483687,0.0186,4.8369,205687,0.0079,14.77,None,0.0,0,0,0,0,0.9814,25459829,483687,cpu0_ITLB,ITLB,10743726,1.0,10743549,1.0,177,0.0,0.0018,36,0.0,10743726,10743549,1.0,177,0.0,0.0018,36,0.0,202.4,None,0.0,0,0,0,0,1.0,10743549,177,cpu0_L1D,L1D,16401133,0.59,14809460,0.903,1591673,0.097,15.9167,496684,0.0303,27800669,25011576,0.8997,2789093,0.1003,27.8909,1359769,0.0489,7449,0.0003,67,0.009,7382,0.991,0.0738,13,0.0017,11392087,0.4098,10202049,0.8955,1190038,0.1045,11.9004,863072,0.0758,202.5,None,0.0,0,0,0,0,0.903,14809460,1591673,cpu0_L1I,L1I,12745463,1.0,10070839,0.7902,2674624,0.2098,26.7462,969905,0.0761,12745463,10070839,0.7902,2674624,0.2098,26.7462,969905,0.0761,66.85,None,0.0,0,0,0,0,0.7902,10070839,2674624,cpu0_L2C,L2C,2799694,0.774,1915019,0.684,884675,0.316,8.8467,0,0.0,326948,0.0904,82772,0.2532,244176,0.7468,2.4418,0,0.0,3617264,2390393,0.6608,1226871,0.3392,12.2687,0,0.0,7369,0.002,1270,0.1723,6099,0.8277,0.061,0,0.0,483253,0.1336,391332,0.8098,91921,0.1902,0.9192,0,0.0,309.0,None,0.0,0,0,0,0,0.639,1997791,1128851,LLC,LLC,884675,0.607,81651,0.0923,803024,0.9077,8.0302,0,0.0,244176,0.1675,10023,0.041,234153,0.959,2.3415,0,0.0,1457446,140825,0.0966,1316621,0.9034,13.1662,0,0.0,6099,0.0042,75,0.0123,6024,0.9877,0.0602,0,0.0,322496,0.2213,49076,0.1522,273420,0.8478,2.7342,0,0.0,275.8,None,0.0,0,0,0,0,0.0812,91674,1037177,cpu0_STLB,STLB,278141,1.0,274808,0.988,3333,0.012,0.0333,0,0.0,278141,274808,0.988,3333,0.012,0.0333,0,0.0,822.2,None,0.0,0,0,0,0,0.988,274808,3333,39,0,0.5073,197108940,100000002,,core,1,core.1.v1.,v1,,l1d,n,l1d.n.v1.,v1,,l1i,n,l1i.n.v1.,v1,,l2c,n,l2c.n.v1.,v1,,llc,1,llc.1.v1.,v1,,memory,1,memory.1.v2.,v2,,tlbs,n,tlbs.n.v1.,v1,39,1,tahoe_039_1_039.raw,39,myscript_google,tahoe,0.0,0.0,/mnt/storage/traces/gtrace_v2_champsim_myscript/tahoe/tahoe.log,100000000,100000000,1,1,/mnt/storage/traces/gtrace_v2_champsim_myscript/tahoe/tahoe_0039.champsim.gz,0,0,True,
44.83,9.044,0.9492,6.362,0.7297,0.9664,0.2513,0.243,0.4918,cpu0_DTLB,DTLB,22427057,1.0,21925566,0.9776,501491,0.0224,5.0149,210985,0.0094,22427057,21925566,0.9776,501491,0.0224,5.0149,210985,0.0094,26.61,None,0.0,0,0,0,0,0.9776,21925566,501491,cpu0_ITLB,ITLB,9481284,1.0,9481267,1.0,17,0.0,0.0002,10,0.0,9481284,9481267,1.0,17,0.0,0.0002,10,0.0,919.6,None,0.0,0,0,0,0,1.0,9481267,17,cpu0_L1D,L1D,15035159,0.6366,13347245,0.8877,1687914,0.1123,16.8791,523315,0.0348,23618232,20743525,0.8783,2874707,0.1217,28.7471,1385909,0.0587,19461,0.0008,165,0.0085,19296,0.9915,0.193,10,0.0005,8563612,0.3626,7396115,0.8637,1167497,0.1363,11.675,862584,0.1007,171.5,None,0.0,0,0,0,0,0.8877,13347245,1687914,cpu0_L1I,L1I,11402921,1.0,9429510,0.8269,1973411,0.1731,19.7341,796130,0.0698,11402921,9429510,0.8269,1973411,0.1731,19.7341,796130,0.0698,95.52,None,0.0,0,0,0,0,0.8269,9429510,1973411,cpu0_L2C,L2C,2341855,0.7499,1520200,0.6491,821655,0.3509,8.2165,0,0.0,304880,0.0976,89987,0.2952,214893,0.7048,2.1489,0,0.0,3122974,1993042,0.6382,1129932,0.3618,11.2993,0,0.0,19286,0.0062,3868,0.2006,15418,0.7994,0.1542,0,0.0,456953,0.1463,378987,0.8294,77966,0.1706,0.7797,0,0.0,306.8,None,0.0,0,0,0,0,0.6084,1610187,1036548,LLC,LLC,821655,0.6182,69139,0.0841,752516,0.9159,7.5252,0,0.0,214893,0.1617,8229,0.0383,206664,0.9617,2.0666,0,0.0,1329048,117475,0.0884,1211573,0.9116,12.1157,0,0.0,15418,0.0116,451,0.0293,14967,0.9707,0.1497,0,0.0,277082,0.2085,39656,0.1431,237426,0.8569,2.3743,0,0.0,273.8,None,0.0,0,0,0,0,0.0746,77368,959180,cpu0_STLB,STLB,290513,1.0,281769,0.9699,8744,0.0301,0.0874,0,0.0,290513,281769,0.9699,8744,0.0301,0.0874,0,0.0,717.6,None,0.0,0,0,0,0,0.9699,281769,8744,24,0,0.4894,204320786,100000000,,core,1,core.1.v1.,v1,,l1d,n,l1d.n.v1.,v1,,l1i,n,l1i.n.v1.,v1,,l2c,n,l2c.n.v1.,v1,,llc,1,llc.1.v1.,v1,,memory,1,memory.1.v2.,v2,,tlbs,n,tlbs.n.v1.,v1,24,1,merced_024_1_024.raw,24,myscript_google,merced,0.0,0.0,/mnt/storage/traces/gtrace_v2_champsim_myscript/merced/merced.log,None,None,1,1,/mnt/storage/traces/gtrace_v2_champsim_myscript/merced/merced_0024.champsim.gz,0,0,True,
43.01,10.62,0.9425,6.32,1.551,0.9757,0.47,0.4525,0.8554,cpu0_DTLB,DTLB,26704853,1.0,26213500,0.9816,491353,0.0184,4.9135,208184,0.0078,26704853,26213500,0.9816,491353,0.0184,4.9135,208184,0.0078,8.651,None,0.0,0,0,0,0,0.9816,26213500,491353,cpu0_ITLB,ITLB,8981007,1.0,8980916,1.0,91,0.0,0.0009,39,0.0,8981007,8980916,1.0,91,0.0,0.0009,39,0.0,213.2,None,0.0,0,0,0,0,1.0,8980916,91,cpu0_L1D,L1D,16610036,0.5881,15032104,0.905,1577932,0.095,15.7793,451771,0.0272,28244343,25032156,0.8863,3212187,0.1137,32.1219,1657096,0.0587,2853,0.0001,22,0.0077,2831,0.9923,0.0283,3,0.0011,11631454,0.4118,10000030,0.8597,1631424,0.1403,16.3142,1205322,0.1036,197.6,None,0.0,0,0,0,0,0.905,15032104,1577932,cpu0_L1I,L1I,10865960,1.0,8834155,0.813,2031805,0.187,20.318,756440,0.0696,10865960,8834155,0.813,2031805,0.187,20.318,756440,0.0696,122.8,None,0.0,0,0,0,0,0.813,8834155,2031805,cpu0_L2C,L2C,2401513,0.7028,1478568,0.6157,922945,0.3843,9.2294,0,0.0,426074,0.1247,103690,0.2434,322384,0.7566,3.2238,0,0.0,3417284,2059216,0.6026,1358068,0.3974,13.5807,0,0.0,2828,0.0008,279,0.0987,2549,0.9013,0.0255,0,0.0,586869,0.1717,476679,0.8122,110190,0.1878,1.1019,0,0.0,325.1,None,0.0,0,0,0,0,0.5596,1582258,1245329,LLC,LLC,922945,0.5586,120817,0.1309,802128,0.8691,8.0213,0,0.0,322384,0.1951,13679,0.0424,308705,0.9576,3.087,0,0.0,1652262,187091,0.1132,1465171,0.8868,14.6517,0,0.0,2549,0.0015,18,0.0071,2531,0.9929,0.0253,0,0.0,404384,0.2447,52577,0.13,351807,0.87,3.5181,0,0.0,289.7,None,0.0,0,0,0,0,0.108,134496,1110833,cpu0_STLB,STLB,283221,1.0,281905,0.9954,1316,0.0046,0.0132,0,0.0,283221,281905,0.9954,1316,0.0046,0.0132,0,0.0,792.8,None,0.0,0,0,0,0,0.9954,281905,1316,24,0,0.4652,214938760,100000002,,core,1,core.1.v1.,v1,,l1d,n,l1d.n.v1.,v1,,l1i,n,l1i.n.v1.,v1,,l2c,n,l2c.n.v1.,v1,,llc,1,llc.1.v1.,v1,,memory,1,memory.1.v2.,v2,,tlbs,n,tlbs.n.v1.,v1,24,1,yankee_024_1_024.raw,24,myscript_google,yankee,0.0,0.0,/mnt/storage/traces/gtrace_v2_champsim_myscript/yankee/yankee.log,None,None,1,1,/mnt/storage/traces/gtrace_v2_champsim_myscript/yankee/yankee_0024.champsim.gz,0,0,True,
45.56,9.233,0.9468,6.64,0.5169,1.158,0.3379,0.2196,0.3604,cpu0_DTLB,DTLB,21537720,1.0,21117653,0.9805,420067,0.0195,4.2007,175369,0.0081,21537720,21117653,0.9805,420067,0.0195,4.2007,175369,0.0081,24.05,None,0.0,0,0,0,0,0.9805,21117653,420067,cpu0_ITLB,ITLB,9284260,1.0,9284236,1.0,24,0.0,0.0002,10,0.0,9284260,9284236,1.0,24,0.0,0.0002,10,0.0,937.4,None,0.0,0,0,0,0,1.0,9284236,24,cpu0_L1D,L1D,14610499,0.6428,13317904,0.9115,1292595,0.0885,12.9259,412708,0.0282,22731041,20576861,0.9052,2154180,0.0948,21.5418,1044981,0.046,13717,0.0006,105,0.0077,13612,0.9923,0.1361,10,0.0007,8106825,0.3566,7258852,0.8954,847973,0.1046,8.4797,632263,0.078,176.6,None,0.0,0,0,0,0,0.9115,13317904,1292595,cpu0_L1I,L1I,11300435,1.0,9837935,0.8706,1462500,0.1294,14.625,584442,0.0517,11300435,9837935,0.8706,1462500,0.1294,14.625,584442,0.0517,95.08,None,0.0,0,0,0,0,0.8706,9837935,1462500,cpu0_L2C,L2C,1757931,0.7597,1111347,0.6322,646584,0.3678,6.4658,0,0.0,215697,0.0932,58399,0.2707,157298,0.7293,1.573,0,0.0,2313958,1442434,0.6234,871524,0.3766,8.7152,0,0.0,13602,0.0059,2612,0.192,10990,0.808,0.1099,0,0.0,326728,0.1412,270076,0.8266,56652,0.1734,0.5665,0,0.0,302.5,None,0.0,0,0,0,0,0.5927,1169746,803882,LLC,LLC,646584,0.6386,43767,0.0677,602817,0.9323,6.0282,0,0.0,157298,0.1554,4745,0.0302,152553,0.9698,1.5255,0,0.0,1012484,75788,0.0749,936696,0.9251,9.367,0,0.0,10990,0.0109,225,0.0205,10765,0.9795,0.1076,0,0.0,197612,0.1952,27051,0.1369,170561,0.8631,1.7056,0,0.0,269.0,None,0.0,0,0,0,0,0.0603,48512,755370,cpu0_STLB,STLB,244713,1.0,238617,0.9751,6096,0.0249,0.061,0,0.0,244713,238617,0.9751,6096,0.0249,0.061,0,0.0,765.8,None,0.0,0,0,0,0,0.9751,238617,6096,38,0,0.5765,173456596,100000003,,core,1,core.1.v1.,v1,,l1d,n,l1d.n.v1.,v1,,l1i,n,l1i.n.v1.,v1,,l2c,n,l2c.n.v1.,v1,,llc,1,llc.1.v1.,v1,,memory,1,memory.1.v2.,v2,,tlbs,n,tlbs.n.v1.,v1,38,1,merced_038_1_038.raw,38,myscript_google,merced,0.0,0.0,/mnt/storage/traces/gtrace_v2_champsim_myscript/merced/merced.log,None,None,1,1,/mnt/storage/traces/gtrace_v2_champsim_myscript/merced/merced_0038.champsim.gz,0,0,True,
42.64,10.69,0.9428,6.351,1.562,0.999,0.4494,0.4779,0.8505,cpu0_DTLB,DTLB,26686350,1.0,26205516,0.982,480834,0.018,4.8083,203429,0.0076,26686350,26205516,0.982,480834,0.018,4.8083,203429,0.0076,7.7,None,0.0,0,0,0,0,0.982,26205516,480834,cpu0_ITLB,ITLB,8758218,1.0,8758148,1.0,70,0.0,0.0007,21,0.0,8758218,8758148,1.0,70,0.0,0.0007,21,0.0,206.6,None,0.0,0,0,0,0,1.0,8758148,70,cpu0_L1D,L1D,16772407,0.5948,15233266,0.9082,1539141,0.0918,15.3914,451794,0.0269,28200042,25040646,0.888,3159396,0.112,31.594,1660973,0.0589,1724,0.0001,2,0.0012,1722,0.9988,0.0172,1,0.0006,11425911,0.4052,9807378,0.8583,1618533,0.1417,16.1853,1209178,0.1058,189.2,None,0.0,0,0,0,0,0.9082,15233266,1539141,cpu0_L1I,L1I,10566649,1.0,8494750,0.8039,2071899,0.1961,20.719,772190,0.0731,10566649,8494750,0.8039,2071899,0.1961,20.719,772190,0.0731,128.9,None,0.0,0,0,0,0,0.8039,8494750,2071899,cpu0_L2C,L2C,2387041,0.7081,1441107,0.6037,945934,0.3963,9.4593,0,0.0,409329,0.1214,102503,0.2504,306826,0.7496,3.0683,0,0.0,3371137,2006726,0.5953,1364411,0.4047,13.6441,0,0.0,1721,0.0005,95,0.0552,1626,0.9448,0.0163,0,0.0,573046,0.17,463021,0.808,110025,0.192,1.1002,0,0.0,314.3,None,0.0,0,0,0,0,0.552,1543610,1252760,LLC,LLC,945934,0.575,146552,0.1549,799382,0.8451,7.9938,0,0.0,306826,0.1865,11269,0.0367,295557,0.9633,2.9556,0,0.0,1645227,208179,0.1265,1437048,0.8735,14.3705,0,0.0,1626,0.001,8,0.0049,1618,0.9951,0.0162,0,0.0,390841,0.2376,50350,0.1288,340491,0.8712,3.4049,0,0.0,286.4,None,0.0,0,0,0,0,0.126,157821,1094939,cpu0_STLB,STLB,277454,1.0,276617,0.997,837,0.003,0.0084,0,0.0,277454,276617,0.997,837,0.003,0.0084,0,0.0,905.4,None,0.0,0,0,0,0,0.997,276617,837,42,0,0.4775,209437487,100000004,,core,1,core.1.v1.,v1,,l1d,n,l1d.n.v1.,v1,,l1i,n,l1i.n.v1.,v1,,l2c,n,l2c.n.v1.,v1,,llc,1,llc.1.v1.,v1,,memory,1,memory.1.v2.,v2,,tlbs,n,tlbs.n.v1.,v1,42,1,yankee_042_1_042.raw,42,myscript_google,yankee,0.0,0.0,/mnt/storage/traces/gtrace_v2_champsim_myscript/yankee/yankee.log,None,None,1,1,/mnt/storage/traces/gtrace_v2_champsim_myscript/yankee/yankee_0042.champsim.gz,0,0,True,
42.93,10.4,0.9432,5.944,1.645,0.9142,0.4828,0.493,0.9238,cpu0_DTLB,DTLB,26982185,1.0,26497673,0.982,484512,0.018,4.8451,203755,0.0076,26982185,26497673,0.982,484512,0.018,4.8451,203755,0.0076,9.264,None,0.0,0,0,0,0,0.982,26497673,484512,cpu0_ITLB,ITLB,9449776,1.0,9449674,1.0,102,0.0,0.001,48,0.0,9449776,9449674,1.0,102,0.0,0.001,48,0.0,162.1,None,0.0,0,0,0,0,1.0,9449674,102,cpu0_L1D,L1D,16760461,0.5875,15078810,0.8997,1681651,0.1003,16.8165,508998,0.0304,28530312,25086939,0.8793,3443373,0.1207,34.4337,1821741,0.0639,2904,0.0001,28,0.0096,2876,0.9904,0.0288,0,0.0,11766947,0.4124,10008101,0.8505,1758846,0.1495,17.5885,1312743,0.1116,206.4,None,0.0,0,0,0,0,0.8997,15078810,1681651,cpu0_L1I,L1I,11386838,1.0,9205057,0.8084,2181781,0.1916,21.8178,813063,0.0714,11386838,9205057,0.8084,2181781,0.1916,21.8178,813063,0.0714,121.7,None,0.0,0,0,0,0,0.8084,9205057,2181781,cpu0_L2C,L2C,2541358,0.7054,1547273,0.6088,994085,0.3912,9.9408,0,0.0,446071,0.1238,103855,0.2328,342216,0.7672,3.4222,0,0.0,3602575,2143932,0.5951,1458643,0.4049,14.5864,0,0.0,2876,0.0008,201,0.0699,2675,0.9301,0.0267,0,0.0,612270,0.17,492603,0.8046,119667,0.1954,1.1967,0,0.0,327.4,None,0.0,0,0,0,0,0.5527,1651128,1336301,LLC,LLC,994085,0.5627,147239,0.1481,846846,0.8519,8.4685,0,0.0,342216,0.1937,8865,0.0259,333351,0.9741,3.3335,0,0.0,1766557,204241,0.1156,1562316,0.8844,15.6232,0,0.0,2675,0.0015,22,0.0082,2653,0.9918,0.0265,0,0.0,427581,0.242,48115,0.1125,379466,0.8875,3.7947,0,0.0,294.0,None,0.0,0,0,0,0,0.1168,156104,1180197,cpu0_STLB,STLB,280811,1.0,279469,0.9952,1342,0.0048,0.0134,0,0.0,280811,279469,0.9952,1342,0.0048,0.0134,0,0.0,897.2,None,0.0,0,0,0,0,0.9952,279469,1342,65,0,0.4445,224992700,100000000,,core,1,core.1.v1.,v1,,l1d,n,l1d.n.v1.,v1,,l1i,n,l1i.n.v1.,v1,,l2c,n,l2c.n.v1.,v1,,llc,1,llc.1.v1.,v1,,memory,1,memory.1.v2.,v2,,tlbs,n,tlbs.n.v1.,v1,65,1,yankee_065_1_065.raw,65,myscript_google,yankee,0.0,0.0,/mnt/storage/traces/gtrace_v2_champsim_myscript/yankee/yankee.log,None,None,1,1,/mnt/storage/traces/gtrace_v2_champsim_myscript/yankee/yankee_0065.champsim.gz,0,0,True,
46.18,9.388,0.9462,5.614,1.41,0.7698,0.4328,0.4139,0.748,cpu0_DTLB,DTLB,26436844,1.0,25986398,0.983,450446,0.017,4.5045,193823,0.0073,26436844,25986398,0.983,450446,0.017,4.5045,193823,0.0073,8.84,None,0.0,0,0,0,0,0.983,25986398,450446,cpu0_ITLB,ITLB,9283635,1.0,9283592,1.0,43,0.0,0.0004,7,0.0,9283635,9283592,1.0,43,0.0,0.0004,7,0.0,154.1,None,0.0,0,0,0,0,1.0,9283592,43,cpu0_L1D,L1D,16122909,0.5706,14678035,0.9104,1444874,0.0896,14.4487,407395,0.0253,28256530,25186593,0.8914,3069937,0.1086,30.6994,1615329,0.0572,2427,0.0001,8,0.0033,2419,0.9967,0.0242,5,0.0021,12131194,0.4293,10508550,0.8662,1622644,0.1338,16.2264,1207929,0.0996,192.7,None,0.0,0,0,0,0,0.9104,14678035,1444874,cpu0_L1I,L1I,11169252,1.0,9215398,0.8251,1953854,0.1749,19.5385,737860,0.0661,11169252,9215398,0.8251,1953854,0.1749,19.5385,737860,0.0661,109.8,None,0.0,0,0,0,0,0.8251,9215398,1953854,cpu0_L2C,L2C,2253464,0.6956,1368306,0.6072,885158,0.3928,8.8516,0,0.0,414678,0.128,105329,0.254,309349,0.746,3.0935,0,0.0,3239746,1938037,0.5982,1301709,0.4018,13.0171,0,0.0,2414,0.0007,172,0.0713,2242,0.9287,0.0224,0,0.0,569190,0.1757,464230,0.8156,104960,0.1844,1.0496,0,0.0,301.6,None,0.0,0,0,0,0,0.5523,1473635,1194507,LLC,LLC,885158,0.5588,220076,0.2486,665082,0.7514,6.6508,0,0.0,309349,0.1953,12645,0.0409,296704,0.9591,2.967,0,0.0,1583913,280435,0.1771,1303478,0.8229,13.0348,0,0.0,2242,0.0014,10,0.0045,2232,0.9955,0.0223,0,0.0,387164,0.2444,47704,0.1232,339460,0.8768,3.3946,0,0.0,288.7,None,0.0,0,0,0,0,0.1948,232721,961786,cpu0_STLB,STLB,256659,1.0,255491,0.9954,1168,0.0046,0.0117,0,0.0,256659,255491,0.9954,1168,0.0046,0.0117,0,0.0,847.1,None,0.0,0,0,0,0,0.9954,255491,1168,41,0,0.5311,188278016,100000002,,core,1,core.1.v1.,v1,,l1d,n,l1d.n.v1.,v1,,l1i,n,l1i.n.v1.,v1,,l2c,n,l2c.n.v1.,v1,,llc,1,llc.1.v1.,v1,,memory,1,memory.1.v2.,v2,,tlbs,n,tlbs.n.v1.,v1,41,1,yankee_041_1_041.raw,41,myscript_google,yankee,0.0,0.0,/mnt/storage/traces/gtrace_v2_champsim_myscript/yankee/yankee.log,None,None,1,1,/mnt/storage/traces/gtrace_v2_champsim_myscript/yankee/yankee_0041.champsim.gz,0,0,True,
46.81,8.621,0.9506,6.213,0.5692,0.9661,0.2578,0.2193,0.3953,cpu0_DTLB,DTLB,22356377,1.0,21874727,0.9785,481650,0.0215,4.8165,200217,0.009,22356377,21874727,0.9785,481650,0.0215,4.8165,200217,0.009,26.42,None,0.0,0,0,0,0,0.9785,21874727,481650,cpu0_ITLB,ITLB,9354700,1.0,9354695,1.0,5,0.0,0.0,2,0.0,9354700,9354695,1.0,5,0.0,0.0,2,0.0,1364.0,None,0.0,0,0,0,0,1.0,9354695,5,cpu0_L1D,L1D,15120713,0.6435,13380702,0.8849,1740011,0.1151,17.4001,569573,0.0377,23497092,20617355,0.8774,2879737,0.1226,28.7974,1405643,0.0598,18937,0.0008,149,0.0079,18788,0.9921,0.1879,25,0.0013,8357442,0.3557,7236504,0.8659,1120938,0.1341,11.2094,836045,0.1,162.2,None,0.0,0,0,0,0,0.8849,13380702,1740011,cpu0_L1I,L1I,11254910,1.0,9729989,0.8645,1524921,0.1355,15.2492,611584,0.0543,11254910,9729989,0.8645,1524921,0.1355,15.2492,611584,0.0543,107.7,None,0.0,0,0,0,0,0.8645,9729989,1524921,cpu0_L2C,L2C,2083753,0.7436,1384315,0.6643,699438,0.3357,6.9944,0,0.0,284866,0.1017,81353,0.2856,203513,0.7144,2.0351,0,0.0,2802133,1811723,0.6466,990410,0.3534,9.9041,0,0.0,18763,0.0067,3944,0.2102,14819,0.7898,0.1482,0,0.0,414751,0.148,342111,0.8249,72640,0.1751,0.7264,0,0.0,321.5,None,0.0,0,0,0,0,0.6188,1465668,902951,LLC,LLC,699438,0.5959,34679,0.0496,664759,0.9504,6.6476,0,0.0,203513,0.1734,7367,0.0362,196146,0.9638,1.9615,0,0.0,1173760,74664,0.0636,1099096,0.9364,10.991,0,0.0,14819,0.0126,446,0.0301,14373,0.9699,0.1437,0,0.0,255990,0.2181,32172,0.1257,223818,0.8743,2.2382,0,0.0,278.0,None,0.0,0,0,0,0,0.0466,42046,860905,cpu0_STLB,STLB,281436,1.0,273026,0.9701,8410,0.0299,0.0841,0,0.0,281436,273026,0.9701,8410,0.0299,0.0841,0,0.0,716.3,None,0.0,0,0,0,0,0.9701,273026,8410,46,0,0.5301,188651036,100000001,,core,1,core.1.v1.,v1,,l1d,n,l1d.n.v1.,v1,,l1i,n,l1i.n.v1.,v1,,l2c,n,l2c.n.v1.,v1,,llc,1,llc.1.v1.,v1,,memory,1,memory.1.v2.,v2,,tlbs,n,tlbs.n.v1.,v1,46,1,merced_046_1_046.raw,46,myscript_google,merced,0.0,0.0,/mnt/storage/traces/gtrace_v2_champsim_myscript/merced/merced.log,None,None,1,1,/mnt/storage/traces/gtrace_v2_champsim_myscript/merced/merced_0046.champsim.gz,0,0,True,
44.56,9.662,0.9432,7.069,0.6126,1.162,0.1991,0.2048,0.4149,cpu0_DTLB,DTLB,21797141,1.0,21345738,0.9793,451403,0.0207,4.514,189250,0.0087,21797141,21345738,0.9793,451403,0.0207,4.514,189250,0.0087,26.45,None,0.0,0,0,0,0,0.9793,21345738,451403,cpu0_ITLB,ITLB,8974400,1.0,8974391,1.0,9,0.0,0.0001,7,0.0,8974400,8974391,1.0,9,0.0,0.0001,7,0.0,1150.0,None,0.0,0,0,0,0,1.0,8974391,9,cpu0_L1D,L1D,15142560,0.663,13436237,0.8873,1706323,0.1127,17.0632,544070,0.0359,22839318,20127416,0.8813,2711902,0.1187,27.119,1268895,0.0556,16697,0.0007,128,0.0077,16569,0.9923,0.1657,21,0.0013,7680061,0.3363,6691051,0.8712,989010,0.1288,9.8901,724804,0.0944,163.1,None,0.0,0,0,0,0,0.8873,13436237,1706323,cpu0_L1I,L1I,10734912,1.0,9041324,0.8422,1693588,0.1578,16.9359,687284,0.064,10734912,9041324,0.8422,1693588,0.1578,16.9359,687284,0.064,98.59,None,0.0,0,0,0,0,0.8422,9041324,1693588,cpu0_L2C,L2C,2168541,0.7627,1400570,0.6459,767971,0.3541,7.6797,0,0.0,264181,0.0929,82612,0.3127,181569,0.6873,1.8157,0,0.0,2843319,1813451,0.6378,1029868,0.3622,10.2987,0,0.0,16548,0.0058,3191,0.1928,13357,0.8072,0.1336,0,0.0,394049,0.1386,327078,0.83,66971,0.17,0.6697,0,0.0,306.0,None,0.0,0,0,0,0,0.6097,1483182,949540,LLC,LLC,767971,0.6432,36077,0.047,731894,0.953,7.3189,0,0.0,181569,0.1521,8126,0.0448,173443,0.9552,1.7344,0,0.0,1193954,77561,0.065,1116393,0.935,11.1639,0,0.0,13357,0.0112,301,0.0225,13056,0.9775,0.1306,0,0.0,231057,0.1935,33057,0.1431,198000,0.8569,1.98,0,0.0,269.9,None,0.0,0,0,0,0,0.0466,44203,905337,cpu0_STLB,STLB,262155,1.0,254760,0.9718,7395,0.0282,0.0739,0,0.0,262155,254760,0.9718,7395,0.0282,0.0739,0,0.0,759.8,None,0.0,0,0,0,0,0.9718,254760,7395,2,0,0.4925,203039788,100000002,,core,1,core.1.v1.,v1,,l1d,n,l1d.n.v1.,v1,,l1i,n,l1i.n.v1.,v1,,l2c,n,l2c.n.v1.,v1,,llc,1,llc.1.v1.,v1,,memory,1,memory.1.v2.,v2,,tlbs,n,tlbs.n.v1.,v1,2,1,merced_002_1_002.raw,2,myscript_google,merced,0.0,0.0,/mnt/storage/traces/gtrace_v2_champsim_myscript/merced/merced.log,None,None,1,1,/mnt/storage/traces/gtrace_v2_champsim_myscript/merced/merced_0002.champsim.gz,0,0,True,
41.9,9.979,0.9415,6.64,1.004,1.03,0.2998,0.3388,0.6665,cpu0_DTLB,DTLB,24098725,1.0,23679225,0.9826,419500,0.0174,4.195,175915,0.0073,24098725,23679225,0.9826,419500,0.0174,4.195,175915,0.0073,22.33,None,0.0,0,0,0,0,0.9826,23679225,419500,cpu0_ITLB,ITLB,9389278,1.0,9389276,1.0,2,0.0,0.0,0,0.0,9389278,9389276,1.0,2,0.0,0.0,0,0.0,989.0,None,0.0,0,0,0,0,1.0,9389276,2,cpu0_L1D,L1D,16085720,0.6334,14366677,0.8931,1719043,0.1069,17.1904,512420,0.0319,25397140,22219180,0.8749,3177960,0.1251,31.7796,1593367,0.0627,13410,0.0005,104,0.0078,13306,0.9922,0.1331,10,0.0007,9298010,0.3661,7852399,0.8445,1445611,0.1555,14.4561,1080937,0.1163,217.3,None,0.0,0,0,0,0,0.8931,14366677,1719043,cpu0_L1I,L1I,11278922,1.0,9322142,0.8265,1956780,0.1735,19.5678,754854,0.0669,11278922,9322142,0.8265,1956780,0.1735,19.5678,754854,0.0669,129.9,None,0.0,0,0,0,0,0.8265,9322142,1956780,cpu0_L2C,L2C,2408538,0.728,1382128,0.5738,1026410,0.4262,10.2641,0,0.0,364660,0.1102,84154,0.2308,280506,0.7692,2.8051,0,0.0,3308294,1887569,0.5706,1420725,0.4294,14.2073,0,0.0,13296,0.004,1924,0.1447,11372,0.8553,0.1137,0,0.0,521800,0.1577,419363,0.8037,102437,0.1963,1.0244,0,0.0,336.6,None,0.0,0,0,0,0,0.5287,1466282,1306916,LLC,LLC,1026410,0.6166,81092,0.079,945318,0.921,9.4532,0,0.0,280506,0.1685,9434,0.0336,271072,0.9664,2.7107,0,0.0,1664726,133030,0.0799,1531696,0.9201,15.317,0,0.0,11372,0.0068,145,0.0128,11227,0.9872,0.1123,0,0.0,346438,0.2081,42359,0.1223,304079,0.8777,3.0408,0,0.0,300.0,None,0.0,0,0,0,0,0.0693,90526,1216390,cpu0_STLB,STLB,243587,1.0,237553,0.9752,6034,0.0248,0.0603,0,0.0,243587,237553,0.9752,6034,0.0248,0.0603,0,0.0,698.9,None,0.0,0,0,0,0,0.9752,237553,6034,49,0,0.4238,235970784,100000000,,core,1,core.1.v1.,v1,,l1d,n,l1d.n.v1.,v1,,l1i,n,l1i.n.v1.,v1,,l2c,n,l2c.n.v1.,v1,,llc,1,llc.1.v1.,v1,,memory,1,memory.1.v2.,v2,,tlbs,n,tlbs.n.v1.,v1,49,1,merced_049_1_049.raw,49,myscript_google,merced,0.0,0.0,/mnt/storage/traces/gtrace_v2_champsim_myscript/merced/merced.log,None,None,1,1,/mnt/storage/traces/gtrace_v2_champsim_myscript/merced/merced_0049.champsim.gz,0,0,True,
32.56,0.7528,0.9823,0.4405,0.0888,0.0799,0.0297,0.0381,0.0758,cpu0_DTLB,DTLB,13610026,1.0,13579015,0.9977,31011,0.0023,0.3101,12955,0.001,13610026,13579015,0.9977,31011,0.0023,0.3101,12955,0.001,14.52,None,0.0,0,0,0,0,0.9977,13579015,31011,cpu0_ITLB,ITLB,18138288,1.0,18138264,1.0,24,0.0,0.0002,11,0.0,18138288,18138264,1.0,24,0.0,0.0002,11,0.0,67.23,None,0.0,0,0,0,0,1.0,18138264,24,cpu0_L1D,L1D,12991215,0.9476,6841450,0.5266,6149765,0.4734,61.4977,3045731,0.2344,13710035,7471159,0.5449,6238876,0.4551,62.3888,3108415,0.2267,413,0.0,1,0.0024,412,0.9976,0.0041,0,0.0,718407,0.0524,629708,0.8765,88699,0.1235,0.887,62684,0.0873,169.2,None,0.0,0,0,0,0,0.5266,6841450,6149765,cpu0_L1I,L1I,21070256,1.0,20877258,0.9908,192998,0.0092,1.93,66954,0.0032,21070256,20877258,0.9908,192998,0.0092,1.93,66954,0.0032,153.4,None,0.0,0,0,0,0,0.9908,20877258,192998,cpu0_L2C,L2C,3230077,0.9794,97033,0.03,3133044,0.97,31.3304,0,0.0,26013,0.0079,5644,0.217,20369,0.783,0.2037,0,0.0,3298107,133647,0.0405,3164460,0.9595,31.6446,0,0.0,412,0.0001,45,0.1092,367,0.8908,0.0037,0,0.0,41605,0.0126,30925,0.7433,10680,0.2567,0.1068,0,0.0,164.3,None,0.0,0,0,0,0,0.0315,102677,3153413,LLC,LLC,3133044,0.9838,15343,0.0049,3117701,0.9951,31.177,0,0.0,20369,0.0064,8910,0.4374,11459,0.5626,0.1146,0,0.0,3184715,31748,0.01,3152967,0.99,31.5297,0,0.0,367,0.0001,2,0.0054,365,0.9946,0.0037,0,0.0,30935,0.0097,7493,0.2422,23442,0.7578,0.2344,0,0.0,148.9,None,0.0,0,0,0,0,0.0077,24253,3129160,cpu0_STLB,STLB,18069,1.0,17863,0.9886,206,0.0114,0.0021,0,0.0,18069,17863,0.9886,206,0.0114,0.0021,0,0.0,837.5,None,0.0,0,0,0,0,0.9886,17863,206,36,0,0.5048,198105731,100000000,,core,1,core.1.v1.,v1,,l1d,n,l1d.n.v1.,v1,,l1i,n,l1i.n.v1.,v1,,l2c,n,l2c.n.v1.,v1,,llc,1,llc.1.v1.,v1,,memory,1,memory.1.v2.,v2,,tlbs,n,tlbs.n.v1.,v1,36,1,tahoe_036_1_036.raw,36,myscript_google,tahoe,0.0,0.0,/mnt/storage/traces/gtrace_v2_champsim_myscript/tahoe/tahoe.log,100000000,100000000,1,1,/mnt/storage/traces/gtrace_v2_champsim_myscript/tahoe/tahoe_0036.champsim.gz,0,0,True,
56.76,8.552,0.9555,3.605,0.8549,0.6212,2.469,0.2809,0.7215,cpu0_DTLB,DTLB,26450349,1.0,25786282,0.9749,664067,0.0251,6.6407,301289,0.0114,26450349,25786282,0.9749,664067,0.0251,6.6407,301289,0.0114,12.21,None,0.0,0,0,0,0,0.9749,25786282,664067,cpu0_ITLB,ITLB,10934134,1.0,10932879,0.9999,1255,0.0001,0.0125,850,0.0001,10934134,10932879,0.9999,1255,0.0001,0.0125,850,0.0001,23.66,None,0.0,0,0,0,0,0.9999,10932879,1255,cpu0_L1D,L1D,15768612,0.5625,14106735,0.8946,1661877,0.1054,16.6188,557552,0.0354,28032644,24961068,0.8904,3071576,0.1096,30.7158,1628477,0.0581,7230,0.0003,64,0.0089,7166,0.9911,0.0717,53,0.0073,12256802,0.4372,10854269,0.8856,1402533,0.1144,14.0253,1070872,0.0874,160.5,None,0.0,0,0,0,0,0.8946,14106735,1661877,cpu0_L1I,L1I,12801352,1.0,9821014,0.7672,2980338,0.2328,29.8034,1162502,0.0908,12801352,9821014,0.7672,2980338,0.2328,29.8034,1162502,0.0908,36.5,None,0.0,0,0,0,0,0.7672,9821014,2980338,cpu0_L2C,L2C,2922147,0.7685,2385993,0.8165,536154,0.1835,5.3615,0,0.0,331640,0.0872,87877,0.265,243763,0.735,2.4376,0,0.0,3802486,2933304,0.7714,869182,0.2286,8.6918,0,0.0,7113,0.0019,1120,0.1575,5993,0.8425,0.0599,0,0.0,541586,0.1424,458314,0.8462,83272,0.1538,0.8327,0,0.0,314.1,None,0.0,0,0,0,0,0.7603,2473870,779917,LLC,LLC,536154,0.4707,49918,0.0931,486236,0.9069,4.8624,0,0.0,243763,0.214,10634,0.0436,233129,0.9564,2.3313,0,0.0,1139031,122258,0.1073,1016773,0.8927,10.1677,0,0.0,5993,0.0053,132,0.022,5861,0.978,0.0586,0,0.0,353121,0.31,61574,0.1744,291547,0.8256,2.9155,0,0.0,258.5,None,0.0,0,0,0,0,0.0776,60552,719365,cpu0_STLB,STLB,363183,1.0,359816,0.9907,3367,0.0093,0.0337,0,0.0,363183,359816,0.9907,3367,0.0093,0.0337,0,0.0,777.7,None,0.0,0,0,0,0,0.9907,359816,3367,12,0,0.6212,160986328,100000004,,core,1,core.1.v1.,v1,,l1d,n,l1d.n.v1.,v1,,l1i,n,l1i.n.v1.,v1,,l2c,n,l2c.n.v1.,v1,,llc,1,llc.1.v1.,v1,,memory,1,memory.1.v2.,v2,,tlbs,n,tlbs.n.v1.,v1,12,1,tango_012_1_012.raw,12,myscript_google,tango,0.0,0.0,/mnt/storage/traces/gtrace_v2_champsim_myscript/tango/tango.log,100000000,100000000,1,1,/mnt/storage/traces/gtrace_v2_champsim_myscript/tango/tango_0012.champsim.gz,0,0,True,
43.13,9.487,0.9472,5.395,1.502,0.8055,0.4732,0.4431,0.8686,cpu0_DTLB,DTLB,25375617,1.0,24912452,0.9817,463165,0.0183,4.6316,191945,0.0076,25375617,24912452,0.9817,463165,0.0183,4.6316,191945,0.0076,8.842,None,0.0,0,0,0,0,0.9817,24912452,463165,cpu0_ITLB,ITLB,9914847,1.0,9914707,1.0,140,0.0,0.0014,68,0.0,9914847,9914707,1.0,140,0.0,0.0014,68,0.0,104.0,None,0.0,0,0,0,0,1.0,9914707,140,cpu0_L1D,L1D,15893296,0.5916,14389986,0.9054,1503310,0.0946,15.0331,441049,0.0278,26867156,23802769,0.8859,3064387,0.1141,30.6439,1624310,0.0605,2489,0.0001,22,0.0088,2467,0.9912,0.0247,4,0.0016,10971371,0.4084,9412761,0.8579,1558610,0.1421,15.5861,1183257,0.1078,193.4,None,0.0,0,0,0,0,0.9054,14389986,1503310,cpu0_L1I,L1I,11821194,1.0,9758807,0.8255,2062387,0.1745,20.6239,775192,0.0656,11821194,9758807,0.8255,2062387,0.1745,20.6239,775192,0.0656,104.6,None,0.0,0,0,0,0,0.8255,9758807,2062387,cpu0_L2C,L2C,2349449,0.7151,1392659,0.5928,956790,0.4072,9.5679,0,0.0,375335,0.1142,92076,0.2453,283259,0.7547,2.8326,0,0.0,3285439,1938350,0.59,1347089,0.41,13.4709,0,0.0,2463,0.0007,155,0.0629,2308,0.9371,0.0231,0,0.0,558192,0.1699,453460,0.8124,104732,0.1876,1.0473,0,0.0,290.7,None,0.0,0,0,0,0,0.5449,1484735,1240049,LLC,LLC,956790,0.5909,236013,0.2467,720777,0.7533,7.2078,0,0.0,283259,0.1749,7305,0.0258,275954,0.9742,2.7595,0,0.0,1619126,285110,0.1761,1334016,0.8239,13.3402,0,0.0,2308,0.0014,23,0.01,2285,0.99,0.0228,0,0.0,376769,0.2327,41769,0.1109,335000,0.8891,3.35,0,0.0,280.7,None,0.0,0,0,0,0,0.1962,243318,996731,cpu0_STLB,STLB,271292,1.0,270107,0.9956,1185,0.0044,0.0118,0,0.0,271292,270107,0.9956,1185,0.0044,0.0118,0,0.0,884.3,None,0.0,0,0,0,0,0.9956,270107,1185,47,0,0.4996,200179005,100000004,,core,1,core.1.v1.,v1,,l1d,n,l1d.n.v1.,v1,,l1i,n,l1i.n.v1.,v1,,l2c,n,l2c.n.v1.,v1,,llc,1,llc.1.v1.,v1,,memory,1,memory.1.v2.,v2,,tlbs,n,tlbs.n.v1.,v1,47,1,yankee_047_1_047.raw,47,myscript_google,yankee,0.0,0.0,/mnt/storage/traces/gtrace_v2_champsim_myscript/yankee/yankee.log,None,None,1,1,/mnt/storage/traces/gtrace_v2_champsim_myscript/yankee/yankee_0047.champsim.gz,0,0,True,
42.72,9.66,0.9456,6.607,0.7259,1.179,0.4076,0.2556,0.4845,cpu0_DTLB,DTLB,23635823,1.0,23217541,0.9823,418282,0.0177,4.1828,174609,0.0074,23635823,23217541,0.9823,418282,0.0177,4.1828,174609,0.0074,25.76,None,0.0,0,0,0,0,0.9823,23217541,418282,cpu0_ITLB,ITLB,9200309,1.0,9200300,1.0,9,0.0,0.0001,3,0.0,9200309,9200300,1.0,9,0.0,0.0001,3,0.0,1277.0,None,0.0,0,0,0,0,1.0,9200300,9,cpu0_L1D,L1D,15823653,0.6352,14060058,0.8885,1763595,0.1115,17.6359,587412,0.0371,24910982,21907778,0.8794,3003204,0.1206,30.032,1489817,0.0598,14867,0.0006,88,0.0059,14779,0.9941,0.1478,3,0.0002,9072462,0.3642,7847632,0.865,1224830,0.135,12.2483,902402,0.0995,219.2,None,0.0,0,0,0,0,0.8885,14060058,1763595,cpu0_L1I,L1I,11104876,1.0,9437914,0.8499,1666962,0.1501,16.6696,659774,0.0594,11104876,9437914,0.8499,1666962,0.1501,16.6696,659774,0.0594,123.8,None,0.0,0,0,0,0,0.8499,9437914,1666962,cpu0_L2C,L2C,2183367,0.7321,1358400,0.6222,824967,0.3778,8.2497,0,0.0,322407,0.1081,72965,0.2263,249442,0.7737,2.4944,0,0.0,2982313,1800397,0.6037,1181916,0.3963,11.8192,0,0.0,14776,0.005,2689,0.182,12087,0.818,0.1209,0,0.0,461763,0.1548,366343,0.7934,95420,0.2066,0.9542,0,0.0,369.2,None,0.0,0,0,0,0,0.5712,1431365,1074409,LLC,LLC,824967,0.5905,42787,0.0519,782180,0.9481,7.8218,0,0.0,249442,0.1785,6318,0.0253,243124,0.9747,2.4312,0,0.0,1397090,83803,0.06,1313287,0.94,13.1329,0,0.0,12087,0.0087,175,0.0145,11912,0.9855,0.1191,0,0.0,310594,0.2223,34523,0.1112,276071,0.8888,2.7607,0,0.0,320.7,None,0.0,0,0,0,0,0.0457,49105,1025304,cpu0_STLB,STLB,243679,1.0,237015,0.9727,6664,0.0273,0.0666,0,0.0,243679,237015,0.9727,6664,0.0273,0.0666,0,0.0,759.4,None,0.0,0,0,0,0,0.9727,237015,6664,88,0,0.4817,207612175,100000003,,core,1,core.1.v1.,v1,,l1d,n,l1d.n.v1.,v1,,l1i,n,l1i.n.v1.,v1,,l2c,n,l2c.n.v1.,v1,,llc,1,llc.1.v1.,v1,,memory,1,memory.1.v2.,v2,,tlbs,n,tlbs.n.v1.,v1,88,1,merced_088_1_088.raw,88,myscript_google,merced,0.0,0.0,/mnt/storage/traces/gtrace_v2_champsim_myscript/merced/merced.log,None,None,1,1,/mnt/storage/traces/gtrace_v2_champsim_myscript/merced/merced_0088.champsim.gz,0,0,True,
91.49,5.544,0.9691,3.743,0.2683,0.5678,0.3565,0.1468,0.4616,cpu0_DTLB,DTLB,24865671,1.0,24701873,0.9934,163798,0.0066,1.638,66329,0.0027,24865671,24701873,0.9934,163798,0.0066,1.638,66329,0.0027,14.93,None,0.0,0,0,0,0,0.9934,24701873,163798,cpu0_ITLB,ITLB,5885640,1.0,5885571,1.0,69,0.0,0.0007,19,0.0,5885640,5885571,1.0,69,0.0,0.0007,19,0.0,321.7,None,0.0,0,0,0,0,1.0,5885571,69,cpu0_L1D,L1D,13877780,0.5227,11725020,0.8449,2152760,0.1551,21.5276,943215,0.068,26548626,22339031,0.8414,4209595,0.1586,42.0959,2778615,0.1047,2964,0.0001,19,0.0064,2945,0.9936,0.0294,4,0.0013,12667882,0.4772,10613992,0.8379,2053890,0.1621,20.5389,1835396,0.1449,251.8,None,0.0,0,0,0,0,0.8449,11725020,2152760,cpu0_L1I,L1I,6705206,1.0,5871299,0.8756,833907,0.1244,8.3391,306133,0.0457,6705206,5871299,0.8756,833907,0.1244,8.3391,306133,0.0457,114.6,None,0.0,0,0,0,0,0.8756,5871299,833907,cpu0_L2C,L2C,1737317,0.6996,605134,0.3483,1132183,0.6517,11.3218,0,0.0,218491,0.088,25900,0.1185,192591,0.8815,1.9259,0,0.0,2483224,1060982,0.4273,1422242,0.5727,14.2224,0,0.0,2941,0.0012,543,0.1846,2398,0.8154,0.024,0,0.0,524475,0.2112,429405,0.8187,95070,0.1813,0.9507,0,0.0,284.5,None,0.0,0,0,0,0,0.3226,631034,1324774,LLC,LLC,1132183,0.6312,149316,0.1319,982867,0.8681,9.8287,0,0.0,192591,0.1074,3205,0.0166,189386,0.9834,1.8939,0,0.0,1793692,170163,0.0949,1623529,0.9051,16.2353,0,0.0,2398,0.0013,14,0.0058,2384,0.9942,0.0238,0,0.0,466520,0.2601,17628,0.0378,448892,0.9622,4.4889,0,0.0,238.5,None,0.0,0,0,0,0,0.1151,152521,1172253,cpu0_STLB,STLB,97519,1.0,96184,0.9863,1335,0.0137,0.0133,0,0.0,97519,96184,0.9863,1335,0.0137,0.0133,0,0.0,735.6,None,0.0,0,0,0,0,0.9863,96184,1335,3,0,0.3848,259902171,100000001,,core,1,core.1.v1.,v1,,l1d,n,l1d.n.v1.,v1,,l1i,n,l1i.n.v1.,v1,,l2c,n,l2c.n.v1.,v1,,llc,1,llc.1.v1.,v1,,memory,1,memory.1.v2.,v2,,tlbs,n,tlbs.n.v1.,v1,3,1,tahoe_003_1_003.raw,3,myscript_google,tahoe,0.0,0.0,/mnt/storage/traces/gtrace_v2_champsim_myscript/tahoe/tahoe.log,100000000,100000000,1,1,/mnt/storage/traces/gtrace_v2_champsim_myscript/tahoe/tahoe_0003.champsim.gz,0,0,True,
79.11,5.489,0.9692,3.388,0.4715,0.3726,0.4512,0.2291,0.5761,cpu0_DTLB,DTLB,26518348,1.0,26027075,0.9815,491273,0.0185,4.9127,216254,0.0082,26518348,26027075,0.9815,491273,0.0185,4.9127,216254,0.0082,11.45,None,0.0,0,0,0,0,0.9815,26027075,491273,cpu0_ITLB,ITLB,9917750,1.0,9916880,0.9999,870,0.0001,0.0087,595,0.0001,9917750,9916880,0.9999,870,0.0001,0.0087,595,0.0001,50.86,None,0.0,0,0,0,0,0.9999,9916880,870,cpu0_L1D,L1D,14932434,0.5269,13900935,0.9309,1031499,0.0691,10.315,315336,0.0211,28342121,26031516,0.9185,2310605,0.0815,23.106,1309565,0.0462,5405,0.0002,71,0.0131,5334,0.9869,0.0533,53,0.0098,13404282,0.4729,12130510,0.905,1273772,0.095,12.7377,994176,0.0742,199.4,None,0.0,0,0,0,0,0.9309,13900935,1031499,cpu0_L1I,L1I,11854245,1.0,10083562,0.8506,1770683,0.1494,17.7068,695279,0.0587,11854245,10083562,0.8506,1770683,0.1494,17.7068,695279,0.0587,50.58,None,0.0,0,0,0,0,0.8506,10083562,1770683,cpu0_L2C,L2C,1791559,0.7097,1357793,0.7579,433766,0.2421,4.3377,0,0.0,279579,0.1108,49166,0.1759,230413,0.8241,2.3041,0,0.0,2524386,1789008,0.7087,735378,0.2913,7.3538,0,0.0,5281,0.0021,928,0.1757,4353,0.8243,0.0435,0,0.0,447967,0.1775,381121,0.8508,66846,0.1492,0.6685,0,0.0,323.6,None,0.0,0,0,0,0,0.6793,1406959,664179,LLC,LLC,433766,0.4387,39409,0.0909,394357,0.9091,3.9436,0,0.0,230413,0.233,4133,0.0179,226280,0.9821,2.2628,0,0.0,988754,72613,0.0734,916141,0.9266,9.1614,0,0.0,4353,0.0044,84,0.0193,4269,0.9807,0.0427,0,0.0,320222,0.3239,28987,0.0905,291235,0.9095,2.9123,0,0.0,250.7,None,0.0,0,0,0,0,0.0656,43542,620637,cpu0_STLB,STLB,275294,1.0,272822,0.991,2472,0.009,0.0247,0,0.0,275294,272822,0.991,2472,0.009,0.0247,0,0.0,721.7,None,0.0,0,0,0,0,0.991,272822,2472,28,0,0.6928,144333953,100000003,,core,1,core.1.v1.,v1,,l1d,n,l1d.n.v1.,v1,,l1i,n,l1i.n.v1.,v1,,l2c,n,l2c.n.v1.,v1,,llc,1,llc.1.v1.,v1,,memory,1,memory.1.v2.,v2,,tlbs,n,tlbs.n.v1.,v1,28,1,tango_028_1_028.raw,28,myscript_google,tango,0.0,0.0,/mnt/storage/traces/gtrace_v2_champsim_myscript/tango/tango.log,100000000,100000000,1,1,/mnt/storage/traces/gtrace_v2_champsim_myscript/tango/tango_0028.champsim.gz,0,0,True,
44.32,9.627,0.9447,6.521,0.8295,1.111,0.3033,0.282,0.5798,cpu0_DTLB,DTLB,22604309,1.0,22159142,0.9803,445167,0.0197,4.4517,189702,0.0084,22604309,22159142,0.9803,445167,0.0197,4.4517,189702,0.0084,26.13,None,0.0,0,0,0,0,0.9803,22159142,445167,cpu0_ITLB,ITLB,8974708,1.0,8974687,1.0,21,0.0,0.0002,5,0.0,8974708,8974687,1.0,21,0.0,0.0002,5,0.0,995.2,None,0.0,0,0,0,0,1.0,8974687,21,cpu0_L1D,L1D,14928041,0.6269,13141426,0.8803,1786615,0.1197,17.8661,596712,0.04,23811249,20618399,0.8659,3192850,0.1341,31.9285,1669132,0.0701,16668,0.0007,110,0.0066,16558,0.9934,0.1656,7,0.0004,8866540,0.3724,7476863,0.8433,1389677,0.1567,13.8968,1072413,0.121,201.6,None,0.0,0,0,0,0,0.8803,13141426,1786615,cpu0_L1I,L1I,10895558,1.0,9098583,0.8351,1796975,0.1649,17.9697,708554,0.065,10895558,9098583,0.8351,1796975,0.1649,17.9697,708554,0.065,129.0,None,0.0,0,0,0,0,0.8351,9098583,1796975,cpu0_L2C,L2C,2278303,0.7358,1299629,0.5704,978674,0.4296,9.7867,0,0.0,317232,0.1025,71917,0.2267,245315,0.7733,2.4531,0,0.0,3096241,1762661,0.5693,1333580,0.4307,13.3358,0,0.0,16551,0.0053,2845,0.1719,13706,0.8281,0.1371,0,0.0,484155,0.1564,388270,0.802,95885,0.198,0.9588,0,0.0,320.1,None,0.0,0,0,0,0,0.5284,1371546,1223989,LLC,LLC,978674,0.6212,51850,0.053,926824,0.947,9.2682,0,0.0,245315,0.1557,8124,0.0331,237191,0.9669,2.3719,0,0.0,1575333,99266,0.063,1476067,0.937,14.7607,0,0.0,13706,0.0087,180,0.0131,13526,0.9869,0.1353,0,0.0,337638,0.2143,39112,0.1158,298526,0.8842,2.9853,0,0.0,277.4,None,0.0,0,0,0,0,0.049,59974,1164015,cpu0_STLB,STLB,255481,1.0,248109,0.9711,7372,0.0289,0.0737,0,0.0,255481,248109,0.9711,7372,0.0289,0.0737,0,0.0,733.4,None,0.0,0,0,0,0,0.9711,248109,7372,40,0,0.4246,235525668,100000003,,core,1,core.1.v1.,v1,,l1d,n,l1d.n.v1.,v1,,l1i,n,l1i.n.v1.,v1,,l2c,n,l2c.n.v1.,v1,,llc,1,llc.1.v1.,v1,,memory,1,memory.1.v2.,v2,,tlbs,n,tlbs.n.v1.,v1,40,1,merced_040_1_040.raw,40,myscript_google,merced,0.0,0.0,/mnt/storage/traces/gtrace_v2_champsim_myscript/merced/merced.log,None,None,1,1,/mnt/storage/traces/gtrace_v2_champsim_myscript/merced/merced_0040.champsim.gz,0,0,True,
63.84,7.027,0.9632,4.307,0.7749,0.5701,0.2472,0.374,0.7538,cpu0_DTLB,DTLB,27034579,1.0,26629639,0.985,404940,0.015,4.0494,168962,0.0062,27034579,26629639,0.985,404940,0.015,4.0494,168962,0.0062,17.54,None,0.0,0,0,0,0,0.985,26629639,404940,cpu0_ITLB,ITLB,8812944,1.0,8812844,1.0,100,0.0,0.001,13,0.0,8812944,8812844,1.0,100,0.0,0.001,13,0.0,329.7,None,0.0,0,0,0,0,1.0,8812844,100,cpu0_L1D,L1D,17361403,0.5996,15785713,0.9092,1575690,0.0908,15.7569,542663,0.0313,28953656,26399804,0.9118,2553852,0.0882,25.5385,1254627,0.0433,8777,0.0003,131,0.0149,8646,0.9851,0.0865,19,0.0022,11583476,0.4001,10613960,0.9163,969516,0.0837,9.6952,711945,0.0615,192.1,None,0.0,0,0,0,0,0.9092,15785713,1575690,cpu0_L1I,L1I,10547087,1.0,8409433,0.7973,2137654,0.2027,21.3765,784111,0.0743,10547087,8409433,0.7973,2137654,0.2027,21.3765,784111,0.0743,63.12,None,0.0,0,0,0,0,0.7973,8409433,2137654,cpu0_L2C,L2C,2386560,0.7814,1589933,0.6662,796627,0.3338,7.9663,0,0.0,257556,0.0843,64623,0.2509,192933,0.7491,1.9293,0,0.0,3054195,1984973,0.6499,1069222,0.3501,10.6922,0,0.0,8627,0.0028,1775,0.2057,6852,0.7943,0.0685,0,0.0,401452,0.1314,328642,0.8186,72810,0.1814,0.7281,0,0.0,293.9,None,0.0,0,0,0,0,0.6258,1654556,989560,LLC,LLC,796627,0.6303,43405,0.0545,753222,0.9455,7.5322,0,0.0,192933,0.1526,9522,0.0494,183411,0.9506,1.8341,0,0.0,1263922,95771,0.0758,1168151,0.9242,11.6815,0,0.0,6852,0.0054,66,0.0096,6786,0.9904,0.0679,0,0.0,267510,0.2117,42778,0.1599,224732,0.8401,2.2473,0,0.0,256.9,None,0.0,0,0,0,0,0.0535,52927,936633,cpu0_STLB,STLB,236065,1.0,232046,0.983,4019,0.017,0.0402,0,0.0,236065,232046,0.983,4019,0.017,0.0402,0,0.0,742.4,None,0.0,0,0,0,0,0.983,232046,4019,25,0,0.5374,186077769,100000000,,core,1,core.1.v1.,v1,,l1d,n,l1d.n.v1.,v1,,l1i,n,l1i.n.v1.,v1,,l2c,n,l2c.n.v1.,v1,,llc,1,llc.1.v1.,v1,,memory,1,memory.1.v2.,v2,,tlbs,n,tlbs.n.v1.,v1,25,1,tahoe_025_1_025.raw,25,myscript_google,tahoe,0.0,0.0,/mnt/storage/traces/gtrace_v2_champsim_myscript/tahoe/tahoe.log,100000000,100000000,1,1,/mnt/storage/traces/gtrace_v2_champsim_myscript/tahoe/tahoe_0025.champsim.gz,0,0,True,
60.69,9.183,0.9518,3.498,1.663,2.26,0.2723,0.3652,1.124,cpu0_DTLB,DTLB,27206565,1.0,26167154,0.9618,1039411,0.0382,10.3941,426145,0.0157,27206565,26167154,0.9618,1039411,0.0382,10.3941,426145,0.0157,7.085,None,0.0,0,0,0,0,0.9618,26167154,1039411,cpu0_ITLB,ITLB,13300872,1.0,13300700,1.0,172,0.0,0.0017,75,0.0,13300872,13300700,1.0,172,0.0,0.0017,75,0.0,325.6,None,0.0,0,0,0,0,1.0,13300700,172,cpu0_L1D,L1D,16088926,0.5518,14176195,0.8811,1912731,0.1189,19.1273,476732,0.0296,29157396,25401089,0.8712,3756307,0.1288,37.5631,1799183,0.0617,3112,0.0001,3,0.001,3109,0.999,0.0311,0,0.0,13065358,0.4481,11224891,0.8591,1840467,0.1409,18.4047,1322451,0.1012,139.1,None,0.0,0,0,0,0,0.8811,14176195,1912731,cpu0_L1I,L1I,16182463,1.0,8406176,0.5195,7776287,0.4805,77.7629,3105762,0.1919,16182463,8406176,0.5195,7776287,0.4805,77.7629,3105762,0.1919,35.31,None,0.0,0,0,0,0,0.5195,8406176,7776287,cpu0_L2C,L2C,6106499,0.8149,5275066,0.8638,831433,0.1362,8.3143,0,0.0,517980,0.0691,237415,0.4583,280565,0.5417,2.8056,0,0.0,7493225,6278981,0.838,1214244,0.162,12.1424,0,0.0,3109,0.0004,120,0.0386,2989,0.9614,0.0299,0,0.0,865637,0.1155,766380,0.8853,99257,0.1147,0.9926,0,0.0,319.0,None,0.0,0,0,0,0,0.8321,5512481,1111998,LLC,LLC,831433,0.536,72113,0.0867,759320,0.9133,7.5932,0,0.0,280565,0.1809,18662,0.0665,261903,0.9335,2.619,0,0.0,1551305,174169,0.1123,1377136,0.8877,13.7714,0,0.0,2989,0.0019,24,0.008,2965,0.992,0.0296,0,0.0,436318,0.2813,83370,0.1911,352948,0.8089,3.5295,0,0.0,270.4,None,0.0,0,0,0,0,0.0816,90775,1021223,cpu0_STLB,STLB,613363,1.0,611809,0.9975,1554,0.0025,0.0155,0,0.0,613363,611809,0.9975,1554,0.0025,0.0155,0,0.0,841.6,None,0.0,0,0,0,0,0.9975,611809,1554,16,0,0.5138,194645930,100000003,,core,1,core.1.v1.,v1,,l1d,n,l1d.n.v1.,v1,,l1i,n,l1i.n.v1.,v1,,l2c,n,l2c.n.v1.,v1,,llc,1,llc.1.v1.,v1,,memory,1,memory.1.v2.,v2,,tlbs,n,tlbs.n.v1.,v1,16,1,sierra.a.3_016_1_016.raw,16,myscript_google,sierra.a.3,0.0,0.0,/mnt/storage/traces/gtrace_v2_champsim_myscript/sierra.a.3/sierra.a.3.log,100000000,100000000,1,1,/mnt/storage/traces/gtrace_v2_champsim_myscript/sierra.a.3/sierra.a.3_0016.champsim.gz,0,0,True,
43.35,9.999,0.9427,6.873,0.7438,1.153,0.4982,0.2437,0.4872,cpu0_DTLB,DTLB,23140689,1.0,22602273,0.9767,538416,0.0233,5.3842,225641,0.0098,23140689,22602273,0.9767,538416,0.0233,5.3842,225641,0.0098,25.43,None,0.0,0,0,0,0,0.9767,22602273,538416,cpu0_ITLB,ITLB,9145977,1.0,9145962,1.0,15,0.0,0.0001,7,0.0,9145977,9145962,1.0,15,0.0,0.0001,7,0.0,1058.0,None,0.0,0,0,0,0,1.0,9145962,15,cpu0_L1D,L1D,15491629,0.6358,13794257,0.8904,1697372,0.1096,16.9737,513880,0.0332,24365817,21441756,0.88,2924061,0.12,29.2406,1423905,0.0584,21418,0.0009,141,0.0066,21277,0.9934,0.2128,17,0.0008,8852770,0.3633,7647358,0.8638,1205412,0.1362,12.0541,910008,0.1028,181.5,None,0.0,0,0,0,0,0.8904,13794257,1697372,cpu0_L1I,L1I,11039696,1.0,9029378,0.8179,2010318,0.1821,20.1032,810018,0.0734,11039696,9029378,0.8179,2010318,0.1821,20.1032,810018,0.0734,99.16,None,0.0,0,0,0,0,0.8179,9029378,2010318,cpu0_L2C,L2C,2383771,0.7594,1509787,0.6334,873984,0.3666,8.7398,0,0.0,295377,0.0941,71460,0.2419,223917,0.7581,2.2392,0,0.0,3139115,1941459,0.6185,1197656,0.3815,11.9766,0,0.0,21260,0.0068,4061,0.191,17199,0.809,0.172,0,0.0,438707,0.1398,356151,0.8118,82556,0.1882,0.8256,0,0.0,308.9,None,0.0,0,0,0,0,0.5902,1581247,1097901,LLC,LLC,873984,0.6229,52166,0.0597,821818,0.9403,8.2182,0,0.0,223917,0.1596,6789,0.0303,217128,0.9697,2.1713,0,0.0,1403066,97811,0.0697,1305255,0.9303,13.0525,0,0.0,17199,0.0123,654,0.038,16545,0.962,0.1654,0,0.0,287966,0.2052,38202,0.1327,249764,0.8673,2.4976,0,0.0,271.3,None,0.0,0,0,0,0,0.0537,58955,1038946,cpu0_STLB,STLB,312783,1.0,303248,0.9695,9535,0.0305,0.0953,0,0.0,312783,303248,0.9695,9535,0.0305,0.0953,0,0.0,670.1,None,0.0,0,0,0,0,0.9695,303248,9535,55,0,0.451,221737321,100000002,,core,1,core.1.v1.,v1,,l1d,n,l1d.n.v1.,v1,,l1i,n,l1i.n.v1.,v1,,l2c,n,l2c.n.v1.,v1,,llc,1,llc.1.v1.,v1,,memory,1,memory.1.v2.,v2,,tlbs,n,tlbs.n.v1.,v1,55,1,merced_055_1_055.raw,55,myscript_google,merced,0.0,0.0,/mnt/storage/traces/gtrace_v2_champsim_myscript/merced/merced.log,None,None,1,1,/mnt/storage/traces/gtrace_v2_champsim_myscript/merced/merced_0055.champsim.gz,0,0,True,
65.06,7.507,0.9609,3.973,1.114,0.7061,0.4411,0.3534,0.9195,cpu0_DTLB,DTLB,26554114,1.0,25813848,0.9721,740266,0.0279,7.4027,334062,0.0126,26554114,25813848,0.9721,740266,0.0279,7.4027,334062,0.0126,13.95,None,0.0,0,0,0,0,0.9721,25813848,740266,cpu0_ITLB,ITLB,11352533,1.0,11350618,0.9998,1915,0.0002,0.0191,1326,0.0001,11352533,11350618,0.9998,1915,0.0002,0.0191,1326,0.0001,23.97,None,0.0,0,0,0,0,0.9998,11350618,1915,cpu0_L1D,L1D,15217948,0.5379,13577748,0.8922,1640200,0.1078,16.402,500997,0.0329,28293672,25068968,0.886,3224704,0.114,32.247,1711223,0.0605,10913,0.0004,88,0.0081,10825,0.9919,0.1082,91,0.0083,13064811,0.4618,11491132,0.8795,1573679,0.1205,15.7368,1210135,0.0926,156.4,None,0.0,0,0,0,0,0.8922,13577748,1640200,cpu0_L1I,L1I,13324662,1.0,9732626,0.7304,3592036,0.2696,35.9204,1399320,0.105,13324662,9732626,0.7304,3592036,0.2696,35.9204,1399320,0.105,25.78,None,0.0,0,0,0,0,0.7304,9732626,3592036,cpu0_L2C,L2C,3331910,0.7764,2808054,0.8428,523856,0.1572,5.2386,0,0.0,363516,0.0847,101446,0.2791,262070,0.7209,2.6207,0,0.0,4291659,3411262,0.7949,880397,0.2051,8.804,0,0.0,10734,0.0025,1609,0.1499,9125,0.8501,0.0912,0,0.0,585499,0.1364,500153,0.8542,85346,0.1458,0.8535,0,0.0,300.9,None,0.0,0,0,0,0,0.7873,2909500,785926,LLC,LLC,523856,0.4478,46849,0.0894,477007,0.9106,4.7701,0,0.0,262070,0.224,11702,0.0447,250368,0.9553,2.5037,0,0.0,1169849,117461,0.1004,1052388,0.8996,10.5239,0,0.0,9125,0.0078,304,0.0333,8821,0.9667,0.0882,0,0.0,374798,0.3204,58606,0.1564,316192,0.8436,3.1619,0,0.0,242.1,None,0.0,0,0,0,0,0.0745,58551,727375,cpu0_STLB,STLB,406793,1.0,401777,0.9877,5016,0.0123,0.0502,0,0.0,406793,401777,0.9877,5016,0.0123,0.0502,0,0.0,726.3,None,0.0,0,0,0,0,0.9877,401777,5016,41,0,0.6167,162145445,100000002,,core,1,core.1.v1.,v1,,l1d,n,l1d.n.v1.,v1,,l1i,n,l1i.n.v1.,v1,,l2c,n,l2c.n.v1.,v1,,llc,1,llc.1.v1.,v1,,memory,1,memory.1.v2.,v2,,tlbs,n,tlbs.n.v1.,v1,41,1,tango_041_1_041.raw,41,myscript_google,tango,0.0,0.0,/mnt/storage/traces/gtrace_v2_champsim_myscript/tango/tango.log,100000000,100000000,1,1,/mnt/storage/traces/gtrace_v2_champsim_myscript/tango/tango_0041.champsim.gz,0,0,True,
46.54,8.369,0.9504,5.275,1.145,0.6752,0.3336,0.3363,0.6034,cpu0_DTLB,DTLB,25538727,1.0,25175557,0.9858,363170,0.0142,3.6317,151882,0.0059,25538727,25175557,0.9858,363170,0.0142,3.6317,151882,0.0059,8.702,None,0.0,0,0,0,0,0.9858,25175557,363170,cpu0_ITLB,ITLB,9673209,1.0,9673172,1.0,37,0.0,0.0004,7,0.0,9673209,9673172,1.0,37,0.0,0.0004,7,0.0,330.8,None,0.0,0,0,0,0,1.0,9673172,37,cpu0_L1D,L1D,15956239,0.5832,14721798,0.9226,1234441,0.0774,12.3444,370751,0.0232,27357813,24776611,0.9057,2581202,0.0943,25.812,1368177,0.05,1893,0.0001,4,0.0021,1889,0.9979,0.0189,0,0.0,11399681,0.4167,10054809,0.882,1344872,0.118,13.4487,997426,0.0875,195.0,None,0.0,0,0,0,0,0.9226,14721798,1234441,cpu0_L1I,L1I,11582484,1.0,9955127,0.8595,1627357,0.1405,16.2736,614137,0.053,11582484,9955127,0.8595,1627357,0.1405,16.2736,614137,0.053,109.2,None,0.0,0,0,0,0,0.8595,9955127,1627357,cpu0_L2C,L2C,1876900,0.6948,1168670,0.6227,708230,0.3773,7.0823,0,0.0,347427,0.1286,85540,0.2462,261887,0.7538,2.6189,0,0.0,2701510,1642942,0.6082,1058568,0.3918,10.5857,0,0.0,1889,0.0007,163,0.0863,1726,0.9137,0.0173,0,0.0,475294,0.1759,388569,0.8175,86725,0.1825,0.8672,0,0.0,311.4,None,0.0,0,0,0,0,0.5639,1254210,970117,LLC,LLC,708230,0.5461,148413,0.2096,559817,0.7904,5.5982,0,0.0,261887,0.2019,12943,0.0494,248944,0.9506,2.4894,0,0.0,1296916,205081,0.1581,1091835,0.8419,10.9183,0,0.0,1726,0.0013,13,0.0075,1713,0.9925,0.0171,0,0.0,325073,0.2507,43712,0.1345,281361,0.8655,2.8136,0,0.0,289.8,None,0.0,0,0,0,0,0.1663,161356,808761,cpu0_STLB,STLB,211318,1.0,210394,0.9956,924,0.0044,0.0092,0,0.0,211318,210394,0.9956,924,0.0044,0.0092,0,0.0,856.0,None,0.0,0,0,0,0,0.9956,210394,924,36,0,0.6161,162315500,100000003,,core,1,core.1.v1.,v1,,l1d,n,l1d.n.v1.,v1,,l1i,n,l1i.n.v1.,v1,,l2c,n,l2c.n.v1.,v1,,llc,1,llc.1.v1.,v1,,memory,1,memory.1.v2.,v2,,tlbs,n,tlbs.n.v1.,v1,36,1,yankee_036_1_036.raw,36,myscript_google,yankee,0.0,0.0,/mnt/storage/traces/gtrace_v2_champsim_myscript/yankee/yankee.log,None,None,1,1,/mnt/storage/traces/gtrace_v2_champsim_myscript/yankee/yankee_0036.champsim.gz,0,0,True,
69.17,5.413,0.972,3.102,0.686,0.4624,0.3041,0.2657,0.5927,cpu0_DTLB,DTLB,25663059,1.0,25080972,0.9773,582087,0.0227,5.8209,266084,0.0104,25663059,25080972,0.9773,582087,0.0227,5.8209,266084,0.0104,15.38,None,0.0,0,0,0,0,0.9773,25080972,582087,cpu0_ITLB,ITLB,12448902,1.0,12447603,0.9999,1299,0.0001,0.013,904,0.0001,12448902,12447603,0.9999,1299,0.0001,0.013,904,0.0001,30.06,None,0.0,0,0,0,0,0.9999,12447603,1299,cpu0_L1D,L1D,14648632,0.5354,13154755,0.898,1493877,0.102,14.9388,488309,0.0333,27357653,24552893,0.8975,2804760,0.1025,28.0476,1486360,0.0543,10101,0.0004,95,0.0094,10006,0.9906,0.1001,60,0.0059,12698920,0.4642,11398043,0.8976,1300877,0.1024,13.0088,997991,0.0786,173.1,None,0.0,0,0,0,0,0.898,13154755,1493877,cpu0_L1I,L1I,14309294,1.0,11838448,0.8273,2470846,0.1727,24.7085,964728,0.0674,14309294,11838448,0.8273,2470846,0.1727,24.7085,964728,0.0674,27.94,None,0.0,0,0,0,0,0.8273,11838448,2470846,cpu0_L2C,L2C,2511673,0.7596,1990628,0.7926,521045,0.2074,5.2104,0,0.0,302868,0.0916,85314,0.2817,217554,0.7183,2.1755,0,0.0,3306743,2486697,0.752,820046,0.248,8.2005,0,0.0,9946,0.003,1746,0.1755,8200,0.8245,0.082,0,0.0,482256,0.1458,409009,0.8481,73247,0.1519,0.7325,0,0.0,303.1,None,0.0,0,0,0,0,0.7376,2075942,738599,LLC,LLC,521045,0.4952,40552,0.0778,480493,0.9222,4.8049,0,0.0,217554,0.2068,9222,0.0424,208332,0.9576,2.0833,0,0.0,1052208,95779,0.091,956429,0.909,9.5643,0,0.0,8200,0.0078,352,0.0429,7848,0.9571,0.0785,0,0.0,305409,0.2903,45653,0.1495,259756,0.8505,2.5976,0,0.0,249.5,None,0.0,0,0,0,0,0.0674,49774,688825,cpu0_STLB,STLB,316398,1.0,311694,0.9851,4704,0.0149,0.047,0,0.0,316398,311694,0.9851,4704,0.0149,0.047,0,0.0,698.3,None,0.0,0,0,0,0,0.9851,311694,4704,30,0,0.6459,154823106,100000004,,core,1,core.1.v1.,v1,,l1d,n,l1d.n.v1.,v1,,l1i,n,l1i.n.v1.,v1,,l2c,n,l2c.n.v1.,v1,,llc,1,llc.1.v1.,v1,,memory,1,memory.1.v2.,v2,,tlbs,n,tlbs.n.v1.,v1,30,1,tango_030_1_030.raw,30,myscript_google,tango,0.0,0.0,/mnt/storage/traces/gtrace_v2_champsim_myscript/tango/tango.log,100000000,100000000,1,1,/mnt/storage/traces/gtrace_v2_champsim_myscript/tango/tango_0030.champsim.gz,0,0,True,
34.52,11.64,0.9314,6.582,1.549,1.887,0.2464,0.3453,1.027,cpu0_DTLB,DTLB,25242724,1.0,24500019,0.9706,742705,0.0294,7.4271,315170,0.0125,25242724,24500019,0.9706,742705,0.0294,7.4271,315170,0.0125,11.56,None,0.0,0,0,0,0,0.9706,24500019,742705,cpu0_ITLB,ITLB,11241724,1.0,11241532,1.0,192,0.0,0.0019,105,0.0,11241724,11241532,1.0,192,0.0,0.0019,105,0.0,502.5,None,0.0,0,0,0,0,1.0,11241532,192,cpu0_L1D,L1D,15568304,0.5801,13125825,0.8431,2442479,0.1569,24.4248,592549,0.0381,26835628,22808947,0.85,4026681,0.15,40.2668,1625491,0.0606,8264,0.0003,17,0.0021,8247,0.9979,0.0825,3,0.0004,11259060,0.4196,9683105,0.86,1575955,0.14,15.7596,1032939,0.0917,271.7,None,0.0,0,0,0,0,0.8431,13125825,2442479,cpu0_L1I,L1I,13568379,1.0,9838717,0.7251,3729662,0.2749,37.2966,1387673,0.1023,13568379,9838717,0.7251,3729662,0.2749,37.2966,1387673,0.1023,108.4,None,0.0,0,0,0,0,0.7251,9838717,3729662,cpu0_L2C,L2C,4191898,0.7443,2313511,0.5519,1878387,0.4481,18.7839,0,0.0,542959,0.0964,184989,0.3407,357970,0.6593,3.5797,0,0.0,5631748,3229758,0.5735,2401990,0.4265,24.0199,0,0.0,8244,0.0015,556,0.0674,7688,0.9326,0.0769,0,0.0,888647,0.1578,730702,0.8223,157945,0.1777,1.5795,0,0.0,361.1,None,0.0,0,0,0,0,0.5277,2498500,2236357,LLC,LLC,1878387,0.6732,124368,0.0662,1754019,0.9338,17.5402,0,0.0,357970,0.1283,19078,0.0533,338892,0.9467,3.3889,0,0.0,2790417,213915,0.0767,2576502,0.9233,25.765,0,0.0,7688,0.0028,144,0.0187,7544,0.9813,0.0754,0,0.0,546372,0.1958,70325,0.1287,476047,0.8713,4.7605,0,0.0,324.2,None,0.0,0,0,0,0,0.0641,143446,2092911,cpu0_STLB,STLB,427622,1.0,423491,0.9903,4131,0.0097,0.0413,0,0.0,427622,423491,0.9903,4131,0.0097,0.0413,0,0.0,688.1,None,0.0,0,0,0,0,0.9903,423491,4131,5,0,0.2905,344291839,100000000,,core,1,core.1.v1.,v1,,l1d,n,l1d.n.v1.,v1,,l1i,n,l1i.n.v1.,v1,,l2c,n,l2c.n.v1.,v1,,llc,1,llc.1.v1.,v1,,memory,1,memory.1.v2.,v2,,tlbs,n,tlbs.n.v1.,v1,5,1,sierra.a.4_005_1_005.raw,5,myscript_google,sierra.a.4,0.0,0.0,/mnt/storage/traces/gtrace_v2_champsim_myscript/sierra.a.4/sierra.a.4.log,100000000,100000000,1,1,/mnt/storage/traces/gtrace_v2_champsim_myscript/sierra.a.4/sierra.a.4_0005.champsim.gz,0,0,True,
41.17,11.36,0.938,6.498,1.766,0.9804,0.5668,0.5513,0.9932,cpu0_DTLB,DTLB,27084283,1.0,26546261,0.9801,538022,0.0199,5.3802,229408,0.0085,27084283,26546261,0.9801,538022,0.0199,5.3802,229408,0.0085,9.47,None,0.0,0,0,0,0,0.9801,26546261,538022,cpu0_ITLB,ITLB,8993042,1.0,8992899,1.0,143,0.0,0.0014,70,0.0,8993042,8992899,1.0,143,0.0,0.0014,70,0.0,118.4,None,0.0,0,0,0,0,1.0,8992899,143,cpu0_L1D,L1D,16625024,0.5805,15007526,0.9027,1617498,0.0973,16.175,476225,0.0286,28636871,25205881,0.8802,3430990,0.1198,34.3099,1831251,0.0639,3489,0.0001,8,0.0023,3481,0.9977,0.0348,3,0.0009,12008358,0.4193,10198347,0.8493,1810011,0.1507,18.1001,1355023,0.1128,206.1,None,0.0,0,0,0,0,0.9027,15007526,1617498,cpu0_L1I,L1I,10853012,1.0,8575358,0.7901,2277654,0.2099,22.7765,843581,0.0777,10853012,8575358,0.7901,2277654,0.2099,22.7765,843581,0.0777,120.8,None,0.0,0,0,0,0,0.7901,8575358,2277654,cpu0_L2C,L2C,2575330,0.7023,1507681,0.5854,1067649,0.4146,10.6765,0,0.0,454960,0.1241,107573,0.2364,347387,0.7636,3.4739,0,0.0,3667076,2126730,0.58,1540346,0.42,15.4035,0,0.0,3478,0.0009,328,0.0943,3150,0.9057,0.0315,0,0.0,633308,0.1727,511148,0.8071,122160,0.1929,1.2216,0,0.0,310.9,None,0.0,0,0,0,0,0.533,1615254,1415036,LLC,LLC,1067649,0.5726,190096,0.1781,877553,0.8219,8.7755,0,0.0,347387,0.1863,9000,0.0259,338387,0.9741,3.3839,0,0.0,1864618,250570,0.1344,1614048,0.8656,16.1405,0,0.0,3150,0.0017,30,0.0095,3120,0.9905,0.0312,0,0.0,446432,0.2394,51444,0.1152,394988,0.8848,3.9499,0,0.0,284.7,None,0.0,0,0,0,0,0.1407,199096,1215940,cpu0_STLB,STLB,308687,1.0,307067,0.9948,1620,0.0052,0.0162,0,0.0,308687,307067,0.9948,1620,0.0052,0.0162,0,0.0,855.6,None,0.0,0,0,0,0,0.9948,307067,1620,71,0,0.4266,234415488,100000002,,core,1,core.1.v1.,v1,,l1d,n,l1d.n.v1.,v1,,l1i,n,l1i.n.v1.,v1,,l2c,n,l2c.n.v1.,v1,,llc,1,llc.1.v1.,v1,,memory,1,memory.1.v2.,v2,,tlbs,n,tlbs.n.v1.,v1,71,1,yankee_071_1_071.raw,71,myscript_google,yankee,0.0,0.0,/mnt/storage/traces/gtrace_v2_champsim_myscript/yankee/yankee.log,None,None,1,1,/mnt/storage/traces/gtrace_v2_champsim_myscript/yankee/yankee_0071.champsim.gz,0,0,True,
99.42,4.369,0.9766,2.72,0.1817,0.2946,0.5425,0.4478,0.1827,cpu0_DTLB,DTLB,24429001,1.0,24312060,0.9952,116941,0.0048,1.1694,49667,0.002,24429001,24312060,0.9952,116941,0.0048,1.1694,49667,0.002,47.61,None,0.0,0,0,0,0,0.9952,24312060,116941,cpu0_ITLB,ITLB,9633607,1.0,9633594,1.0,13,0.0,0.0001,3,0.0,9633607,9633594,1.0,13,0.0,0.0001,3,0.0,872.2,None,0.0,0,0,0,0,1.0,9633594,13,cpu0_L1D,L1D,15419102,0.5913,14377690,0.9325,1041412,0.0675,10.4141,428751,0.0278,26077291,23295980,0.8933,2781311,0.1067,27.8131,1773828,0.068,7713,0.0003,50,0.0065,7663,0.9935,0.0766,2,0.0003,10650476,0.4084,8918240,0.8374,1732236,0.1626,17.3224,1345075,0.1263,309.5,None,0.0,0,0,0,0,0.9325,14377690,1041412,cpu0_L1I,L1I,11443997,1.0,10303250,0.9003,1140747,0.0997,11.4075,484900,0.0424,11443997,10303250,0.9003,1140747,0.0997,11.4075,484900,0.0424,66.17,None,0.0,0,0,0,0,0.9003,10303250,1140747,cpu0_L2C,L2C,1268505,0.5865,904902,0.7134,363603,0.2866,3.636,0,0.0,387155,0.179,26598,0.0687,360557,0.9313,3.6056,0,0.0,2162944,1369054,0.633,793890,0.367,7.9389,0,0.0,7661,0.0035,1307,0.1706,6354,0.8294,0.0635,0,0.0,499623,0.231,436247,0.8732,63376,0.1268,0.6338,0,0.0,430.6,None,0.0,0,0,0,0,0.5626,931500,724160,LLC,LLC,363603,0.3133,11678,0.0321,351925,0.9679,3.5192,0,0.0,360557,0.3107,1698,0.0047,358859,0.9953,3.5886,0,0.0,1160412,28076,0.0242,1132336,0.9758,11.3234,0,0.0,6354,0.0055,53,0.0083,6301,0.9917,0.063,0,0.0,429898,0.3705,14647,0.0341,415251,0.9659,4.1525,0,0.0,294.7,None,0.0,0,0,0,0,0.0185,13376,710784,cpu0_STLB,STLB,67284,1.0,63430,0.9427,3854,0.0573,0.0385,0,0.0,67284,63430,0.9427,3854,0.0573,0.0385,0,0.0,745.0,None,0.0,0,0,0,0,0.9427,63430,3854,18,0,0.7032,142204911,100000002,,core,1,core.1.v1.,v1,,l1d,n,l1d.n.v1.,v1,,l1i,n,l1i.n.v1.,v1,,l2c,n,l2c.n.v1.,v1,,llc,1,llc.1.v1.,v1,,memory,1,memory.1.v2.,v2,,tlbs,n,tlbs.n.v1.,v1,18,1,charlie_018_1_018.raw,18,myscript_google,charlie,0.0,0.0,/mnt/storage/traces/gtrace_v2_champsim_myscript/charlie/charlie.log,100000000,100000000,1,1,/mnt/storage/traces/gtrace_v2_champsim_myscript/charlie/charlie_0018.champsim.gz,0,0,True,
64.16,6.877,0.9632,3.823,0.9867,0.6207,0.3529,0.3021,0.7917,cpu0_DTLB,DTLB,26732110,1.0,26080402,0.9756,651708,0.0244,6.5171,296968,0.0111,26732110,26080402,0.9756,651708,0.0244,6.5171,296968,0.0111,16.87,None,0.0,0,0,0,0,0.9756,26080402,651708,cpu0_ITLB,ITLB,10867627,1.0,10866040,0.9999,1587,0.0001,0.0159,1087,0.0001,10867627,10866040,0.9999,1587,0.0001,0.0159,1087,0.0001,23.38,None,0.0,0,0,0,0,0.9999,10866040,1587,cpu0_L1D,L1D,14426303,0.5068,12812830,0.8882,1613473,0.1118,16.1347,483664,0.0335,28467726,24719580,0.8683,3748146,0.1317,37.4815,2126237,0.0747,12249,0.0004,144,0.0118,12105,0.9882,0.121,136,0.0111,14029174,0.4928,11906606,0.8487,2122568,0.1513,21.2257,1642437,0.1171,234.8,None,0.0,0,0,0,0,0.8882,12812830,1613473,cpu0_L1I,L1I,12750950,1.0,9671546,0.7585,3079404,0.2415,30.794,1194447,0.0937,12750950,9671546,0.7585,3079404,0.2415,30.794,1194447,0.0937,47.4,None,0.0,0,0,0,0,0.7585,9671546,3079404,cpu0_L2C,L2C,3014750,0.7163,2337601,0.7754,677149,0.2246,6.7715,0,0.0,480111,0.1141,94175,0.1962,385936,0.8038,3.8594,0,0.0,4208673,3005962,0.7142,1202711,0.2858,12.0271,0,0.0,11969,0.0028,1906,0.1592,10063,0.8408,0.1006,0,0.0,701843,0.1668,572280,0.8154,129563,0.1846,1.2956,0,0.0,368.5,None,0.0,0,0,0,0,0.6958,2431776,1063085,LLC,LLC,677149,0.4268,73291,0.1082,603858,0.8918,6.0386,0,0.0,385936,0.2432,12850,0.0333,373086,0.9667,3.7309,0,0.0,1586757,149196,0.094,1437561,0.906,14.3756,0,0.0,10063,0.0063,213,0.0212,9850,0.9788,0.0985,0,0.0,513609,0.3237,62842,0.1224,450767,0.8776,4.5077,0,0.0,298.9,None,0.0,0,0,0,0,0.081,86141,976944,cpu0_STLB,STLB,355240,1.0,349588,0.9841,5652,0.0159,0.0565,0,0.0,355240,349588,0.9841,5652,0.0159,0.0565,0,0.0,745.4,None,0.0,0,0,0,0,0.9841,349588,5652,14,0,0.5121,195283498,100000001,,core,1,core.1.v1.,v1,,l1d,n,l1d.n.v1.,v1,,l1i,n,l1i.n.v1.,v1,,l2c,n,l2c.n.v1.,v1,,llc,1,llc.1.v1.,v1,,memory,1,memory.1.v2.,v2,,tlbs,n,tlbs.n.v1.,v1,14,1,tango_014_1_014.raw,14,myscript_google,tango,0.0,0.0,/mnt/storage/traces/gtrace_v2_champsim_myscript/tango/tango.log,100000000,100000000,1,1,/mnt/storage/traces/gtrace_v2_champsim_myscript/tango/tango_0014.champsim.gz,0,0,True,
47.01,9.334,0.9501,5.157,1.155,0.9512,0.4381,0.5378,1.094,cpu0_DTLB,DTLB,27214686,1.0,26648888,0.9792,565798,0.0208,5.658,238732,0.0088,27214686,26648888,0.9792,565798,0.0208,5.658,238732,0.0088,16.27,None,0.0,0,0,0,0,0.9792,26648888,565798,cpu0_ITLB,ITLB,10298467,1.0,10298230,1.0,237,0.0,0.0024,49,0.0,10298467,10298230,1.0,237,0.0,0.0024,49,0.0,220.4,None,0.0,0,0,0,0,1.0,10298230,237,cpu0_L1D,L1D,16906833,0.5818,15215825,0.9,1691008,0.1,16.9101,488432,0.0289,29060982,26001736,0.8947,3059246,0.1053,30.5925,1485208,0.0511,10229,0.0004,105,0.0103,10124,0.9897,0.1012,14,0.0014,12143920,0.4179,10785806,0.8882,1358114,0.1118,13.5811,996762,0.0821,190.7,None,0.0,0,0,0,0,0.9,15215825,1691008,cpu0_L1I,L1I,12300224,1.0,9366881,0.7615,2933343,0.2385,29.3334,1059811,0.0862,12300224,9366881,0.7615,2933343,0.2385,29.3334,1059811,0.0862,69.31,None,0.0,0,0,0,0,0.7615,9366881,2933343,cpu0_L2C,L2C,3076072,0.7677,2132464,0.6932,943608,0.3068,9.4361,0,0.0,361332,0.0902,84415,0.2336,276917,0.7664,2.7692,0,0.0,4006915,2671429,0.6667,1335486,0.3333,13.3549,0,0.0,10110,0.0025,1552,0.1535,8558,0.8465,0.0856,0,0.0,559401,0.1396,452998,0.8098,106403,0.1902,1.064,0,0.0,302.0,None,0.0,0,0,0,0,0.6449,2216879,1220525,LLC,LLC,943608,0.5867,96545,0.1023,847063,0.8977,8.4706,0,0.0,276917,0.1722,11209,0.0405,265708,0.9595,2.6571,0,0.0,1608273,164036,0.102,1444237,0.898,14.4424,0,0.0,8558,0.0053,169,0.0197,8389,0.9803,0.0839,0,0.0,379190,0.2358,56113,0.148,323077,0.852,3.2308,0,0.0,267.4,None,0.0,0,0,0,0,0.0883,107754,1112771,cpu0_STLB,STLB,327254,1.0,322685,0.986,4569,0.014,0.0457,0,0.0,327254,322685,0.986,4569,0.014,0.0457,0,0.0,814.4,None,0.0,0,0,0,0,0.986,322685,4569,2,0,0.4521,221210625,100000000,,core,1,core.1.v1.,v1,,l1d,n,l1d.n.v1.,v1,,l1i,n,l1i.n.v1.,v1,,l2c,n,l2c.n.v1.,v1,,llc,1,llc.1.v1.,v1,,memory,1,memory.1.v2.,v2,,tlbs,n,tlbs.n.v1.,v1,2,1,tahoe_002_1_002.raw,2,myscript_google,tahoe,0.0,0.0,/mnt/storage/traces/gtrace_v2_champsim_myscript/tahoe/tahoe.log,100000000,100000000,1,1,/mnt/storage/traces/gtrace_v2_champsim_myscript/tahoe/tahoe_0002.champsim.gz,0,0,True,
